Account ID,Username,Platform,Follower Count,Posts Per Week,Engagement Rate,Ad Spend (USD),Conversion Rate,Campaign Reach
1.0,harrislisa,TikTok,54217.0,3.0,0.0986,538.1,0.049,1308.0
2.0,rhicks,LinkedIn,987518.0,5.0,0.0834,479.24,0.0174,13302.0
3.0,qthomas,Facebook,218870.0,3.0,0.102,150.36,0.0318,11043.0
4.0,carlosholt,Instagram,207432.0,6.0,0.0834,932.62,0.04,12074.0
5.0,parsonsashley,Facebook,350204.0,2.0,0.0642,504.44,0.0463,14083.0
6.0,nicole57,Facebook,547069.0,,0.0834,804.4,,26129.0
7.0,tammy32,Twitter,267622.0,7.0,0.0856,884.06,0.0196,1461.0
8.0,stephaniehouse,TikTok,870279.0,2.0,0.0642,376.75,0.0105,12523.0
9.0,andrewgregory,TikTok,40872.0,1.0,0.0834,352.48,0.0278,29048.0
10.0,amanda20,Facebook,591103.0,2.0,0.102,907.34,0.0443,8437.0
11.0,qhood,TikTok,511595.0,,0.0642,610.44,0.0116,45067.0
12.0,tprice,,827728.0,6.0,0.0642,858.82,0.0342,29938.0
13.0,robertpalmer,Instagram,637204.0,,0.0642,924.61,0.0143,38384.0
14.0,gilbertdavid,Twitter,866806.0,2.0,0.0642,757.24,0.0423,37502.0
15.0,gsharp,,148081.0,3.0,0.0856,98.99,0.0118,25808.0
16.0,katieking,,,3.0,0.0834,887.03,0.0249,7280.0
17.0,michaelgonzales,Twitter,412047.0,1.0,0.0642,869.5,0.0155,1453.0
18.0,jeff87,Facebook,988072.0,6.0,0.102,997.04,0.0412,3879.0
19.0,lrusso,Instagram,396431.0,3.0,0.0856,222.59,0.0193,15123.0
20.0,yvettepotts,TikTok,653790.0,1.0,0.0642,129.94,0.0413,12944.0
21.0,mcculloughedward,Facebook,768753.0,5.0,0.102,741.67,0.0105,5073.0
22.0,destinymartinez,Facebook,,1.0,0.0856,423.76,0.044,20004.0
23.0,carlosholt,TikTok,693593.0,5.0,0.102,779.45,0.0208,4053.0
24.0,sancheztroy,TikTok,680719.0,5.0,0.102,794.46,0.0261,42691.0
25.0,cassandramiles,Facebook,825951.0,2.0,0.0856,317.31,0.0427,42518.0
26.0,brian06,Facebook,480900.0,7.0,0.0986,357.45,0.0412,49640.0
27.0,kwashington,TikTok,361099.0,4.0,0.0986,968.85,0.0239,48006.0
28.0,hevans,Facebook,941481.0,4.0,0.0642,780.56,0.0283,21873.0
29.0,qramos,Twitter,8146.0,4.0,0.0856,143.89,0.0245,26481.0
30.0,ctorres,Facebook,,5.0,0.0856,741.79,0.0432,8841.0
31.0,pamelagonzalez,Facebook,106222.0,2.0,0.0834,,0.0262,24586.0
32.0,davisjose,LinkedIn,,1.0,0.0856,872.61,0.0493,
33.0,ctorres,TikTok,126614.0,4.0,0.0642,301.92,0.0117,16710.0
34.0,palmerjeffrey,Twitter,768799.0,3.0,0.0834,578.63,0.0133,36091.0
35.0,vgriffith,Twitter,938465.0,3.0,0.0834,422.04,0.0418,7719.0
36.0,hardyjames,Twitter,803181.0,5.0,0.0986,798.96,0.0357,48056.0
37.0,nicolegalloway,Twitter,861883.0,3.0,0.0834,894.32,0.0496,41776.0
38.0,lisa14,TikTok,588597.0,6.0,0.0856,932.62,0.038,27980.0
39.0,gacosta,LinkedIn,863013.0,6.0,0.0834,287.9,0.0298,38547.0
40.0,lori07,Instagram,,3.0,0.0834,278.42,0.0202,7876.0
41.0,ipreston,Instagram,203880.0,1.0,0.0834,244.21,0.0492,2885.0
42.0,dmiller,Instagram,841408.0,1.0,0.0986,224.07,0.0245,16849.0
43.0,,Facebook,861745.0,1.0,0.0986,,0.0416,28711.0
44.0,larry14,,792801.0,2.0,0.0642,54.61,0.0165,3418.0
45.0,kevingarcia,Facebook,336649.0,3.0,0.0856,742.79,0.0307,31216.0
46.0,laura55,Instagram,109261.0,6.0,,546.44,0.0419,22974.0
47.0,michellemcdaniel,,978420.0,5.0,,94.05,0.0302,6341.0
48.0,,LinkedIn,,6.0,0.0642,868.22,0.0216,32574.0
49.0,racheldodson,Twitter,338103.0,5.0,0.0642,162.02,0.0133,41395.0
50.0,brady22,Instagram,26474.0,1.0,0.0856,771.95,0.0237,46602.0
51.0,hbrooks,Instagram,636805.0,5.0,0.0834,139.18,0.0385,42138.0
,vincentwang,TikTok,304270.0,2.0,0.0834,135.73,0.0423,15528.0
53.0,,LinkedIn,870866.0,3.0,0.0834,,0.0104,35612.0
54.0,elizabeth86,Facebook,179124.0,1.0,0.0642,557.81,0.0178,18973.0
55.0,lisa14,TikTok,271022.0,3.0,,851.98,0.0354,22596.0
56.0,jonesaustin,Twitter,572419.0,4.0,0.0642,966.47,0.0369,39144.0
57.0,beth19,TikTok,206004.0,7.0,0.0856,570.51,0.0448,18786.0
58.0,julianfisher,Facebook,224019.0,7.0,0.0642,519.52,0.0115,15713.0
59.0,kstewart,TikTok,589034.0,5.0,0.102,516.15,0.0143,
60.0,jaimeedwards,Instagram,521857.0,6.0,0.102,902.41,0.0328,46702.0
61.0,ashleycooper,Instagram,647277.0,1.0,0.0834,396.53,0.0192,3354.0
62.0,tristanpearson,Twitter,625432.0,3.0,0.0856,514.6,0.0397,5100.0
,oprice,Twitter,417945.0,,0.0986,383.32,0.0358,26750.0
64.0,mhart,LinkedIn,81376.0,5.0,0.0856,649.02,0.0113,2427.0
65.0,smurray,Facebook,163109.0,5.0,0.0986,841.85,0.0112,48337.0
66.0,riverakevin,Instagram,193830.0,1.0,0.0986,488.49,0.0395,25114.0
67.0,julianfisher,Instagram,174959.0,1.0,0.0642,139.63,0.0328,35257.0
68.0,lisa32,Facebook,20239.0,5.0,0.0642,630.77,0.0154,17113.0
69.0,timothynavarro,Twitter,973806.0,4.0,0.0834,973.57,0.012,16840.0
70.0,lori07,TikTok,906762.0,6.0,0.0642,233.99,0.0189,48861.0
71.0,,Instagram,54991.0,1.0,0.0642,379.97,0.0297,5513.0
72.0,toneill,,644118.0,7.0,0.0642,382.74,0.0307,9407.0
,allen72,LinkedIn,595994.0,6.0,0.102,933.92,0.0381,42791.0
74.0,kathymacias,Instagram,107881.0,,0.0856,888.13,0.0286,
75.0,james60,Instagram,493602.0,2.0,0.0856,276.36,0.0283,6020.0
76.0,nolancorey,Facebook,210960.0,4.0,0.0642,81.51,0.0293,28986.0
77.0,carlosrivera,Facebook,13228.0,7.0,0.0986,,0.046,42386.0
78.0,,Instagram,410903.0,6.0,0.0856,457.25,0.0385,21955.0
79.0,ashley37,Instagram,677499.0,5.0,0.0642,651.28,0.0464,35055.0
80.0,kevin80,,685323.0,3.0,0.0986,913.44,0.0275,7410.0
81.0,jilliannielsen,Instagram,753260.0,2.0,0.0856,277.98,0.0334,6331.0
82.0,shermanjoshua,Facebook,199035.0,6.0,0.0986,703.39,0.045,45607.0
83.0,vdavila,Instagram,915675.0,5.0,0.0986,882.09,0.0342,
84.0,leemorales,Instagram,,7.0,0.0834,966.01,0.0493,26025.0
85.0,jonathanjones,,122372.0,7.0,0.0642,894.32,0.0201,25945.0
86.0,anthonyanderson,LinkedIn,577623.0,4.0,0.0986,190.5,0.0139,5919.0
87.0,holmesjohn,LinkedIn,6876.0,1.0,0.0856,522.77,,2242.0
88.0,bobbystrickland,LinkedIn,944581.0,3.0,0.0856,283.03,0.0315,16888.0
89.0,jeffrey25,LinkedIn,567055.0,1.0,0.0642,117.05,0.0365,23557.0
90.0,cynthia04,Facebook,469429.0,1.0,0.0834,903.99,0.0106,44375.0
91.0,thomassherri,LinkedIn,760780.0,,0.0834,540.02,0.0215,43906.0
92.0,eryan,Instagram,531919.0,6.0,0.0986,177.32,0.0361,21099.0
93.0,shanejohnson,Twitter,,4.0,0.0856,307.41,0.0145,3830.0
94.0,benjamingutierrez,Instagram,859655.0,3.0,0.0642,222.59,0.0208,14641.0
95.0,marquezedward,Twitter,487293.0,1.0,0.102,852.45,0.031,32055.0
96.0,tjohnson,Twitter,697093.0,3.0,0.102,880.42,0.0119,10233.0
,john57,Twitter,400038.0,7.0,0.0834,973.44,0.0318,7021.0
98.0,nicolegalloway,TikTok,346519.0,4.0,0.0834,596.41,0.04,49519.0
99.0,jjones,Twitter,171759.0,3.0,0.0834,946.08,,30491.0
100.0,smithedward,Twitter,,6.0,0.102,952.28,0.0409,26759.0
101.0,michellemcdaniel,TikTok,372070.0,3.0,0.102,62.71,0.0147,31131.0
102.0,erodriguez,Twitter,575006.0,5.0,0.0834,992.22,0.0373,36574.0
103.0,robinsonlindsey,Facebook,95233.0,5.0,0.0986,262.66,0.0102,8039.0
104.0,ubecker,Instagram,650881.0,6.0,0.0856,222.59,0.0128,17980.0
105.0,trobinson,Facebook,750736.0,1.0,0.0986,735.9,0.0354,46860.0
106.0,trobinson,Twitter,567322.0,2.0,0.0834,169.32,0.0415,2468.0
107.0,smithkristin,,650362.0,6.0,0.0834,253.21,,26080.0
108.0,ugrant,Twitter,215690.0,6.0,0.0986,338.05,0.0349,41263.0
109.0,michaelflores,Twitter,58821.0,6.0,0.0856,973.57,0.0416,2851.0
110.0,joandyer,TikTok,929931.0,2.0,0.102,993.19,0.0172,31368.0
111.0,elizabethelliott,LinkedIn,329853.0,4.0,0.0834,694.28,0.0188,22695.0
112.0,emily58,TikTok,178412.0,4.0,0.0642,715.11,0.035,37391.0
113.0,sthompson,Facebook,88284.0,2.0,0.0986,596.52,0.0298,2173.0
114.0,charleswilliams,Instagram,237336.0,3.0,0.0642,602.6,0.0105,19913.0
115.0,dmiller,TikTok,83982.0,7.0,0.0856,283.03,0.023,1515.0
116.0,fduffy,Facebook,758261.0,7.0,0.0856,189.36,,25804.0
117.0,sharris,TikTok,730810.0,4.0,0.0834,370.17,0.0159,7351.0
118.0,,Twitter,897241.0,1.0,0.0986,310.36,0.0471,
119.0,adunn,Instagram,354687.0,6.0,0.0834,926.97,0.0307,6325.0
120.0,,TikTok,163651.0,7.0,0.0986,252.29,0.0453,5736.0
121.0,reidkristine,TikTok,632857.0,6.0,0.102,780.56,0.0248,5060.0
122.0,kathleenmason,LinkedIn,959601.0,7.0,0.0986,958.39,0.0439,5226.0
123.0,gmeyer,Facebook,,5.0,0.0642,323.15,0.0171,46212.0
124.0,owensnatalie,TikTok,945242.0,6.0,0.0834,398.1,0.0282,17878.0
125.0,fmolina,Instagram,371274.0,7.0,0.0986,841.85,0.0137,43349.0
126.0,bberry,Twitter,197710.0,4.0,0.0856,485.02,0.0108,34466.0
127.0,chavezcourtney,Instagram,277076.0,7.0,0.0642,432.08,0.0456,21374.0
128.0,angelarose,Twitter,368934.0,1.0,0.0834,261.62,0.0483,39561.0
129.0,nblake,Facebook,775511.0,3.0,0.0986,473.57,0.0432,26720.0
130.0,gsharp,Facebook,33312.0,3.0,0.102,485.02,0.0186,18243.0
131.0,julianfisher,Instagram,772672.0,3.0,0.102,514.07,0.0479,28632.0
132.0,robinsonmark,Twitter,552070.0,6.0,0.0986,966.47,0.0354,23441.0
133.0,trobinson,Facebook,221476.0,5.0,0.0986,947.76,0.0281,4356.0
,hevans,Twitter,903942.0,5.0,0.0856,727.33,0.0193,40336.0
135.0,mckenzieadam,Instagram,933563.0,5.0,0.0834,630.21,0.0421,39088.0
136.0,aflores,Instagram,557762.0,3.0,0.0986,214.12,0.0178,17615.0
137.0,michaellopez,TikTok,204527.0,6.0,0.0856,452.19,0.0272,19725.0
138.0,bpham,,975273.0,6.0,0.102,649.02,0.0182,
139.0,jenniferwaller,TikTok,630147.0,5.0,0.102,797.64,0.0103,
140.0,hellis,LinkedIn,518385.0,6.0,0.0834,858.44,0.0401,48129.0
141.0,yrodriguez,TikTok,267011.0,5.0,0.0642,914.72,0.0245,24771.0
142.0,,LinkedIn,446069.0,1.0,0.0642,510.99,0.0255,26275.0
143.0,ybrock,Facebook,448733.0,5.0,0.0834,97.1,0.0466,12173.0
144.0,erikthomas,Twitter,407324.0,3.0,0.0986,,0.0444,42521.0
145.0,browndarryl,Twitter,951388.0,6.0,0.0642,696.43,0.0139,47990.0
146.0,ulandry,TikTok,494885.0,3.0,0.102,913.44,0.0205,49576.0
147.0,qcannon,,342158.0,5.0,0.0986,147.17,0.0251,2796.0
148.0,victoria86,Facebook,40250.0,5.0,0.102,327.81,0.0216,10315.0
149.0,claudiaferrell,Twitter,593696.0,3.0,0.0834,217.73,0.0493,25760.0
150.0,davistammy,TikTok,250584.0,3.0,0.102,133.64,0.0318,14548.0
151.0,tyler31,TikTok,426663.0,6.0,0.0856,274.72,0.0398,41345.0
152.0,,Instagram,379585.0,4.0,0.0986,236.48,0.0371,27535.0
153.0,nicole57,Instagram,729414.0,3.0,0.0986,877.89,0.0238,3796.0
154.0,gregory84,Facebook,17821.0,4.0,0.0986,789.28,0.0372,29734.0
155.0,ireyes,LinkedIn,416425.0,4.0,0.102,869.07,0.0145,34247.0
156.0,krystal64,Twitter,502866.0,7.0,0.0986,719.56,0.0105,34880.0
157.0,colemanbrooke,Twitter,298600.0,7.0,0.0856,,0.0427,2119.0
158.0,fwalker,Facebook,388576.0,6.0,0.0642,283.03,0.0392,10800.0
159.0,samanthajohnson,LinkedIn,516975.0,3.0,0.0642,432.65,0.0243,42117.0
160.0,caitlin54,Facebook,194157.0,5.0,0.0856,376.93,0.0186,4123.0
161.0,nolancorey,Facebook,470687.0,4.0,0.0834,536.5,0.0128,
162.0,john77,LinkedIn,81219.0,5.0,0.0986,262.66,0.0108,
163.0,rebekah51,LinkedIn,65092.0,7.0,0.102,876.46,0.0208,31598.0
164.0,thomassherri,Facebook,543409.0,3.0,0.0834,539.69,0.0166,6402.0
165.0,gutierreznicholas,TikTok,,7.0,0.0834,,0.0262,32118.0
166.0,tinajones,Instagram,73272.0,3.0,,452.91,0.0318,10241.0
167.0,ycole,Twitter,199621.0,7.0,0.0856,496.72,0.0262,26063.0
168.0,cooklinda,Twitter,770764.0,5.0,0.0642,840.87,0.0113,1920.0
169.0,carlosrivera,LinkedIn,502948.0,6.0,0.0856,405.98,0.0247,35690.0
170.0,graymelinda,Twitter,475258.0,7.0,0.0834,894.32,0.0443,38430.0
,deandawn,,557341.0,4.0,0.0642,683.21,0.0175,45928.0
172.0,hernandezvanessa,Twitter,544313.0,5.0,0.102,847.14,,42029.0
,xshort,Facebook,913122.0,3.0,0.0856,893.56,0.0429,31810.0
174.0,palmerjeffrey,TikTok,971217.0,5.0,0.0856,899.04,0.0287,42862.0
175.0,snicholson,Instagram,604800.0,5.0,0.0834,356.29,0.0283,22920.0
176.0,ashleyzuniga,Instagram,596094.0,6.0,0.0642,975.52,0.0288,3997.0
177.0,lisabarber,Instagram,572735.0,5.0,0.0856,677.17,0.0478,49947.0
178.0,danielharper,Instagram,624611.0,7.0,0.102,99.67,0.0186,33974.0
179.0,davisjose,Twitter,250150.0,3.0,0.0834,685.4,,43774.0
180.0,brittney04,LinkedIn,,1.0,0.102,103.1,0.0397,8240.0
181.0,fshaw,TikTok,345342.0,6.0,0.0834,298.05,0.0105,30988.0
182.0,hardyalexander,TikTok,213900.0,6.0,0.0834,748.78,0.0314,22660.0
183.0,adam63,LinkedIn,731406.0,3.0,0.0642,647.76,0.0286,33065.0
184.0,jay23,Instagram,5171.0,6.0,0.0834,548.59,0.0108,2979.0
185.0,flowerschristine,TikTok,107068.0,2.0,0.102,537.38,0.0489,
186.0,muellerolivia,TikTok,647379.0,6.0,0.0986,836.59,0.0409,10538.0
187.0,xroberts,Facebook,351443.0,6.0,0.0986,285.16,0.0181,37625.0
188.0,henrydominique,Facebook,45224.0,1.0,0.0856,539.69,0.0186,11396.0
189.0,bradleyfox,Instagram,,1.0,0.0856,224.07,0.0119,40384.0
190.0,grayrachel,Instagram,262058.0,1.0,0.0834,395.39,0.0354,25985.0
191.0,ujones,LinkedIn,785527.0,2.0,0.102,441.13,0.0389,23393.0
,bclark,TikTok,606644.0,2.0,0.0986,129.24,0.0238,8356.0
193.0,robertsanders,Twitter,71024.0,4.0,0.102,695.81,0.0218,41954.0
194.0,bprice,TikTok,940065.0,5.0,0.0834,742.16,0.048,31982.0
195.0,meghan87,TikTok,150329.0,1.0,0.0642,307.41,0.0167,14106.0
196.0,nponce,TikTok,402485.0,3.0,0.0856,802.17,0.0477,19892.0
197.0,montgomeryjaime,Twitter,764232.0,,0.0856,594.15,0.0363,45078.0
198.0,michael40,Twitter,754964.0,5.0,0.0642,985.34,0.0241,33615.0
199.0,medinanatalie,Facebook,543023.0,6.0,0.0986,710.67,0.0385,10045.0
200.0,daltonmichael,Instagram,693011.0,1.0,0.0986,195.91,0.023,43750.0
201.0,jennifer98,Facebook,145171.0,7.0,0.0856,521.96,0.0263,4284.0
202.0,plindsey,Instagram,815150.0,2.0,0.0834,693.78,0.046,14963.0
203.0,uclark,Instagram,734348.0,5.0,0.0986,335.78,0.0499,1088.0
204.0,anthonywilliams,Facebook,335067.0,6.0,0.0642,506.57,0.0105,40981.0
205.0,kristinemalone,Facebook,801977.0,1.0,0.0834,511.43,0.048,38011.0
206.0,kevin80,Instagram,,,0.0986,376.93,,33009.0
207.0,smithedward,TikTok,598481.0,4.0,0.0856,713.9,0.0416,2292.0
208.0,michelle11,Facebook,794085.0,1.0,0.0834,602.44,0.0166,7682.0
209.0,ybrock,Twitter,604322.0,3.0,0.0834,117.05,0.0278,28073.0
210.0,sophia02,Instagram,528324.0,3.0,0.0642,991.96,0.024,13915.0
,ggonzalez,TikTok,889267.0,2.0,0.0834,139.63,0.0494,7764.0
212.0,,TikTok,41077.0,5.0,0.102,797.64,,16563.0
213.0,lisa91,TikTok,430258.0,6.0,0.0856,808.23,0.0429,1796.0
,michellemcdaniel,TikTok,272060.0,5.0,0.0642,610.44,0.0114,2452.0
215.0,sbyrd,Twitter,10395.0,3.0,0.0834,926.97,0.0421,2146.0
216.0,lisa14,Instagram,854968.0,6.0,0.0642,340.68,0.0161,31251.0
217.0,belinda51,,653937.0,1.0,0.0856,804.4,,28682.0
218.0,davisjose,Instagram,436372.0,7.0,0.102,973.57,0.0487,
219.0,hawkinskelly,Facebook,304576.0,5.0,0.0834,951.65,0.0393,25744.0
220.0,ulandry,TikTok,742078.0,5.0,0.0642,690.0,0.0375,6064.0
221.0,elaine15,LinkedIn,576425.0,1.0,0.102,754.41,0.0237,35128.0
222.0,zjones,TikTok,546013.0,6.0,0.0986,915.43,0.0164,
,morgan06,Instagram,574401.0,3.0,0.102,206.84,0.0328,1132.0
,patrick36,LinkedIn,781153.0,6.0,0.0642,508.6,,24014.0
225.0,robert31,Facebook,484944.0,6.0,0.0834,822.81,0.0439,15148.0
226.0,nelsonalfred,LinkedIn,893363.0,3.0,0.0834,440.37,0.0272,9399.0
227.0,johnwilkinson,TikTok,,6.0,0.0834,669.64,0.0334,28327.0
228.0,smithtimothy,Twitter,529600.0,1.0,0.0834,969.09,0.0464,35100.0
229.0,michael16,Facebook,12415.0,5.0,0.0986,510.8,0.0293,26491.0
230.0,mariahbell,TikTok,4479.0,,0.0986,,0.0337,3132.0
231.0,tylermartin,Facebook,,5.0,0.0986,321.64,0.02,11524.0
232.0,rachelgutierrez,Facebook,829170.0,,0.102,614.04,0.0318,24964.0
233.0,,Twitter,517649.0,6.0,0.102,515.08,0.0344,45631.0
234.0,dixonjulie,Twitter,579652.0,3.0,0.0834,826.95,0.0192,17730.0
235.0,martinerica,TikTok,954296.0,6.0,0.102,,0.0474,11269.0
236.0,vmorales,LinkedIn,602486.0,2.0,,500.37,0.0329,5842.0
237.0,joshuabailey,Instagram,633296.0,4.0,0.102,225.29,0.0118,37236.0
,colestevens,LinkedIn,101171.0,3.0,0.0642,867.62,0.044,1343.0
239.0,lewisjessica,Instagram,854960.0,5.0,0.102,129.24,0.032,7634.0
240.0,vbrady,TikTok,487245.0,4.0,0.0856,279.32,0.0186,6922.0
,mcdonaldnancy,,929908.0,1.0,0.0986,233.02,0.0454,46752.0
242.0,thammond,Facebook,294197.0,1.0,0.102,817.67,0.0314,16620.0
243.0,jeffreysalazar,Facebook,766465.0,7.0,0.0642,787.03,0.0195,21446.0
244.0,boothjacob,Facebook,798236.0,5.0,0.0986,775.38,,5520.0
245.0,matthew17,,585264.0,4.0,0.0642,456.74,0.0136,24312.0
246.0,thomasortega,Twitter,808429.0,1.0,0.0856,98.2,0.0436,33137.0
247.0,hardyalexander,Instagram,991515.0,1.0,0.0856,370.12,0.0456,
248.0,michaelperez,Instagram,632264.0,1.0,0.102,386.33,0.0202,35359.0
249.0,turnerchristopher,LinkedIn,394352.0,5.0,0.102,938.02,0.0357,37401.0
250.0,revans,Instagram,845512.0,6.0,0.102,143.89,0.0186,19225.0
251.0,dgarza,Facebook,234445.0,4.0,0.0642,563.74,0.0452,37263.0
252.0,christianamy,LinkedIn,922723.0,6.0,0.0834,443.29,0.0423,43521.0
253.0,fowlermichael,Twitter,767918.0,4.0,0.0856,298.95,0.0119,21790.0
254.0,keithkeith,Twitter,241032.0,2.0,0.0986,335.78,0.0261,23711.0
255.0,jonathanherman,LinkedIn,124285.0,5.0,0.102,682.47,0.0221,28107.0
256.0,fduffy,LinkedIn,361244.0,,0.0834,361.46,0.0264,5927.0
257.0,hellis,TikTok,234063.0,4.0,0.0642,81.51,0.0497,2772.0
258.0,lesliepennington,Twitter,446644.0,,0.0986,435.65,0.0115,22658.0
259.0,julie05,Facebook,626811.0,,0.0642,99.67,0.0364,26699.0
260.0,kaitlynvalentine,Instagram,853558.0,5.0,0.0834,,0.0225,12896.0
261.0,alyssa15,TikTok,300547.0,1.0,0.0642,153.65,0.0123,20475.0
262.0,ellenmitchell,Facebook,627045.0,6.0,0.0642,122.95,0.0223,48059.0
263.0,simmonscarrie,Facebook,215970.0,1.0,,51.95,0.0128,9033.0
264.0,eriknelson,Instagram,796838.0,3.0,0.102,596.52,0.0365,48992.0
265.0,francessullivan,Instagram,108153.0,7.0,0.102,892.6,0.0245,44313.0
266.0,davidsmith,TikTok,723665.0,5.0,0.0856,228.19,0.0418,45663.0
267.0,danielanderson,TikTok,983458.0,5.0,0.0642,584.37,0.0284,29396.0
268.0,yrodriguez,Twitter,991970.0,4.0,0.0986,584.95,0.0143,32529.0
269.0,ireyes,Facebook,986829.0,1.0,0.0642,858.82,0.0439,37566.0
270.0,adamjohnson,Facebook,902245.0,7.0,0.0642,413.32,0.0274,12529.0
271.0,hamiltonjessica,Facebook,575689.0,5.0,0.0986,53.54,0.0193,40692.0
272.0,herbertallen,Twitter,749785.0,7.0,0.102,903.94,0.0117,17276.0
273.0,jbonilla,TikTok,320413.0,4.0,0.0834,400.61,0.0245,39316.0
274.0,stephen63,TikTok,950724.0,7.0,0.0856,556.13,0.0223,42990.0
275.0,ryan99,Twitter,81086.0,3.0,0.0834,367.56,0.024,18581.0
276.0,sharondillon,Twitter,99943.0,1.0,0.0986,375.55,0.011,4181.0
277.0,ntodd,LinkedIn,908448.0,3.0,0.0834,907.05,0.0342,36260.0
278.0,amberhanson,Instagram,538566.0,3.0,0.0986,385.8,0.0471,30895.0
279.0,jason52,,98929.0,2.0,0.0986,992.22,0.0161,7837.0
280.0,wmaxwell,Twitter,326440.0,3.0,0.0642,286.58,0.0275,13011.0
281.0,,Facebook,927638.0,5.0,0.0642,397.29,0.0364,29210.0
282.0,kristinemalone,LinkedIn,826398.0,1.0,0.102,214.78,0.0397,28754.0
283.0,aramos,Twitter,253351.0,1.0,0.0986,682.58,0.0227,39871.0
284.0,gtorres,Twitter,264193.0,2.0,0.0834,694.28,0.0276,31196.0
285.0,robertmorris,TikTok,702687.0,1.0,0.0856,276.36,0.05,2250.0
286.0,jade86,LinkedIn,786413.0,1.0,0.0986,643.4,0.0384,38738.0
287.0,vanessa81,Instagram,891869.0,3.0,0.0856,852.45,0.0381,10116.0
288.0,thomasortega,,,2.0,0.0856,924.61,0.0496,1889.0
289.0,claudiaferrell,Instagram,300664.0,2.0,0.0856,160.86,0.0379,14442.0
290.0,ntodd,Twitter,143737.0,1.0,0.0834,264.48,0.0306,1532.0
291.0,pbrooks,TikTok,167473.0,1.0,0.0834,982.66,0.0267,27859.0
292.0,johnsongregory,Twitter,,5.0,0.0642,182.75,0.0167,22882.0
293.0,ronnieperry,Twitter,526238.0,1.0,0.0986,969.88,0.0448,11029.0
294.0,jbonilla,Facebook,552286.0,5.0,0.0642,262.66,0.0114,33363.0
295.0,jefferygarcia,Instagram,517478.0,6.0,0.0986,429.01,0.0326,44139.0
296.0,gmcintosh,Twitter,667504.0,4.0,0.0986,,0.0163,5542.0
297.0,mcurtis,TikTok,,2.0,0.102,452.19,0.0175,6764.0
298.0,roger15,Instagram,544284.0,7.0,0.0834,986.41,0.0451,48280.0
299.0,tonyaevans,TikTok,968739.0,4.0,0.0834,105.12,0.0175,18437.0
300.0,sparker,Facebook,147468.0,4.0,0.0834,611.1,0.0163,11168.0
301.0,courtneysanchez,Facebook,256472.0,1.0,0.102,602.23,,41123.0
302.0,karen03,TikTok,705478.0,1.0,,640.55,0.0459,25935.0
303.0,mfreeman,Twitter,335351.0,5.0,0.0834,612.83,0.0116,1325.0
304.0,simmonscarrie,Twitter,479132.0,4.0,0.0986,928.25,0.0101,6847.0
,martinjoseph,LinkedIn,479578.0,2.0,0.0986,600.01,0.04,33066.0
306.0,tmcdaniel,Instagram,573087.0,5.0,0.102,287.9,0.0497,5342.0
307.0,smack,Twitter,898342.0,3.0,0.0834,110.12,0.0279,
,blackwellandrew,Twitter,768690.0,,0.0856,667.05,0.0341,19054.0
309.0,valdezjessica,Facebook,791365.0,2.0,0.0642,572.3,0.0466,40351.0
310.0,james82,TikTok,113083.0,7.0,,926.61,0.0109,24693.0
311.0,marcoporter,Twitter,27952.0,,0.102,238.51,0.0205,46128.0
312.0,sierrajohnson,LinkedIn,506427.0,6.0,0.0986,980.69,0.0192,15748.0
313.0,hawkinskelly,TikTok,,4.0,0.0986,82.92,0.0265,20731.0
314.0,jeremiah03,TikTok,32778.0,3.0,0.0986,840.87,0.0464,35820.0
315.0,chavezcourtney,LinkedIn,358254.0,1.0,0.0834,286.17,0.0413,45280.0
316.0,,Facebook,874277.0,2.0,0.102,421.56,0.0261,13450.0
317.0,laurendurham,Twitter,40397.0,7.0,0.102,275.71,,11665.0
318.0,john77,Instagram,127420.0,1.0,0.0642,182.75,0.0249,30411.0
319.0,wwatson,Twitter,4866.0,3.0,0.0856,800.44,0.0192,36776.0
320.0,andersonjuan,Facebook,504872.0,5.0,0.0986,755.58,0.0392,38483.0
321.0,lopezsusan,Twitter,289406.0,4.0,0.0856,337.84,0.0222,
322.0,vvega,Facebook,216240.0,7.0,0.0856,845.29,0.0344,7655.0
323.0,mccoykaren,Twitter,638159.0,2.0,0.0834,955.42,0.0393,47699.0
324.0,fduffy,LinkedIn,981789.0,1.0,0.0642,827.71,0.011,49544.0
325.0,hughesmatthew,Facebook,65882.0,4.0,0.0986,308.89,0.0261,
326.0,qthomas,TikTok,884469.0,3.0,0.0986,375.89,0.016,28928.0
327.0,ihernandez,TikTok,61731.0,3.0,0.0834,238.74,0.0343,18044.0
328.0,joshua92,Facebook,886561.0,5.0,0.0986,612.01,0.0226,3032.0
329.0,patriciamorse,TikTok,998321.0,1.0,0.102,741.79,0.0192,7658.0
330.0,jasonrichard,LinkedIn,439692.0,5.0,0.0834,276.88,0.0283,7636.0
331.0,paulprice,Twitter,642672.0,3.0,0.0834,742.39,0.0448,31131.0
332.0,smithdanielle,Instagram,376201.0,5.0,0.0986,352.46,0.0194,5906.0
333.0,olopez,Facebook,896570.0,6.0,0.0986,363.0,0.0293,
334.0,wsmith,Facebook,541831.0,1.0,0.102,253.21,0.0283,30504.0
335.0,simoncarolyn,Twitter,327158.0,4.0,0.0834,582.66,0.0459,5414.0
336.0,asimon,TikTok,703087.0,6.0,0.0856,500.37,,14263.0
337.0,gacosta,Facebook,858568.0,4.0,0.0986,656.5,0.0488,28504.0
338.0,hughesmatthew,Twitter,953127.0,,0.0834,714.36,0.0478,12213.0
339.0,cynthia50,LinkedIn,170925.0,6.0,0.0986,834.49,0.0466,7919.0
340.0,gonzalezjulie,Instagram,236558.0,5.0,,148.83,0.0284,34474.0
341.0,paul43,Instagram,895618.0,3.0,0.0834,,0.0304,7762.0
342.0,jamiejones,Instagram,90736.0,5.0,0.0856,915.05,0.0468,7326.0
,bethgrimes,LinkedIn,119213.0,7.0,0.102,259.06,0.019,1451.0
344.0,benjamin31,,205289.0,6.0,0.0856,389.68,0.0375,37895.0
345.0,,Twitter,507653.0,3.0,0.0986,973.57,0.0193,30574.0
346.0,gclark,Twitter,,3.0,0.0642,376.93,0.0476,19781.0
347.0,,Facebook,975124.0,4.0,0.102,90.45,0.0115,44115.0
348.0,wolfejoshua,Facebook,410721.0,6.0,0.0856,148.05,0.0112,3636.0
349.0,bbarber,Instagram,24336.0,7.0,0.0642,966.47,0.048,5761.0
350.0,,TikTok,498641.0,6.0,0.0642,784.57,0.0196,41950.0
351.0,matthew40,Instagram,803901.0,1.0,,694.28,0.042,14625.0
352.0,ruth02,TikTok,,4.0,0.0986,962.84,0.0328,27195.0
353.0,mariapatel,Facebook,373978.0,1.0,0.0856,482.45,0.0456,33522.0
354.0,morgan06,Twitter,678738.0,2.0,0.0834,402.13,0.0209,
355.0,luislove,LinkedIn,487736.0,5.0,0.0642,878.37,0.0302,16177.0
356.0,erica07,TikTok,159533.0,7.0,0.0856,539.69,0.0255,46635.0
357.0,brian17,TikTok,884407.0,6.0,0.0856,609.25,0.0151,47030.0
358.0,lpierce,TikTok,847723.0,6.0,0.0834,574.29,0.0138,38390.0
359.0,tiffanyferrell,LinkedIn,623253.0,3.0,0.0642,717.59,0.04,24415.0
360.0,colleen63,TikTok,815652.0,5.0,0.0986,233.02,0.0258,17652.0
361.0,angelsmith,,876091.0,4.0,0.0834,664.72,0.039,7674.0
362.0,mary05,Twitter,489176.0,1.0,0.0986,611.1,0.0273,39017.0
,royharper,Twitter,348968.0,1.0,0.0986,542.96,0.034,19610.0
364.0,karenbarron,Facebook,43260.0,2.0,0.0642,973.44,0.0192,10644.0
365.0,uluna,Instagram,936254.0,5.0,0.102,651.28,0.0269,41956.0
366.0,michael55,Twitter,351460.0,3.0,0.0834,187.74,0.0424,36317.0
367.0,kevingarcia,LinkedIn,910424.0,2.0,0.102,252.39,0.0101,34592.0
368.0,eric95,Twitter,637327.0,1.0,0.0642,640.57,,37687.0
,kennedykayla,LinkedIn,995308.0,7.0,0.0834,798.27,,6916.0
370.0,tyler31,Instagram,926008.0,4.0,0.0856,268.92,0.0197,21696.0
371.0,uflowers,Twitter,608156.0,1.0,0.102,423.76,0.0261,
372.0,grahamallison,Instagram,670828.0,5.0,0.102,841.85,,13423.0
373.0,bhamilton,Twitter,973724.0,6.0,0.0986,600.46,0.0458,19234.0
374.0,dmanning,LinkedIn,353529.0,1.0,0.0986,794.46,0.0293,21505.0
375.0,michelle11,Facebook,461904.0,3.0,0.0856,162.02,0.0304,25306.0
376.0,john57,TikTok,109325.0,5.0,0.0856,176.28,0.0416,12838.0
377.0,nancy96,LinkedIn,586575.0,2.0,0.0856,413.32,0.0139,12130.0
378.0,murphydebbie,Twitter,453224.0,5.0,0.0856,829.47,0.0262,29381.0
379.0,evanssteven,Instagram,846530.0,1.0,0.102,,0.0278,24376.0
380.0,omorgan,LinkedIn,465436.0,2.0,0.0986,987.0,0.0106,25278.0
381.0,johnmartinez,Facebook,293105.0,2.0,0.0642,825.62,0.0194,35391.0
382.0,dgarza,Twitter,913218.0,3.0,,845.29,0.0131,7680.0
383.0,wstevens,LinkedIn,776209.0,4.0,0.0834,492.15,0.0145,42066.0
384.0,cynthia50,Instagram,240198.0,4.0,0.0834,611.1,0.0172,
385.0,keith55,TikTok,544995.0,,0.0834,553.49,0.0308,13321.0
386.0,kwright,Instagram,745308.0,5.0,0.0856,917.31,0.0269,5277.0
387.0,zacharyhill,TikTok,376840.0,7.0,0.0986,951.47,0.0288,7622.0
388.0,,Twitter,440328.0,5.0,0.102,373.18,0.0252,
389.0,jonathanreynolds,LinkedIn,410760.0,2.0,0.0834,555.48,0.0156,48712.0
390.0,sarah18,Instagram,223021.0,6.0,0.0856,217.72,0.0309,49108.0
391.0,petersonjerry,LinkedIn,218742.0,1.0,0.0856,645.84,0.0213,46342.0
392.0,bbarber,Facebook,8498.0,6.0,,469.53,0.0426,47854.0
393.0,kristy65,LinkedIn,104748.0,4.0,,122.95,0.044,47744.0
394.0,colemanbrooke,,238524.0,2.0,,390.34,0.0349,8860.0
395.0,christineclark,Twitter,390300.0,3.0,0.0856,277.01,0.0166,2187.0
396.0,mike65,Twitter,304446.0,2.0,0.0834,75.54,0.0321,21751.0
397.0,andrew37,TikTok,638634.0,1.0,0.102,468.93,0.0136,14764.0
398.0,petersonjerry,TikTok,678520.0,7.0,0.0834,482.45,0.0192,16063.0
399.0,fsanchez,LinkedIn,257586.0,6.0,0.0856,123.52,0.0258,49243.0
400.0,adunn,Facebook,470851.0,1.0,0.0986,952.5,0.0335,42865.0
401.0,debbieharris,,125437.0,2.0,0.102,187.74,0.0103,37245.0
402.0,xcruz,LinkedIn,187580.0,,0.0856,469.53,0.022,32990.0
403.0,paul06,LinkedIn,241721.0,6.0,0.0986,81.9,0.0266,26221.0
404.0,toddbryan,Facebook,584835.0,6.0,0.0834,891.71,0.0138,11215.0
405.0,campbellross,Twitter,867269.0,5.0,0.0834,452.91,0.028,18042.0
406.0,uclark,Facebook,541645.0,7.0,0.0642,265.2,0.0208,11428.0
,ntaylor,Facebook,460729.0,2.0,0.0642,959.49,0.0103,34575.0
408.0,,TikTok,31288.0,3.0,0.0642,259.06,0.0447,26027.0
409.0,bettyray,,588791.0,2.0,0.102,70.91,0.0213,37679.0
410.0,james82,LinkedIn,778520.0,6.0,0.0834,208.78,0.0196,14154.0
411.0,allen72,LinkedIn,885302.0,2.0,0.0642,793.72,,2511.0
412.0,thomas49,TikTok,229262.0,5.0,0.0834,68.52,0.0174,16180.0
413.0,tammy29,Instagram,195479.0,1.0,0.102,774.51,0.0262,
414.0,david22,TikTok,377089.0,1.0,0.0834,367.56,0.0375,33717.0
415.0,andradewesley,Instagram,298756.0,6.0,0.102,70.66,0.0122,40315.0
416.0,qfisher,Facebook,849058.0,1.0,0.0856,690.0,0.0451,49534.0
417.0,susanbrown,,,4.0,0.0856,681.66,0.0306,43355.0
418.0,lisa30,Instagram,106557.0,7.0,0.0642,602.6,0.0427,24997.0
419.0,reneecontreras,TikTok,216904.0,3.0,0.0834,139.38,0.0371,1098.0
420.0,,Twitter,415846.0,5.0,0.0642,267.84,0.0249,1653.0
421.0,justinwilson,LinkedIn,466724.0,,0.0642,869.07,0.0287,
422.0,mariahbell,Instagram,492878.0,5.0,0.0986,450.94,0.0328,38867.0
423.0,hunterjesus,TikTok,929588.0,1.0,0.102,580.89,0.042,35980.0
424.0,bberry,Facebook,177040.0,6.0,0.0986,902.41,0.0127,48859.0
425.0,hamiltonjessica,LinkedIn,321062.0,,0.102,383.32,0.0433,25569.0
426.0,jason52,Facebook,115618.0,5.0,0.0986,563.74,0.0163,29477.0
427.0,jonesangela,Twitter,213426.0,4.0,0.0642,521.24,0.0428,8566.0
428.0,robert05,LinkedIn,535899.0,6.0,0.0986,565.07,0.0143,1512.0
429.0,,Twitter,175414.0,3.0,0.0642,514.6,0.0309,49836.0
430.0,andrew08,TikTok,952834.0,1.0,0.0642,411.29,0.0136,3570.0
,ggonzalez,Twitter,674469.0,2.0,0.0986,671.12,0.0262,23446.0
432.0,jeremy87,TikTok,877006.0,1.0,0.0642,827.47,0.0454,38829.0
433.0,,LinkedIn,511897.0,6.0,0.102,206.84,0.0345,41186.0
434.0,beth19,Instagram,703295.0,4.0,0.0986,847.14,0.0154,26333.0
,tonyaevans,Instagram,267342.0,2.0,0.0834,984.35,0.0477,31048.0
436.0,cooklinda,LinkedIn,801715.0,6.0,0.0642,522.77,0.0303,34264.0
,yrodriguez,Twitter,851941.0,2.0,0.0856,277.98,0.0397,17305.0
438.0,thomas49,Twitter,70676.0,1.0,0.0642,270.38,0.0412,36664.0
439.0,cboyd,Instagram,,2.0,0.0642,731.75,0.0375,
440.0,dylanriley,Facebook,828887.0,2.0,,127.9,0.0132,17044.0
441.0,clarkdavid,Facebook,40465.0,1.0,0.102,330.78,0.0324,14394.0
442.0,skinnerjacob,LinkedIn,851163.0,7.0,,153.92,0.0133,7293.0
443.0,dylanriley,,659110.0,7.0,0.102,373.18,,8890.0
444.0,xshort,Instagram,179967.0,2.0,0.0856,899.1,0.0384,20109.0
445.0,ntaylor,Twitter,556254.0,2.0,0.0834,511.26,,32841.0
446.0,michelleriggs,LinkedIn,697549.0,6.0,0.0642,867.62,0.0301,25765.0
447.0,hughesjohn,LinkedIn,684877.0,6.0,0.0642,913.44,0.0361,4774.0
448.0,ysmith,Instagram,525267.0,3.0,0.0834,,0.0181,45702.0
449.0,cooklinda,LinkedIn,630145.0,4.0,0.102,190.5,0.0488,35899.0
450.0,lrodgers,Instagram,897697.0,7.0,0.102,152.61,0.0131,46254.0
451.0,kevingarcia,Twitter,730937.0,6.0,0.0834,119.48,0.0417,11717.0
452.0,twagner,Instagram,581661.0,4.0,0.102,387.36,0.0152,22519.0
453.0,hernandezvanessa,Twitter,590600.0,6.0,0.0834,143.89,0.0283,17614.0
454.0,justinwilson,TikTok,372976.0,6.0,0.102,882.09,0.0303,
455.0,kimryan,,489588.0,3.0,0.0856,369.37,0.0266,25820.0
456.0,canderson,Facebook,,6.0,0.0856,633.93,0.0423,38293.0
457.0,carpenterpamela,Twitter,310991.0,1.0,0.0834,,0.0278,42482.0
458.0,tonyarobertson,Facebook,309264.0,2.0,0.102,753.84,0.0101,39040.0
459.0,llopez,LinkedIn,597335.0,1.0,0.0642,313.66,0.0406,41656.0
460.0,mauricecalderon,Instagram,138167.0,6.0,0.102,692.69,0.048,33585.0
461.0,michael65,Facebook,723469.0,1.0,0.102,539.58,0.0332,22561.0
462.0,brenda52,Twitter,503309.0,1.0,0.0642,411.29,0.0264,26404.0
463.0,kristy65,Twitter,211477.0,1.0,0.102,156.13,0.0278,33276.0
464.0,angelsmith,LinkedIn,835891.0,3.0,0.0856,905.43,0.0175,17637.0
465.0,owensnatalie,Twitter,192260.0,1.0,0.0856,225.29,0.0499,38944.0
466.0,barneszachary,LinkedIn,301995.0,5.0,0.0642,421.56,0.0274,46848.0
467.0,chenjoseph,Facebook,293488.0,3.0,0.0642,641.6,0.0119,19047.0
468.0,elizabethelliott,Facebook,719572.0,7.0,0.0856,353.04,0.0197,33075.0
469.0,emily77,LinkedIn,465599.0,6.0,0.0642,962.84,0.0354,
470.0,thomasjonathan,TikTok,86391.0,1.0,0.0642,767.4,0.0402,38181.0
471.0,emily36,TikTok,21716.0,4.0,0.102,563.74,0.0429,38384.0
472.0,kimberly47,Facebook,653597.0,3.0,0.0642,245.68,0.0434,9178.0
473.0,robertsjared,LinkedIn,373768.0,2.0,0.0856,468.77,0.0104,29657.0
474.0,medinanatalie,Instagram,,1.0,,322.9,0.0194,
475.0,jeffreymcneil,,562201.0,6.0,0.0856,966.84,0.0202,23436.0
476.0,ulandry,Twitter,668078.0,,0.0856,646.61,0.032,31996.0
477.0,stephaniehouse,,870269.0,3.0,0.0642,114.01,0.0174,33124.0
478.0,justin99,Twitter,608610.0,5.0,0.102,132.5,0.0198,6739.0
479.0,ashley65,Instagram,,3.0,0.0856,888.13,0.038,47964.0
480.0,pittmanfrank,TikTok,60841.0,4.0,0.0856,970.21,0.045,43097.0
481.0,morgancook,TikTok,155508.0,1.0,0.0642,728.89,0.0278,41465.0
482.0,cody18,LinkedIn,614021.0,1.0,0.102,136.15,0.0181,
483.0,nicole57,Facebook,764467.0,4.0,0.0642,774.51,0.0378,46910.0
484.0,thomasjonathan,Facebook,169753.0,2.0,0.0856,919.28,0.0102,46048.0
485.0,kstewart,LinkedIn,871836.0,,0.0642,817.09,0.0193,49494.0
486.0,dmartin,Twitter,,7.0,,423.83,0.0273,31691.0
487.0,ronnie15,,460671.0,6.0,0.0642,,0.0479,22398.0
488.0,uluna,TikTok,483010.0,3.0,0.0986,584.37,0.0351,49166.0
489.0,laura14,LinkedIn,519190.0,5.0,0.0642,810.62,0.0145,49808.0
490.0,,Instagram,494299.0,7.0,0.0642,,0.0174,27954.0
491.0,zblackburn,,134849.0,5.0,0.0986,870.78,0.046,33144.0
492.0,pierceaaron,Twitter,381316.0,1.0,0.0642,551.25,0.0497,45962.0
493.0,,Twitter,697600.0,1.0,0.102,741.69,0.0381,38177.0
494.0,qshannon,Facebook,751768.0,5.0,0.102,53.9,0.0106,15434.0
495.0,tristanpearson,LinkedIn,588022.0,4.0,0.0834,159.96,0.0262,5769.0
496.0,jonesjerry,Instagram,395575.0,7.0,0.0642,513.6,0.0175,46542.0
497.0,markguzman,LinkedIn,188944.0,3.0,0.0834,53.54,0.0283,11275.0
498.0,alyssa15,Facebook,404533.0,6.0,0.0642,103.15,0.0366,48212.0
499.0,xdavis,TikTok,832370.0,2.0,0.0856,282.33,0.0445,29258.0
500.0,,Instagram,,4.0,0.0642,336.2,0.0221,7105.0
501.0,garciasarah,TikTok,655962.0,,0.0986,323.15,0.0363,13810.0
502.0,mariewilliams,Instagram,539707.0,2.0,0.102,153.65,0.0417,4935.0
503.0,henrykendra,Twitter,232079.0,5.0,0.0856,789.0,0.0108,14967.0
504.0,skinnerjacob,TikTok,172725.0,6.0,0.0642,492.15,0.0336,
505.0,jeffreyrice,Instagram,677418.0,6.0,0.0856,376.11,0.0402,14329.0
506.0,smallsteven,Instagram,426954.0,7.0,0.0986,379.97,0.0375,44245.0
507.0,ibrock,Twitter,753093.0,7.0,0.0986,800.15,0.0488,3216.0
508.0,ptorres,Instagram,361070.0,1.0,0.0642,612.83,0.0378,19383.0
509.0,aliciajohns,TikTok,925780.0,6.0,0.0986,387.96,0.0499,47809.0
510.0,johnsonkelly,Twitter,847189.0,6.0,0.0856,361.46,,14819.0
511.0,,Instagram,996788.0,4.0,0.0856,482.45,0.031,38842.0
512.0,gilbertdavid,Facebook,452466.0,7.0,0.102,494.5,0.032,27947.0
513.0,turnerchristopher,TikTok,,,0.0642,965.17,0.0306,
514.0,kellidaniel,TikTok,421922.0,1.0,0.0834,618.92,0.0418,37911.0
515.0,justin99,LinkedIn,463579.0,1.0,0.0834,555.43,0.0314,30688.0
516.0,morrisonheidi,Instagram,,4.0,0.0642,560.62,0.0392,30173.0
517.0,,Twitter,814585.0,3.0,0.0986,587.97,0.0406,33914.0
518.0,tinajones,TikTok,290041.0,5.0,0.0834,748.28,0.0233,36299.0
519.0,nperez,Instagram,849232.0,3.0,0.0986,54.61,0.0316,10258.0
520.0,dmiller,Twitter,611593.0,4.0,0.0856,94.05,0.0108,29446.0
521.0,martinjoseph,Instagram,915860.0,2.0,,529.18,0.0178,23101.0
522.0,hwashington,Facebook,875312.0,7.0,0.0642,932.62,0.0357,19679.0
523.0,chavezjason,Facebook,821425.0,2.0,0.0642,73.0,0.0313,11585.0
524.0,tonyarobertson,Twitter,646112.0,1.0,0.0834,70.66,0.0424,35349.0
525.0,,TikTok,981055.0,6.0,0.0834,875.2,0.049,45607.0
526.0,sriley,Facebook,480862.0,1.0,0.0856,264.98,0.0314,25429.0
527.0,romerojorge,Facebook,961934.0,,0.102,216.91,0.0315,46216.0
528.0,scott72,Instagram,872666.0,2.0,0.0834,264.48,0.0227,46994.0
529.0,muellerolivia,Instagram,914602.0,1.0,0.0834,,0.0226,39929.0
530.0,morganmelanie,LinkedIn,174705.0,4.0,0.0986,541.86,0.0165,20334.0
531.0,sparksshane,LinkedIn,344950.0,3.0,0.0986,894.32,0.0384,32050.0
532.0,ibrock,Twitter,432761.0,6.0,0.0642,884.06,0.025,17455.0
533.0,,Twitter,854878.0,1.0,0.0986,99.67,0.0209,1539.0
534.0,lisa32,LinkedIn,437759.0,5.0,0.0986,349.32,0.0158,19542.0
535.0,huberharold,LinkedIn,393027.0,2.0,0.0834,602.6,,23726.0
536.0,ericajohns,LinkedIn,178882.0,7.0,0.0856,103.1,0.0447,30367.0
537.0,austingarza,,86892.0,7.0,0.0856,268.1,0.0245,18497.0
538.0,duranbrittany,LinkedIn,166836.0,1.0,0.102,515.08,0.0237,3983.0
539.0,carpenterpamela,Instagram,438181.0,4.0,0.102,737.59,0.0345,21635.0
540.0,williamsongarrett,Instagram,603240.0,1.0,0.102,304.18,0.0106,26184.0
541.0,tracistephens,Instagram,96503.0,4.0,0.0642,449.39,0.0213,36994.0
542.0,vgriffith,Instagram,451541.0,3.0,0.0642,865.43,0.0172,22444.0
543.0,perezbobby,Facebook,789109.0,6.0,0.0986,57.23,0.0186,40952.0
544.0,dixonjulie,Instagram,39629.0,6.0,0.0834,492.15,0.0486,25463.0
545.0,bberry,Instagram,,1.0,0.0834,787.7,0.0106,49789.0
546.0,wmercado,Instagram,377553.0,5.0,0.102,433.83,0.0415,9438.0
547.0,smallsteven,Twitter,451936.0,3.0,0.0856,783.6,0.0255,7261.0
548.0,michael30,LinkedIn,534989.0,2.0,0.0834,775.97,0.0213,24199.0
549.0,paulprice,Instagram,528802.0,3.0,0.102,,,
550.0,stephanie37,Twitter,150561.0,7.0,0.0834,222.59,0.0258,41990.0
551.0,blakebell,LinkedIn,99039.0,1.0,0.0856,998.2,0.0273,49185.0
552.0,jonesjerry,Facebook,212101.0,2.0,0.0856,440.37,0.0246,15986.0
553.0,,Instagram,958163.0,6.0,0.0986,894.7,0.042,12767.0
554.0,christopherhoward,Facebook,379467.0,7.0,0.0856,561.63,0.0148,29298.0
555.0,sonya64,Facebook,,5.0,0.0856,358.83,0.0272,37655.0
556.0,kbass,,566933.0,3.0,0.0856,853.64,0.0285,40346.0
557.0,williamwyatt,Twitter,983025.0,7.0,0.102,555.48,0.0311,31344.0
558.0,kstewart,Twitter,623211.0,4.0,0.0834,965.45,0.0313,15342.0
559.0,timothyrandall,TikTok,788568.0,1.0,0.0856,986.41,0.0409,48773.0
560.0,andrew53,,601288.0,4.0,0.0856,890.31,0.0493,34180.0
561.0,billpage,Facebook,520668.0,4.0,0.0986,612.95,0.0116,5066.0
562.0,manuel94,Facebook,622190.0,4.0,0.0856,353.04,0.047,43312.0
563.0,palmerjeffrey,TikTok,9872.0,2.0,0.0986,428.98,0.0258,9644.0
564.0,hbarnes,LinkedIn,579591.0,1.0,0.0986,250.43,0.041,18124.0
565.0,baileykerry,TikTok,497636.0,1.0,0.102,261.62,0.0249,26724.0
566.0,qsmith,LinkedIn,520268.0,2.0,0.0986,884.06,0.041,10397.0
567.0,ujones,Facebook,981779.0,7.0,0.0856,429.09,0.028,46767.0
568.0,lbaldwin,Facebook,232065.0,4.0,0.0834,119.48,0.0255,
569.0,russellmelissa,Twitter,659372.0,,0.0986,569.7,0.0164,40043.0
570.0,sarahyang,Facebook,256786.0,6.0,0.0834,817.67,0.0431,36084.0
571.0,duranbrittany,TikTok,183941.0,3.0,0.0834,,0.0304,31465.0
572.0,perezjacqueline,Instagram,557877.0,5.0,0.0986,133.64,0.0297,31626.0
573.0,logan51,Twitter,840826.0,5.0,0.102,62.71,0.0363,35021.0
574.0,joe98,Facebook,664912.0,7.0,0.0834,364.3,0.0328,34551.0
575.0,turnerchristopher,,472604.0,5.0,,993.52,0.0115,23268.0
,megan53,Facebook,709531.0,1.0,,233.02,0.0371,45486.0
577.0,kelleytina,Instagram,273458.0,2.0,0.0834,612.01,0.038,45944.0
578.0,bclark,,918878.0,5.0,0.0642,555.7,0.0417,41029.0
579.0,garciakatherine,Twitter,922096.0,4.0,0.0642,944.87,0.0415,
580.0,gregory84,TikTok,859033.0,4.0,0.0986,408.67,0.0191,8929.0
581.0,cynthia25,Instagram,630261.0,5.0,0.102,446.68,,28208.0
582.0,xgarcia,Instagram,686453.0,7.0,0.0856,278.42,0.0492,24951.0
583.0,eric65,,508378.0,5.0,,,,35355.0
584.0,kgraves,Facebook,546210.0,1.0,0.0986,363.0,0.0465,35564.0
585.0,tracistephens,Facebook,443101.0,1.0,0.102,,0.023,27266.0
586.0,debbieharris,Twitter,846572.0,4.0,0.0856,,0.0328,35409.0
587.0,coxricardo,Facebook,556829.0,3.0,0.0642,587.66,0.047,23145.0
588.0,gclark,Twitter,675023.0,3.0,0.0642,228.19,0.0477,31525.0
589.0,robertsjennifer,Twitter,871829.0,5.0,0.0834,869.72,0.019,34055.0
590.0,adam31,Facebook,287119.0,,0.0834,97.1,0.0128,37934.0
591.0,charles14,LinkedIn,,6.0,0.102,195.91,0.0262,18096.0
592.0,travis06,Twitter,76839.0,6.0,0.0986,612.83,0.0226,15650.0
593.0,timothy62,LinkedIn,,3.0,0.0642,637.73,0.0213,9352.0
594.0,dmartin,Twitter,424459.0,3.0,0.0642,934.87,0.0106,48757.0
595.0,gene05,TikTok,126359.0,4.0,0.0834,491.99,0.0425,15495.0
596.0,dmiller,LinkedIn,731718.0,3.0,0.0834,969.88,0.019,47180.0
597.0,wsmith,LinkedIn,,7.0,0.0856,237.74,0.0219,30230.0
598.0,robertharrington,TikTok,496593.0,1.0,0.0642,421.56,0.0439,24824.0
599.0,stephaniehouse,LinkedIn,161475.0,1.0,0.0986,334.54,0.0404,21234.0
600.0,lrusso,Instagram,191619.0,5.0,0.0986,139.18,0.0411,26808.0
601.0,eugene39,LinkedIn,105085.0,2.0,0.0642,511.76,0.0213,8787.0
602.0,nlewis,Facebook,567722.0,7.0,0.0986,617.22,0.0194,20939.0
603.0,deannathompson,TikTok,282099.0,2.0,0.0642,164.09,0.0315,9253.0
604.0,teresa99,TikTok,271157.0,1.0,0.0986,966.01,0.04,1329.0
605.0,plindsey,Instagram,777374.0,5.0,0.0986,877.89,0.013,10243.0
606.0,,Facebook,808546.0,3.0,0.0642,756.25,0.0227,43316.0
607.0,masonjames,Facebook,225467.0,5.0,0.0856,798.27,0.0361,33398.0
608.0,ujones,Facebook,266743.0,7.0,0.0856,170.04,0.0278,47182.0
609.0,samanthasmith,Instagram,45243.0,6.0,0.0856,82.89,0.0294,22203.0
610.0,lsherman,TikTok,838861.0,2.0,0.102,692.69,0.0176,48549.0
611.0,uflowers,Instagram,200716.0,6.0,,989.88,0.0154,12613.0
612.0,kevingarcia,Facebook,227377.0,6.0,0.0642,640.55,0.012,48906.0
613.0,zbush,Twitter,485920.0,4.0,0.0642,275.71,,14336.0
614.0,hardyalexander,TikTok,371365.0,5.0,,603.07,0.0479,34837.0
615.0,carpenterthomas,LinkedIn,275681.0,5.0,0.102,928.28,0.0166,3570.0
616.0,kathrynsingh,Twitter,456966.0,4.0,0.0856,641.6,0.0206,37784.0
617.0,smallsteven,Facebook,671317.0,4.0,0.0834,892.6,0.0406,35570.0
618.0,lawrencejulie,Twitter,211632.0,6.0,0.0834,241.52,0.0435,12085.0
619.0,nicholaspeters,LinkedIn,800854.0,5.0,0.0642,762.66,0.0341,26498.0
620.0,lisaallen,Facebook,170908.0,1.0,0.0986,539.03,0.0483,10692.0
621.0,kaylasmith,TikTok,805423.0,3.0,0.0834,692.68,0.0456,33937.0
622.0,andersonnina,Facebook,985086.0,7.0,0.102,96.71,0.0409,39516.0
623.0,kimberly57,Twitter,11764.0,2.0,0.0642,274.72,0.0136,42309.0
624.0,edward01,Facebook,233787.0,7.0,,76.36,0.0155,42813.0
625.0,joandyer,LinkedIn,9088.0,2.0,0.0856,99.67,0.0136,37784.0
626.0,hernandezpatricia,Twitter,897618.0,7.0,0.0856,578.37,0.049,30367.0
627.0,sriley,,408214.0,5.0,0.0642,984.35,0.0427,5638.0
628.0,hunterbriana,Facebook,23033.0,1.0,0.0856,932.47,0.0281,41746.0
629.0,richardmiller,Facebook,340000.0,3.0,0.0986,176.28,0.0427,14709.0
630.0,henrykendra,Facebook,927896.0,3.0,0.0856,247.27,0.016,26808.0
631.0,karen03,Instagram,579562.0,2.0,0.102,946.08,0.0213,41541.0
632.0,brenda00,Facebook,190521.0,,0.102,801.17,,37546.0
,kelly58,LinkedIn,570457.0,3.0,0.0856,488.49,0.0286,12600.0
634.0,sara29,Facebook,666715.0,,0.102,587.66,0.0456,8267.0
635.0,sonya64,Instagram,817259.0,,0.0642,820.13,0.0425,21129.0
636.0,hughesmatthew,Facebook,193045.0,5.0,0.0642,432.08,0.0381,26074.0
,robertharrington,TikTok,231877.0,3.0,0.102,966.01,0.0363,27271.0
638.0,carpenterthomas,Instagram,932230.0,6.0,0.0834,778.33,0.0387,14595.0
639.0,royharper,TikTok,685585.0,7.0,,189.36,0.0142,26925.0
640.0,shawnallen,LinkedIn,435322.0,6.0,0.0834,422.04,0.0159,15428.0
641.0,morgan06,Facebook,140281.0,1.0,0.0986,715.11,,14968.0
642.0,rebekah51,Twitter,958444.0,3.0,0.102,798.27,0.0311,1909.0
643.0,chavezjason,TikTok,885471.0,6.0,0.0642,296.14,0.0154,
644.0,lsaunders,Facebook,36051.0,2.0,0.0856,649.02,0.0423,49967.0
645.0,jeffreymyers,Twitter,983623.0,7.0,0.0834,278.42,0.0205,23900.0
646.0,smithdanielle,LinkedIn,59899.0,4.0,0.0834,394.17,0.0144,18448.0
647.0,ericajohns,Facebook,252253.0,2.0,0.0986,105.5,0.0247,3090.0
648.0,zhobbs,LinkedIn,908043.0,1.0,0.0834,893.56,0.0229,45890.0
649.0,ghall,,907220.0,4.0,,966.47,0.0264,48083.0
650.0,harrismichael,TikTok,191579.0,7.0,0.0856,840.87,0.024,17801.0
651.0,parsonsashley,LinkedIn,808269.0,5.0,0.102,357.45,0.0278,
,blake06,Instagram,762694.0,6.0,0.0856,287.9,0.0191,31460.0
653.0,meghan87,Facebook,432557.0,2.0,0.0834,432.08,0.0276,38055.0
654.0,sophia02,Twitter,764375.0,6.0,0.0834,719.2,0.0196,37221.0
655.0,molly66,Instagram,693566.0,3.0,0.0856,276.29,0.0137,23576.0
656.0,paulprice,Twitter,120967.0,,0.0986,386.33,0.0496,13526.0
657.0,kdavis,LinkedIn,506458.0,6.0,0.102,584.81,0.0342,21462.0
658.0,tgraham,Twitter,599779.0,4.0,0.0856,265.18,0.0427,30241.0
659.0,donna02,TikTok,318181.0,2.0,0.0642,176.28,0.0321,34544.0
660.0,xshort,Facebook,,4.0,0.102,698.14,0.0384,21633.0
661.0,kayla25,Instagram,608069.0,7.0,0.0834,268.1,0.03,2639.0
662.0,jeffery32,TikTok,57934.0,1.0,0.102,139.04,0.0231,21285.0
663.0,zblackburn,LinkedIn,260190.0,3.0,0.0986,953.16,0.0372,
664.0,nicholasnorton,LinkedIn,87053.0,5.0,0.0834,337.84,0.0119,25964.0
665.0,dawnwilkerson,,182706.0,6.0,0.0986,974.35,0.0427,8821.0
666.0,,Facebook,887243.0,2.0,0.102,387.36,0.0153,18204.0
667.0,jonesangela,Facebook,585208.0,6.0,0.0834,257.67,0.0479,44976.0
668.0,campbellross,LinkedIn,89163.0,6.0,0.0986,584.81,0.0152,8753.0
669.0,ashley37,TikTok,221387.0,7.0,0.0986,152.87,0.0371,7606.0
670.0,dixonjulie,LinkedIn,352895.0,6.0,0.0834,270.91,0.0318,33012.0
671.0,stephaniehouse,Twitter,320006.0,7.0,0.0642,375.89,0.0146,42865.0
672.0,patrick62,Twitter,754457.0,7.0,0.102,703.39,0.0237,14130.0
673.0,graymelinda,LinkedIn,428090.0,7.0,0.0834,541.86,0.0103,
674.0,gabriellashort,LinkedIn,203763.0,4.0,,135.84,0.0371,10147.0
675.0,richardspatrick,Facebook,889756.0,4.0,0.0856,194.99,0.0295,46917.0
676.0,,LinkedIn,206335.0,3.0,0.0642,715.11,0.0119,18262.0
677.0,andrewgregory,Facebook,660656.0,1.0,,710.67,0.0353,1342.0
,alyssa19,Instagram,576830.0,5.0,0.0834,,0.0286,14645.0
679.0,kelly58,LinkedIn,677746.0,6.0,0.0986,714.36,0.0486,16322.0
680.0,elizabethwilson,Facebook,956376.0,4.0,0.0642,454.63,,35794.0
681.0,davidvaldez,Facebook,96842.0,5.0,0.102,307.41,0.0313,40281.0
682.0,bondrebecca,LinkedIn,839806.0,,0.0642,238.14,0.0244,42094.0
683.0,jeffery32,Twitter,854711.0,1.0,0.102,,0.0469,30710.0
684.0,parsonsmichael,Twitter,688749.0,3.0,0.0986,164.09,0.0136,32479.0
685.0,diana02,Twitter,885485.0,6.0,0.0834,902.41,0.0221,33610.0
686.0,bondrebecca,Facebook,283991.0,4.0,0.0642,98.2,0.0252,12589.0
687.0,aandrade,Instagram,,5.0,0.0856,402.45,0.0326,48501.0
688.0,donaldthompson,TikTok,762251.0,3.0,0.0856,117.05,0.0403,7816.0
689.0,hbrooks,LinkedIn,335924.0,2.0,0.0986,429.58,0.0422,45886.0
690.0,zwhite,Instagram,489204.0,4.0,0.0986,456.61,0.0107,26527.0
691.0,cynthia25,Twitter,298176.0,4.0,0.0834,384.1,0.0258,40640.0
692.0,tracy84,LinkedIn,936942.0,5.0,0.0642,90.38,0.0227,3000.0
693.0,bberry,Instagram,899648.0,3.0,0.0986,411.63,0.0277,42638.0
694.0,jeremy87,LinkedIn,636522.0,4.0,0.0642,494.5,0.0307,17127.0
695.0,michellemcdaniel,LinkedIn,674800.0,5.0,0.102,357.45,0.0307,33830.0
696.0,richardmiller,Twitter,,6.0,0.0856,496.08,0.0247,24918.0
697.0,asimon,Facebook,157852.0,5.0,0.102,,0.0411,1945.0
698.0,mary48,Instagram,74321.0,1.0,0.0834,,,24335.0
699.0,robert31,Twitter,849385.0,1.0,0.102,474.87,0.042,47103.0
700.0,larryperez,Instagram,124492.0,6.0,0.102,142.77,0.0334,11510.0
701.0,qfisher,LinkedIn,416032.0,4.0,,208.78,0.0242,27972.0
702.0,kevin80,Twitter,564125.0,5.0,0.0986,224.95,0.0481,12082.0
703.0,harrisjacob,Facebook,701260.0,1.0,0.0986,,0.0227,5645.0
704.0,rgarrison,TikTok,86212.0,6.0,0.0856,826.28,0.0479,4934.0
705.0,bethgrimes,LinkedIn,227787.0,7.0,0.0856,997.04,0.0434,33251.0
706.0,teresageorge,Twitter,244777.0,7.0,0.0834,596.41,0.0113,35508.0
707.0,melissa08,Twitter,180297.0,4.0,0.0986,134.83,0.0278,13644.0
708.0,valentinetammy,LinkedIn,628712.0,4.0,0.0834,557.76,0.0281,42573.0
709.0,garciasarah,TikTok,958245.0,2.0,0.0642,609.25,0.0331,3154.0
710.0,rgarrison,LinkedIn,704745.0,3.0,0.102,225.29,,29827.0
711.0,smallsteven,Facebook,756329.0,1.0,0.0986,181.32,0.0192,39338.0
712.0,emily58,Facebook,788961.0,7.0,0.0856,916.1,0.0139,14502.0
713.0,fordrichard,TikTok,773627.0,3.0,0.0986,129.94,,40332.0
714.0,aandrade,Facebook,508965.0,5.0,0.0986,572.3,0.014,28388.0
715.0,,TikTok,,3.0,0.0856,745.68,0.0372,25685.0
716.0,hardyalexander,LinkedIn,15789.0,5.0,0.0834,584.37,0.0175,48938.0
717.0,michaelgonzales,Twitter,841874.0,6.0,0.0642,694.21,0.0103,46642.0
718.0,nrodriguez,LinkedIn,421449.0,5.0,0.102,218.95,0.0311,36001.0
719.0,tammy73,Facebook,751177.0,1.0,0.0856,966.84,0.0494,12556.0
720.0,gmcintosh,Instagram,45715.0,3.0,0.0986,640.57,,
721.0,victoria05,,611461.0,1.0,0.102,357.45,0.0439,36884.0
722.0,rjohnston,LinkedIn,938865.0,2.0,0.0856,535.84,0.0311,30568.0
723.0,kaitlyn63,,586470.0,6.0,0.0856,422.61,0.049,23603.0
724.0,rebekah51,Facebook,923414.0,2.0,0.102,130.29,0.041,40823.0
725.0,wongrichard,TikTok,838510.0,2.0,0.102,573.91,0.0258,11320.0
726.0,lance30,Facebook,603774.0,1.0,0.0834,517.59,0.0175,31227.0
727.0,nicholas61,Facebook,654858.0,5.0,0.102,265.2,0.0127,27793.0
728.0,besparza,,117161.0,7.0,0.0986,800.15,0.016,12908.0
729.0,wilsonrobert,LinkedIn,95876.0,,0.102,610.44,0.0267,45921.0
730.0,edwardschristina,Twitter,542532.0,2.0,0.0834,380.5,0.043,13726.0
731.0,angelsmith,Instagram,655851.0,3.0,0.0856,441.13,0.0427,36526.0
732.0,mackeric,LinkedIn,244671.0,3.0,0.0986,244.23,0.0143,6871.0
733.0,michael65,Facebook,659887.0,3.0,0.0642,482.45,0.0361,10523.0
734.0,campbellross,Instagram,159012.0,6.0,0.0856,449.39,0.0439,16251.0
735.0,eugene39,Twitter,626612.0,3.0,0.0642,507.39,,12459.0
736.0,michaelpatrick,Facebook,587247.0,4.0,0.0834,847.14,0.0419,40396.0
737.0,tlee,Facebook,497822.0,6.0,0.102,360.29,0.0133,41285.0
738.0,voconnor,Twitter,722859.0,1.0,0.0834,427.92,0.0378,21251.0
739.0,rcaldwell,LinkedIn,661675.0,7.0,0.0642,238.14,0.0352,47952.0
740.0,chenjoseph,TikTok,864832.0,4.0,0.0834,203.52,,38331.0
741.0,coxricardo,Instagram,245906.0,4.0,0.102,741.79,0.0171,29355.0
742.0,elizabeth86,Instagram,326120.0,5.0,0.0986,600.01,0.024,31010.0
743.0,omccann,Instagram,811465.0,,0.0856,810.62,0.031,33247.0
744.0,hunterjesus,Instagram,408516.0,7.0,0.0856,177.32,0.0475,2993.0
745.0,colestevens,TikTok,741055.0,1.0,0.0642,671.12,0.0247,25082.0
746.0,tracy84,TikTok,20336.0,3.0,0.0856,541.86,0.0293,32885.0
747.0,ybrock,LinkedIn,614696.0,1.0,0.0986,822.36,0.0391,16149.0
748.0,david74,Twitter,19519.0,6.0,0.0986,376.11,0.019,23414.0
749.0,ctorres,Twitter,124447.0,7.0,,692.68,0.0476,2193.0
750.0,shawn32,TikTok,349525.0,7.0,0.0856,287.49,0.0133,47017.0
751.0,jesse39,LinkedIn,654756.0,6.0,0.0834,225.29,,23180.0
752.0,rebekah51,LinkedIn,267066.0,4.0,0.0856,568.9,0.0128,19154.0
753.0,simmonscarrie,TikTok,636772.0,2.0,0.0856,550.71,0.0403,35544.0
754.0,samantha64,TikTok,697703.0,4.0,0.0834,913.44,0.0278,48053.0
755.0,carterelizabeth,Facebook,278832.0,6.0,0.0642,576.61,0.045,44691.0
756.0,austingarza,Twitter,59262.0,4.0,,352.48,0.0432,34186.0
757.0,schmittjason,Facebook,356154.0,6.0,0.102,967.56,0.0216,7401.0
758.0,ashley80,Facebook,614200.0,1.0,0.0986,864.15,0.0394,47946.0
759.0,alexandermckenzie,Twitter,144308.0,6.0,0.0642,600.46,0.0314,20691.0
,murraykyle,Instagram,309510.0,2.0,0.0834,131.64,0.0262,30368.0
761.0,andrewgregory,Twitter,634912.0,4.0,0.0642,70.91,0.0496,33126.0
762.0,kristinemalone,Facebook,694539.0,5.0,0.0642,397.7,0.0107,26320.0
763.0,mikaylataylor,Instagram,140491.0,5.0,0.0642,511.76,0.0287,16479.0
764.0,owenskeith,,362760.0,3.0,0.102,599.73,0.0353,29714.0
765.0,shermanjoshua,TikTok,182659.0,4.0,0.0856,895.84,0.0245,42598.0
766.0,mauricecalderon,Facebook,226407.0,2.0,0.0642,264.48,0.0297,14838.0
767.0,cameron78,Instagram,572348.0,4.0,0.0986,577.15,0.0277,32622.0
768.0,perezbobby,Twitter,418147.0,3.0,0.0834,878.37,0.0174,41181.0
769.0,williamwyatt,Twitter,762664.0,2.0,0.0856,156.13,0.0118,29810.0
770.0,robinsonsandra,Twitter,578211.0,7.0,0.102,699.97,0.0156,39986.0
771.0,alexandra71,Twitter,180359.0,1.0,0.0856,742.39,0.0294,34719.0
772.0,ngray,TikTok,257406.0,6.0,0.0642,192.99,0.0337,47743.0
773.0,jennifer41,Twitter,595923.0,5.0,0.0856,573.41,0.0272,
774.0,eric95,Twitter,973399.0,3.0,0.0834,177.32,,18505.0
,kjohns,Facebook,132365.0,2.0,0.0642,556.13,0.0427,22156.0
776.0,qshannon,,,6.0,0.0856,104.69,0.0499,36591.0
,parkerluke,Instagram,850981.0,1.0,0.0856,645.84,0.032,12379.0
778.0,sarahowen,Facebook,298742.0,2.0,0.0986,184.52,0.0272,46033.0
779.0,benjamin31,LinkedIn,771213.0,6.0,0.0856,968.85,0.0442,13902.0
780.0,justin17,Twitter,681197.0,6.0,0.0856,177.41,0.0323,29823.0
781.0,barbarabranch,TikTok,440186.0,4.0,0.102,135.84,0.0389,40085.0
782.0,tonyarobertson,Facebook,373880.0,5.0,0.0856,190.5,0.0373,37269.0
783.0,anthonyrobinson,LinkedIn,926081.0,6.0,0.0834,880.42,0.0293,37551.0
,gabriellashort,Facebook,166294.0,5.0,0.0986,875.2,0.03,5037.0
785.0,henrydominique,Facebook,745641.0,6.0,0.0856,695.52,0.0223,49114.0
786.0,cynthia50,Instagram,406634.0,5.0,0.0986,757.24,0.0422,2661.0
787.0,peter15,Facebook,766289.0,6.0,0.0642,439.08,,4104.0
788.0,smithdanielle,LinkedIn,51093.0,6.0,0.0834,382.74,0.0175,42845.0
789.0,patty20,LinkedIn,481172.0,6.0,,496.08,0.0237,3470.0
790.0,jaclyn79,Twitter,338899.0,1.0,0.0642,988.96,0.0301,21099.0
791.0,wilsonrobert,LinkedIn,,2.0,0.0856,466.92,0.0213,27790.0
792.0,carterelizabeth,TikTok,,7.0,0.102,450.94,0.0201,39166.0
793.0,ryan18,Facebook,561177.0,3.0,0.102,617.49,0.0423,24294.0
794.0,patriciamorse,TikTok,787676.0,3.0,0.0834,956.1,0.0283,11269.0
795.0,danielanderson,,738377.0,1.0,0.0642,129.94,0.0297,16194.0
796.0,henrydominique,Twitter,788949.0,1.0,0.102,913.87,0.0296,28528.0
797.0,keycarol,,563274.0,2.0,0.0856,485.39,0.0402,44546.0
798.0,fgamble,Facebook,64258.0,5.0,0.102,162.16,0.0265,3836.0
799.0,cboyd,Facebook,485586.0,5.0,0.0642,85.1,0.0133,16851.0
800.0,canderson,LinkedIn,153971.0,2.0,0.0642,275.71,0.0301,45787.0
801.0,nponce,LinkedIn,600485.0,7.0,0.0856,858.44,0.0308,45631.0
802.0,destinymartinez,Instagram,255396.0,2.0,0.0856,238.14,,41364.0
803.0,mariahbell,Facebook,371689.0,4.0,0.0642,,0.0193,40096.0
804.0,jacksonberry,Instagram,868286.0,6.0,0.0642,516.91,0.0128,12692.0
805.0,hdavis,TikTok,200155.0,5.0,0.102,875.2,0.0105,42985.0
,romeroallison,Facebook,502464.0,3.0,0.0856,188.5,0.0138,26376.0
807.0,walterkennedy,LinkedIn,850507.0,3.0,0.0856,799.04,0.0111,11602.0
808.0,medinanatalie,LinkedIn,738504.0,3.0,0.0986,323.63,0.0247,46721.0
,xcruz,LinkedIn,374066.0,4.0,0.102,130.29,0.0341,28133.0
810.0,nelsonalfred,Instagram,817472.0,3.0,0.0856,962.84,0.0428,48891.0
811.0,dixonjulie,TikTok,9518.0,7.0,0.0986,857.28,0.0239,20265.0
812.0,bettyray,TikTok,401327.0,6.0,0.102,340.95,0.038,16350.0
813.0,victoria05,Instagram,76280.0,5.0,0.0834,454.63,0.0154,12258.0
814.0,melissa08,Twitter,557339.0,6.0,0.0856,827.47,0.0286,11024.0
815.0,davidsmith,Facebook,488495.0,6.0,0.0642,245.74,0.0261,7373.0
816.0,snyderryan,TikTok,886273.0,3.0,0.0642,919.05,0.0255,39190.0
817.0,pbrooks,Twitter,934694.0,6.0,0.0834,993.14,,34826.0
818.0,mfreeman,LinkedIn,412416.0,2.0,0.0856,405.98,0.0306,48870.0
819.0,matthew17,Instagram,205609.0,6.0,0.102,982.29,0.0483,11510.0
820.0,colemanbrooke,Twitter,851331.0,7.0,0.102,277.98,0.0375,47142.0
821.0,toneill,Twitter,249720.0,6.0,0.102,618.92,0.0434,33456.0
822.0,jeffreymyers,,769585.0,2.0,0.0986,776.31,0.0418,27353.0
823.0,tprice,TikTok,340386.0,5.0,0.0642,822.36,0.0427,6287.0
824.0,ijohnson,LinkedIn,930084.0,2.0,,893.81,0.0313,1173.0
825.0,bnelson,TikTok,44361.0,7.0,0.0856,919.28,0.0427,46246.0
,michaelgonzales,Instagram,86519.0,1.0,0.0642,,0.0276,24543.0
827.0,sharris,Instagram,847532.0,4.0,0.102,730.24,0.0226,35752.0
828.0,robert31,LinkedIn,282733.0,7.0,0.0834,756.77,0.0426,49164.0
829.0,ctorres,,921341.0,7.0,0.0856,130.29,0.0423,9317.0
830.0,,Twitter,389622.0,1.0,0.102,557.58,0.0148,4333.0
831.0,ashleycooper,Twitter,367550.0,,0.0986,454.84,0.0451,46303.0
832.0,,LinkedIn,99033.0,6.0,0.0856,956.1,0.0448,49781.0
833.0,browndouglas,,171495.0,2.0,0.0856,710.67,0.0108,10504.0
834.0,crosslaura,Instagram,59190.0,4.0,0.0834,160.84,0.0166,12446.0
835.0,nblake,TikTok,990356.0,4.0,0.0834,190.5,0.0273,37067.0
836.0,hdavis,Facebook,88677.0,1.0,0.0642,485.39,0.0492,4469.0
837.0,michaelperez,TikTok,356979.0,2.0,0.0986,693.78,0.049,45999.0
838.0,julie05,Twitter,864859.0,1.0,,192.45,0.0273,41174.0
839.0,andrew53,LinkedIn,844723.0,4.0,0.102,565.07,0.0373,3205.0
840.0,elaine15,LinkedIn,863029.0,7.0,0.0642,265.2,0.0181,21427.0
841.0,alexandersamuel,Twitter,635309.0,7.0,0.0986,555.48,0.0171,5754.0
842.0,aryan,Facebook,384067.0,3.0,0.0834,888.13,0.0166,
843.0,,LinkedIn,372328.0,,0.102,277.98,0.0229,5190.0
844.0,mackenziedaniels,Twitter,686976.0,7.0,0.0834,800.44,,18801.0
845.0,alyssa15,LinkedIn,313892.0,5.0,0.0856,508.6,0.0113,26684.0
846.0,jeremiah03,Twitter,202761.0,1.0,0.102,836.59,0.0128,49905.0
847.0,adamthomas,TikTok,781105.0,7.0,0.0642,791.29,0.0389,15829.0
848.0,vanessa81,Instagram,547071.0,5.0,0.0856,,0.0209,2869.0
849.0,rebekah51,Facebook,332559.0,2.0,0.0642,334.87,,32353.0
850.0,elizabethcombs,Twitter,560669.0,5.0,0.0986,61.27,0.0244,42026.0
851.0,ptorres,Twitter,164880.0,3.0,0.102,321.35,0.0375,38509.0
852.0,amanda27,Facebook,2657.0,3.0,0.0986,885.8,0.0385,41614.0
853.0,friley,LinkedIn,452461.0,4.0,0.0834,170.85,0.0458,7707.0
854.0,owensnatalie,Twitter,64732.0,5.0,0.0834,298.05,0.0132,1240.0
855.0,jmcgee,Instagram,215972.0,3.0,0.0856,614.22,0.0191,32905.0
856.0,matthew40,Instagram,519486.0,5.0,0.0642,906.88,0.0281,25497.0
857.0,kathymacias,Twitter,978980.0,4.0,0.0834,119.48,0.0329,15449.0
858.0,shawnallen,Facebook,,3.0,0.0642,775.97,0.0107,15335.0
859.0,,Instagram,977042.0,1.0,0.0856,779.45,,46947.0
860.0,michaelperez,Twitter,221560.0,7.0,0.102,456.61,0.0122,16993.0
,sarah70,Instagram,365816.0,6.0,0.0986,798.27,0.0479,4251.0
862.0,gsharp,TikTok,426904.0,3.0,0.102,383.32,0.0392,42858.0
863.0,hevans,Facebook,441496.0,6.0,0.0642,959.49,0.044,28490.0
864.0,johnwilkinson,LinkedIn,947061.0,1.0,,753.84,0.0189,30656.0
865.0,smithmatthew,TikTok,193123.0,3.0,0.102,85.08,0.038,12143.0
866.0,ashleycooper,Twitter,232292.0,3.0,0.0986,561.63,0.0443,6555.0
867.0,laurendurham,Twitter,102378.0,3.0,0.0642,741.69,0.0132,11142.0
868.0,kelly58,TikTok,638899.0,6.0,,236.48,0.0342,39464.0
869.0,grayrachel,LinkedIn,482640.0,6.0,0.102,97.88,0.0105,32703.0
870.0,hdavis,Instagram,,6.0,0.0856,573.41,0.0392,30061.0
871.0,nicholasmontgomery,TikTok,381077.0,2.0,,,0.0304,40154.0
872.0,gonzaleznicholas,TikTok,775962.0,5.0,0.102,170.04,0.0307,6368.0
873.0,jameskennedy,Facebook,,6.0,0.0856,907.05,0.0105,18427.0
874.0,hannah30,Instagram,516145.0,2.0,0.0834,965.45,0.0481,10313.0
875.0,lisachan,Facebook,708002.0,1.0,0.0642,507.99,0.0154,21563.0
876.0,bradleyfox,LinkedIn,557395.0,5.0,0.0834,365.32,,15360.0
877.0,,Facebook,853287.0,6.0,0.0642,589.66,0.0332,
878.0,jeffreysalazar,LinkedIn,966713.0,3.0,0.0642,90.38,0.0103,26823.0
,david26,Facebook,405709.0,7.0,0.102,136.15,0.0154,36006.0
880.0,robertsanders,Instagram,358990.0,7.0,0.0834,308.89,0.0308,39212.0
881.0,tjohnson,LinkedIn,922161.0,6.0,0.0834,343.96,0.0119,16342.0
882.0,,TikTok,538251.0,7.0,0.0642,692.69,0.0261,26537.0
883.0,zwilliams,Facebook,962281.0,5.0,0.0856,517.59,0.0282,7950.0
884.0,cbrown,LinkedIn,801249.0,5.0,0.0856,500.73,0.037,13400.0
885.0,pierceaaron,Twitter,252922.0,5.0,0.0856,748.78,0.0275,46022.0
886.0,,TikTok,817178.0,4.0,0.102,697.11,0.0286,32670.0
,henrydominique,Facebook,,5.0,0.0856,423.76,0.0332,44058.0
888.0,jennifer41,Instagram,713096.0,4.0,0.0856,303.26,0.0156,41586.0
889.0,patricknoble,Facebook,266163.0,3.0,0.102,276.5,0.0309,42361.0
890.0,gpayne,LinkedIn,124075.0,3.0,0.102,681.66,0.048,33377.0
891.0,charleswilliams,TikTok,746801.0,6.0,0.102,177.41,0.0119,15169.0
892.0,tiffany85,LinkedIn,443099.0,6.0,0.102,920.89,0.0326,29875.0
893.0,doughertyaustin,Facebook,493437.0,6.0,0.0856,310.36,0.0127,31430.0
,,TikTok,897054.0,7.0,0.102,836.59,0.0471,35789.0
895.0,adamthomas,Twitter,568029.0,6.0,0.0642,710.34,0.0341,44664.0
,erikthomas,Twitter,609525.0,7.0,0.102,457.25,0.038,40418.0
897.0,benjamingutierrez,Facebook,595774.0,2.0,0.0642,124.95,0.0417,26579.0
898.0,salazargarrett,TikTok,,,0.0642,955.42,0.0171,
899.0,simpsonsarah,Facebook,392826.0,4.0,0.0856,387.96,0.012,
900.0,lbaldwin,LinkedIn,916449.0,7.0,0.102,286.17,,49757.0
901.0,brianna64,Twitter,,4.0,0.0834,841.85,0.023,46711.0
902.0,kellidaniel,Twitter,329167.0,2.0,0.0856,,0.0424,30636.0
903.0,whitedanielle,Twitter,405188.0,3.0,0.0834,516.5,0.0223,5437.0
904.0,ronnieperry,Facebook,687360.0,7.0,0.0986,189.36,0.0363,41943.0
905.0,woodjodi,LinkedIn,598268.0,6.0,0.102,420.51,0.0131,49975.0
906.0,johnnyphillips,LinkedIn,31884.0,,0.0642,528.03,0.0261,39506.0
907.0,mackenziedaniels,Instagram,314152.0,3.0,0.0834,150.31,0.0345,28344.0
908.0,holmesjohn,Instagram,204557.0,4.0,0.102,899.76,,
909.0,,Instagram,540784.0,6.0,0.0986,356.29,0.0454,8888.0
910.0,nicholas41,LinkedIn,873509.0,,0.0642,356.29,0.0136,22716.0
,snyderryan,LinkedIn,481299.0,7.0,0.0986,184.52,0.0215,36678.0
912.0,sparksshane,Facebook,568450.0,,0.0834,153.65,0.0226,
913.0,qhobbs,Twitter,598610.0,3.0,0.0986,742.16,0.0273,25418.0
914.0,graymelinda,Facebook,649700.0,6.0,0.0834,335.78,0.0391,38751.0
915.0,murphytabitha,Facebook,952560.0,5.0,0.0834,307.1,0.0142,15914.0
916.0,michael16,Twitter,397220.0,2.0,,827.47,0.0283,44996.0
917.0,carlosholt,Instagram,740056.0,1.0,0.0642,573.41,0.0334,15886.0
918.0,ngray,Facebook,414142.0,3.0,0.0834,181.4,0.0249,45224.0
919.0,browndouglas,TikTok,956010.0,4.0,0.0642,511.26,0.0213,
,hughesjohn,Facebook,57202.0,4.0,0.0642,421.56,0.0304,13767.0
921.0,juarezcassandra,TikTok,627955.0,2.0,0.102,74.11,0.016,8859.0
922.0,michael16,LinkedIn,20713.0,4.0,0.0986,139.63,0.0116,21281.0
923.0,rebekah51,Twitter,918985.0,3.0,0.0834,142.09,0.0361,14971.0
924.0,tiffanyferrell,Facebook,427992.0,1.0,0.0986,881.85,0.049,46056.0
925.0,ryan99,LinkedIn,,3.0,0.0834,907.05,0.0137,13899.0
,kristy65,LinkedIn,64066.0,7.0,0.0856,361.15,0.016,19661.0
927.0,katiewolfe,Facebook,598241.0,2.0,0.0834,926.97,0.0115,14159.0
928.0,,TikTok,502892.0,4.0,0.0986,186.45,0.0196,44323.0
929.0,hardyalexander,Twitter,545730.0,,0.0642,969.88,0.0128,36313.0
930.0,lewisjessica,TikTok,460477.0,4.0,0.102,565.07,0.0174,20666.0
931.0,,Instagram,255554.0,3.0,0.0834,132.5,0.0146,43773.0
932.0,smallsteven,Facebook,960566.0,1.0,0.0834,969.09,0.0429,25479.0
933.0,claudiaferrell,Instagram,266013.0,4.0,0.102,894.32,0.011,41419.0
934.0,,LinkedIn,720689.0,,0.102,953.16,0.0237,9465.0
935.0,joshuabailey,Instagram,344255.0,5.0,0.0986,,0.0385,1820.0
936.0,juarezcassandra,LinkedIn,96993.0,1.0,0.102,788.29,0.0337,38516.0
937.0,,Facebook,318772.0,4.0,0.102,435.65,,41853.0
938.0,kevin83,Facebook,237240.0,2.0,0.0834,212.36,,21385.0
939.0,claudiaferrell,Facebook,,5.0,0.0834,492.15,0.0361,30082.0
940.0,mary46,Twitter,846573.0,6.0,,672.69,0.0183,9202.0
941.0,johnsonjeffrey,TikTok,519636.0,2.0,0.0856,375.55,0.0303,46055.0
942.0,petersonjerry,Twitter,418660.0,2.0,0.0986,623.81,0.0391,17652.0
,edwardthomas,Facebook,323220.0,5.0,0.0986,259.06,0.0439,13992.0
944.0,lisa14,Facebook,530906.0,4.0,0.0856,405.98,0.0143,4379.0
,timothynavarro,TikTok,957533.0,1.0,0.0642,689.23,0.0372,8417.0
946.0,mary48,Twitter,515605.0,5.0,0.0642,888.13,0.0112,34782.0
947.0,patrick62,Facebook,531444.0,,,933.11,0.0164,48572.0
948.0,gpayne,Twitter,868936.0,7.0,0.0856,995.79,0.0499,42242.0
949.0,murraykyle,Twitter,675055.0,7.0,0.0642,230.6,0.0463,1103.0
950.0,ngray,TikTok,222758.0,4.0,0.0986,190.5,0.0148,20833.0
951.0,rodgerszachary,Facebook,783860.0,,0.0834,578.0,0.0304,
952.0,ashley80,Instagram,140686.0,4.0,0.0856,264.48,0.0215,33589.0
953.0,hellis,Facebook,275607.0,2.0,0.0642,,0.0468,46128.0
954.0,john57,Instagram,89430.0,4.0,0.0834,166.55,0.0269,49027.0
955.0,xdavis,Twitter,170441.0,3.0,0.102,516.91,0.0443,18104.0
956.0,jonesaustin,TikTok,803978.0,3.0,0.102,323.63,0.044,18555.0
957.0,trobinson,TikTok,884109.0,6.0,0.0856,582.66,0.0128,4346.0
958.0,graymelinda,Facebook,296979.0,2.0,0.102,,0.0485,20127.0
959.0,mauricecalderon,Facebook,656504.0,,0.0834,721.34,0.0317,47564.0
960.0,oprice,TikTok,640803.0,6.0,0.0642,752.14,0.0237,43556.0
961.0,stephanie37,Instagram,363262.0,5.0,0.0986,117.22,0.0393,42135.0
962.0,nturner,LinkedIn,527424.0,3.0,0.0856,517.59,0.0245,29212.0
963.0,,Twitter,,3.0,0.0986,68.93,0.0317,20997.0
964.0,kellidaniel,Facebook,827987.0,4.0,0.0834,451.91,0.0191,10868.0
965.0,grayrachel,Twitter,765928.0,4.0,0.0856,369.37,0.0202,23713.0
,tylermartin,Twitter,842398.0,4.0,0.0856,756.25,0.0397,17207.0
967.0,corymann,TikTok,469186.0,4.0,0.0834,540.02,0.0143,17655.0
968.0,bbarber,TikTok,,4.0,0.102,690.0,0.0107,
969.0,oprice,TikTok,557466.0,1.0,0.0986,253.21,0.0104,10015.0
970.0,xmartinez,Twitter,744125.0,1.0,0.0834,940.02,0.0146,29122.0
971.0,justin99,TikTok,434041.0,6.0,0.0986,277.4,0.0136,12937.0
972.0,carlosholt,Twitter,996474.0,5.0,0.102,991.96,0.0434,23368.0
973.0,thomasjonathan,TikTok,354635.0,4.0,0.0834,215.04,0.0115,48928.0
974.0,colestevens,Instagram,572216.0,5.0,0.0986,878.68,0.0113,5487.0
975.0,vbrady,Instagram,495505.0,3.0,0.0986,987.85,0.0221,25972.0
976.0,jacksongerald,TikTok,4922.0,4.0,0.0642,250.33,0.0264,31007.0
977.0,bethgrimes,,,5.0,0.102,516.5,0.0478,14523.0
978.0,fmolina,LinkedIn,790332.0,2.0,0.0986,114.01,0.0208,18018.0
979.0,elizabethcombs,TikTok,472319.0,3.0,0.0642,322.9,0.049,33311.0
980.0,alvarezdanielle,TikTok,952924.0,7.0,0.0986,,0.0311,17321.0
981.0,dylanriley,TikTok,958397.0,1.0,0.0642,90.45,0.0298,
982.0,nicholaspeters,Facebook,144945.0,5.0,0.0856,776.31,0.0216,27990.0
983.0,wstevens,TikTok,390906.0,3.0,0.0856,516.15,0.0215,45228.0
984.0,treynolds,Facebook,691324.0,7.0,0.0986,61.27,0.0278,20231.0
985.0,,LinkedIn,348533.0,5.0,0.102,878.68,0.0174,16180.0
986.0,elizabethwade,,276479.0,7.0,0.0642,710.34,0.0466,48262.0
987.0,andrewberg,LinkedIn,761935.0,5.0,0.0642,560.62,0.0318,45495.0
988.0,andrew24,LinkedIn,184193.0,2.0,0.0642,903.94,0.0311,20695.0
989.0,dunndaniel,Facebook,476879.0,3.0,0.0834,787.03,0.0112,27865.0
990.0,megan53,Instagram,132355.0,6.0,0.0642,610.44,0.0145,48304.0
991.0,parsonsashley,Twitter,191705.0,4.0,0.0834,287.9,0.0486,6357.0
992.0,jeffreysalazar,,963360.0,3.0,0.102,104.47,0.0311,2371.0
993.0,gregoryrodriguez,TikTok,932294.0,6.0,0.0856,703.39,,23413.0
994.0,justin62,LinkedIn,757785.0,5.0,0.0986,641.6,0.0488,43498.0
995.0,destinymartinez,LinkedIn,583593.0,2.0,,783.6,0.0416,
996.0,zwhite,,501328.0,2.0,0.0856,457.25,0.0197,1846.0
997.0,larryperez,LinkedIn,744391.0,,0.0642,,0.0161,10753.0
998.0,jeffreybennett,TikTok,854723.0,4.0,0.0642,152.61,,41584.0
999.0,eryan,LinkedIn,218156.0,,0.0856,936.37,0.0214,
1000.0,jennifervaughn,LinkedIn,684405.0,5.0,0.102,893.81,0.024,20287.0
1001.0,travis06,Twitter,178482.0,5.0,0.0834,868.53,0.0259,
1002.0,marvin96,Facebook,948551.0,5.0,0.102,224.07,0.0319,38400.0
1003.0,morgancook,LinkedIn,113434.0,6.0,0.0642,820.13,0.0196,32627.0
1004.0,qreyes,TikTok,870361.0,1.0,0.0834,595.24,0.0398,17274.0
1005.0,xlindsey,LinkedIn,628064.0,5.0,0.0642,276.5,0.0335,17562.0
1006.0,ewilliams,Twitter,901862.0,7.0,0.0856,298.05,0.0269,18223.0
1007.0,fwade,LinkedIn,111708.0,7.0,0.0856,194.55,0.0196,3137.0
1008.0,rmendoza,TikTok,670184.0,7.0,0.0642,117.15,0.0335,2395.0
1009.0,pamelagonzalez,Instagram,972298.0,6.0,0.102,330.06,0.0131,34372.0
,johnsonjeffrey,LinkedIn,589887.0,6.0,0.0834,584.95,0.0421,2041.0
1011.0,,TikTok,806500.0,4.0,0.0642,349.72,0.0378,1475.0
1012.0,jade86,LinkedIn,840643.0,1.0,0.0856,211.61,0.0361,32180.0
,gonzaleslauren,TikTok,763093.0,1.0,0.102,808.94,0.0243,13326.0
1014.0,mike65,LinkedIn,449760.0,3.0,0.0856,184.52,,46497.0
1015.0,aprilwilliams,Instagram,38990.0,6.0,0.0642,123.58,0.0479,48090.0
1016.0,kharris,Instagram,857600.0,5.0,0.0986,362.24,0.0473,21955.0
1017.0,paul06,TikTok,912198.0,1.0,0.102,221.45,0.0496,12163.0
1018.0,zjones,Instagram,220545.0,2.0,0.102,616.12,0.0415,29478.0
1019.0,garciajustin,Twitter,896403.0,3.0,0.0834,808.94,0.0486,10417.0
1020.0,justin99,Facebook,,5.0,0.0986,982.66,0.0165,8823.0
1021.0,lorettamorton,Twitter,784183.0,4.0,0.0834,52.41,0.0459,
1022.0,kevinblack,Instagram,127213.0,1.0,0.0642,882.09,,47566.0
1023.0,tracistephens,Twitter,342032.0,,0.0986,935.93,0.0328,20821.0
1024.0,qperkins,Instagram,610277.0,4.0,0.0642,880.42,0.0345,35683.0
1025.0,andrewgregory,Twitter,,7.0,0.0986,,0.0202,44642.0
1026.0,elaine15,Facebook,574236.0,5.0,0.102,899.1,0.0365,15274.0
1027.0,cynthiagraham,Instagram,878539.0,2.0,0.102,884.06,0.0245,27287.0
1028.0,laurendurham,LinkedIn,648470.0,5.0,,681.75,0.0171,44407.0
1029.0,vliu,Facebook,766423.0,7.0,,,0.0281,5303.0
1030.0,omorgan,Facebook,209567.0,4.0,,522.77,0.0392,25620.0
1031.0,kathrynsingh,Facebook,,5.0,0.0856,186.45,0.0273,38243.0
1032.0,larryperez,LinkedIn,337384.0,4.0,0.0834,945.21,0.0401,31872.0
1033.0,,LinkedIn,234673.0,1.0,0.0642,451.91,0.0277,21885.0
1034.0,harrismichael,TikTok,269018.0,,0.102,459.55,0.0389,26815.0
1035.0,wwatson,,230486.0,3.0,,722.82,0.0385,24912.0
1036.0,deannathompson,Twitter,744296.0,4.0,0.0856,428.98,0.0119,6845.0
1037.0,medinanatalie,Instagram,430557.0,,,363.95,0.0329,16760.0
1038.0,thomasherman,Twitter,150422.0,5.0,0.0856,395.39,0.0235,22554.0
1039.0,johnsongregory,TikTok,42192.0,2.0,0.0986,152.61,,25031.0
1040.0,tshaw,LinkedIn,433645.0,2.0,0.0642,218.95,0.0115,37240.0
,ucooper,LinkedIn,794344.0,2.0,0.0856,623.81,0.0258,22443.0
1042.0,ycole,TikTok,563914.0,1.0,0.0856,510.63,0.0236,26457.0
1043.0,lsaunders,Facebook,529776.0,5.0,0.0834,915.05,0.0337,1913.0
1044.0,jstevens,TikTok,739890.0,3.0,0.102,175.95,0.0202,34717.0
,brett02,LinkedIn,105265.0,5.0,0.0642,363.0,0.0239,3468.0
,bpham,Facebook,469840.0,6.0,0.0856,614.04,0.0277,49139.0
1047.0,makaylahall,LinkedIn,731109.0,7.0,0.102,772.09,0.0172,47727.0
1048.0,simmonscarrie,Facebook,472862.0,5.0,0.102,275.71,0.0243,15234.0
1049.0,michael65,Twitter,790225.0,4.0,0.0834,667.05,0.0477,21197.0
1050.0,smithdanielle,Twitter,274595.0,3.0,0.0986,777.68,0.0186,21997.0
1051.0,corydavis,,554781.0,5.0,0.0986,938.98,0.0202,41382.0
1052.0,justin99,Facebook,432622.0,6.0,0.0986,142.09,0.0245,23026.0
1053.0,,Twitter,173091.0,6.0,0.0642,81.94,0.0286,4258.0
,twagner,Twitter,60424.0,6.0,0.0986,376.23,0.0278,23450.0
1055.0,jennifer53,Facebook,346930.0,6.0,0.102,892.6,0.0344,38483.0
1056.0,vday,LinkedIn,352661.0,4.0,0.102,787.03,0.0197,10323.0
1057.0,hughesjohn,LinkedIn,976124.0,3.0,0.0856,612.01,0.0236,23913.0
1058.0,davismichael,Facebook,218066.0,6.0,0.0986,405.74,0.0385,9136.0
1059.0,gmeyer,,803263.0,3.0,0.0642,687.61,0.0127,29238.0
1060.0,thomasortega,Twitter,899546.0,3.0,0.0642,269.91,0.04,
1061.0,,Twitter,558702.0,4.0,0.102,882.09,0.0483,17293.0
1062.0,johnsongregory,Facebook,286492.0,7.0,0.0834,133.68,0.0315,30152.0
1063.0,jaimeedwards,Facebook,417094.0,7.0,0.0856,572.3,0.048,11293.0
1064.0,stephanie37,Instagram,903417.0,3.0,0.0834,775.97,0.0443,6927.0
1065.0,uflowers,Instagram,437472.0,1.0,0.0986,756.44,0.015,17223.0
1066.0,valdezjessica,,17042.0,1.0,0.0856,479.24,0.0154,37521.0
1067.0,kharris,,237956.0,6.0,0.0642,53.9,0.0194,44641.0
1068.0,whunt,Twitter,212158.0,1.0,0.102,244.21,0.0247,1772.0
1069.0,christopher68,,454125.0,5.0,0.0642,827.71,0.0268,19848.0
1070.0,kristinlynch,Facebook,736763.0,2.0,0.0856,130.29,0.031,20808.0
1071.0,zpratt,TikTok,53278.0,6.0,0.0986,589.66,0.016,35803.0
1072.0,tiffanyferrell,TikTok,,3.0,0.0834,729.55,,21440.0
1073.0,tammy29,Instagram,456734.0,1.0,0.0834,,0.038,44985.0
1074.0,,TikTok,209871.0,7.0,0.0856,349.72,0.0219,28412.0
1075.0,elizabeth86,Twitter,,2.0,0.0856,170.04,0.0136,1300.0
1076.0,robert56,Instagram,255622.0,1.0,0.0986,216.01,0.0239,29032.0
1077.0,carrolljames,Facebook,424402.0,1.0,0.102,924.61,0.0239,33433.0
1078.0,combsstephanie,Facebook,24481.0,2.0,0.0986,82.92,0.0335,48400.0
1079.0,jonesangela,TikTok,937342.0,3.0,,940.02,0.04,19128.0
1080.0,ftrevino,TikTok,881996.0,2.0,0.102,944.87,0.024,41093.0
1081.0,aryan,Facebook,205554.0,4.0,0.0642,270.91,0.021,48435.0
1082.0,simmonscarrie,Instagram,560188.0,5.0,0.0834,617.49,0.0235,8733.0
,jeremiah03,Twitter,335763.0,2.0,0.0834,123.58,0.0176,40649.0
1084.0,grahamallison,LinkedIn,739608.0,7.0,0.0856,697.11,0.0198,24984.0
1085.0,amberhanson,Instagram,314573.0,5.0,0.0834,,0.0402,
1086.0,alexandra71,Instagram,571540.0,1.0,0.0642,186.45,0.0203,2576.0
1087.0,edwardschristina,LinkedIn,42505.0,1.0,0.102,214.7,0.0222,10581.0
1088.0,reneecontreras,TikTok,244431.0,1.0,0.0642,208.78,0.0158,8407.0
1089.0,elizabethcombs,LinkedIn,248859.0,6.0,0.0986,331.37,0.0117,41284.0
1090.0,alicechavez,Instagram,710695.0,6.0,0.102,917.31,0.016,19002.0
1091.0,sarah18,Facebook,519602.0,7.0,0.0856,494.5,,9884.0
1092.0,wsmith,Twitter,453264.0,6.0,0.0856,800.15,0.0231,31827.0
1093.0,thayes,Twitter,225444.0,7.0,0.0986,514.07,0.0298,12213.0
1094.0,jamescohen,Instagram,816325.0,,0.0834,894.32,0.0378,
1095.0,peggymunoz,Facebook,119501.0,5.0,0.0856,278.81,0.0196,27871.0
1096.0,sierrajohnson,TikTok,726346.0,5.0,0.0986,153.92,0.0386,
1097.0,,TikTok,311775.0,5.0,0.102,124.3,0.0499,4039.0
1098.0,tracy84,TikTok,617213.0,1.0,0.0856,516.81,0.0269,7666.0
1099.0,johncarpenter,Facebook,602421.0,1.0,0.0642,349.72,0.038,10347.0
1100.0,monroedavid,Facebook,708917.0,2.0,0.102,90.45,0.0259,48768.0
1101.0,thomassherri,Twitter,108519.0,3.0,0.0856,460.86,0.0315,9027.0
1102.0,murphydebbie,TikTok,337374.0,5.0,0.0642,153.92,0.0321,47405.0
1103.0,rebekah51,LinkedIn,214610.0,7.0,0.0834,630.47,0.0245,29875.0
1104.0,snicholson,Facebook,799346.0,4.0,,965.17,0.0112,49860.0
1105.0,williamwyatt,LinkedIn,,6.0,0.0642,435.65,0.046,20058.0
1106.0,irice,Facebook,243027.0,2.0,0.0834,352.12,0.0328,44916.0
1107.0,johnsonkelly,Twitter,484332.0,7.0,0.0986,,0.0364,17246.0
1108.0,fordrichard,Facebook,619502.0,2.0,0.0642,441.13,,14218.0
1109.0,nvincent,LinkedIn,809291.0,5.0,0.0856,806.92,0.0267,13970.0
1110.0,alvarezdanielle,Facebook,416438.0,5.0,0.0834,814.78,0.011,49546.0
1111.0,brandoncooper,,328816.0,6.0,0.0856,820.13,0.0244,
1112.0,stephen63,Instagram,713464.0,6.0,0.0834,694.21,0.0371,36925.0
1113.0,omccann,LinkedIn,902290.0,1.0,0.102,195.91,0.0257,16870.0
1114.0,hrobinson,Twitter,835290.0,3.0,,798.0,0.0471,37041.0
1115.0,alicechavez,LinkedIn,704314.0,2.0,0.0642,387.96,0.0261,
1116.0,charlescisneros,Facebook,937995.0,4.0,0.0856,718.41,0.032,5908.0
1117.0,rhicks,TikTok,976321.0,6.0,0.102,435.65,0.0114,34715.0
1118.0,joshua92,Instagram,223946.0,6.0,0.102,915.43,0.0184,38131.0
1119.0,ryanchambers,,437567.0,2.0,0.0834,502.29,0.0152,24278.0
,elizabethwilson,TikTok,256301.0,5.0,0.102,789.28,0.0298,6589.0
1121.0,nblake,TikTok,878213.0,5.0,0.0642,264.42,0.0194,36767.0
1122.0,yrodriguez,Instagram,403351.0,5.0,0.102,143.89,0.0152,22089.0
1123.0,ruizguy,TikTok,256243.0,5.0,0.0986,81.94,0.0261,33983.0
1124.0,wsmith,TikTok,,1.0,0.102,110.12,0.0464,45289.0
1125.0,elizabethwilson,Instagram,194456.0,4.0,0.0834,831.69,0.0107,20361.0
1126.0,ucooper,Twitter,369302.0,3.0,0.0856,491.99,0.012,35986.0
1127.0,fletcheralexis,Facebook,643110.0,7.0,0.0834,82.89,0.027,8218.0
1128.0,xdavis,Twitter,169644.0,4.0,0.0642,177.41,0.0392,29573.0
1129.0,huberharold,Facebook,258467.0,7.0,0.0986,988.96,0.0172,47892.0
1130.0,caitlin54,Instagram,175468.0,3.0,0.0856,100.31,0.0251,35239.0
1131.0,perezbobby,TikTok,707764.0,5.0,0.0856,493.64,0.0186,46287.0
,davisjose,TikTok,263106.0,,0.0856,363.0,0.0213,38500.0
1133.0,wongyesenia,LinkedIn,473322.0,6.0,0.0986,578.63,0.0442,24863.0
,francessullivan,TikTok,174592.0,6.0,0.102,,0.0203,29064.0
1135.0,donna02,TikTok,147384.0,,0.0834,822.81,0.0247,21596.0
1136.0,zhobbs,LinkedIn,886139.0,1.0,0.102,691.48,0.0237,17866.0
1137.0,teresataylor,Twitter,618849.0,6.0,0.0642,259.06,0.0409,27113.0
1138.0,cynthia04,Facebook,766560.0,2.0,0.102,,0.0492,43997.0
1139.0,barneszachary,Twitter,,7.0,0.0834,933.25,0.0343,33685.0
1140.0,jenniferreilly,Twitter,896810.0,1.0,0.0856,928.28,0.0302,9445.0
1141.0,parsonsmichael,TikTok,203352.0,5.0,0.0834,540.64,0.0154,35853.0
1142.0,,Facebook,76444.0,3.0,0.0834,356.3,0.015,13358.0
1143.0,sara29,Twitter,259664.0,3.0,0.0642,836.59,0.0174,
1144.0,jeffersonmason,Instagram,280560.0,5.0,0.0856,794.46,0.04,28431.0
1145.0,jjones,Facebook,285250.0,5.0,,633.93,0.028,40050.0
1146.0,marquezedward,LinkedIn,723811.0,3.0,0.0986,177.41,0.0191,47172.0
1147.0,,Instagram,941055.0,7.0,0.102,757.24,0.0331,31976.0
1148.0,cynthia25,Twitter,125555.0,6.0,0.0986,626.67,0.032,30410.0
1149.0,hunterjesus,TikTok,40603.0,,0.0856,82.89,0.0302,1098.0
1150.0,henry84,LinkedIn,939722.0,4.0,0.0856,826.28,0.0347,41757.0
1151.0,pittmanfrank,LinkedIn,879558.0,7.0,0.102,224.65,0.0122,23145.0
1152.0,millerrobert,Instagram,911468.0,4.0,0.102,741.69,0.0189,34748.0
1153.0,,Twitter,119901.0,5.0,0.0986,,0.04,5717.0
,,LinkedIn,350348.0,,0.102,638.08,0.012,9484.0
1155.0,ashleycooper,,345139.0,1.0,,853.64,0.0202,9481.0
1156.0,joshua55,Facebook,492628.0,6.0,,135.73,0.0353,43409.0
1157.0,evanscarrie,Facebook,656048.0,5.0,0.0986,681.66,0.0326,46004.0
1158.0,anthonyrobinson,Twitter,267618.0,5.0,0.0834,876.46,0.0475,27716.0
,rodgerszachary,,94250.0,5.0,0.0986,304.18,0.0266,24724.0
1160.0,gtorres,LinkedIn,919738.0,3.0,0.0834,538.1,0.044,
1161.0,,Twitter,82451.0,5.0,0.102,284.36,0.0391,
1162.0,brenda52,TikTok,168617.0,6.0,0.0986,492.15,0.021,30420.0
1163.0,tommy65,Twitter,631845.0,6.0,,420.51,0.0244,9314.0
1164.0,molly66,Twitter,,2.0,0.0856,519.52,0.0133,29353.0
1165.0,josephjordan,Instagram,453066.0,4.0,0.0834,233.02,0.0275,14678.0
1166.0,ipark,Twitter,597471.0,5.0,0.102,428.98,0.04,14506.0
1167.0,kristinemalone,LinkedIn,784560.0,5.0,0.0834,380.39,0.032,29372.0
1168.0,rodgerszachary,TikTok,808217.0,7.0,0.102,630.21,0.0398,48585.0
1169.0,jconner,Instagram,612798.0,7.0,0.0642,,0.0334,1685.0
,lawrencejulie,Instagram,396793.0,7.0,0.0986,117.15,0.0133,13992.0
1171.0,evanssteven,Twitter,820010.0,4.0,0.0834,802.17,0.0335,2699.0
1172.0,ireyes,Facebook,877905.0,1.0,0.102,934.87,0.014,19873.0
1173.0,,Facebook,796072.0,6.0,0.0834,,0.0274,14625.0
1174.0,ahayes,Facebook,898035.0,1.0,0.102,638.08,0.0418,3076.0
1175.0,toddbryan,TikTok,44845.0,1.0,0.0986,846.82,0.0238,36597.0
1176.0,williamsongarrett,TikTok,241215.0,6.0,0.102,349.32,0.0351,27575.0
1177.0,mthomas,Instagram,173755.0,2.0,0.102,729.55,0.0166,46241.0
1178.0,brookegalloway,Twitter,690624.0,4.0,0.102,,0.0454,6393.0
1179.0,hayespamela,Instagram,497175.0,5.0,0.0856,872.77,0.0307,25641.0
1180.0,gregory84,Twitter,954787.0,5.0,0.0856,352.48,0.0423,21893.0
1181.0,mcculloughedward,Instagram,638670.0,1.0,0.102,139.9,0.0321,23828.0
1182.0,dawnwilkerson,Twitter,195871.0,6.0,0.0986,643.57,0.0398,5692.0
,john77,Twitter,658164.0,4.0,0.0856,274.72,0.0488,48662.0
1184.0,oprice,TikTok,227722.0,1.0,0.0834,254.87,0.042,31146.0
1185.0,leemorales,Twitter,388738.0,4.0,0.0834,774.51,,19405.0
,mullinsalicia,,29590.0,5.0,0.0856,710.67,,16126.0
1187.0,,Facebook,207463.0,2.0,,898.66,0.0175,
1188.0,garciakatherine,Instagram,964842.0,5.0,0.0642,330.78,0.0191,45328.0
1189.0,gilbertdavid,Twitter,424599.0,5.0,0.102,485.39,0.0114,45238.0
1190.0,david74,Facebook,91476.0,1.0,0.0986,611.1,0.0496,37404.0
1191.0,aliciajohns,TikTok,888369.0,2.0,0.0642,510.8,0.0264,11925.0
1192.0,conradlaura,Twitter,609960.0,1.0,0.0986,858.82,0.012,27655.0
1193.0,cynthiagraham,LinkedIn,942141.0,5.0,0.0856,539.03,0.0497,6433.0
1194.0,danielharper,,856844.0,4.0,0.0986,975.52,0.0404,24803.0
1195.0,,Facebook,626841.0,4.0,0.0986,228.19,0.0261,23476.0
1196.0,ashley37,Twitter,737926.0,5.0,0.0834,284.36,0.0392,29678.0
1197.0,smurray,LinkedIn,399694.0,2.0,0.0642,189.36,0.0306,40983.0
1198.0,scott72,TikTok,399748.0,6.0,0.0986,353.04,0.0101,22928.0
1199.0,olopez,Instagram,38246.0,1.0,0.0856,763.11,0.0359,42950.0
1200.0,tylermartin,Facebook,273761.0,6.0,0.0986,521.24,0.041,30421.0
1201.0,xcruz,Facebook,507612.0,5.0,0.102,120.74,,32502.0
1202.0,wendylee,Facebook,,6.0,0.0986,907.34,0.0235,32516.0
1203.0,lbaldwin,TikTok,977179.0,4.0,0.0986,81.94,0.0397,24670.0
1204.0,michael65,Instagram,191509.0,3.0,0.0856,596.41,0.0274,22391.0
1205.0,,Facebook,582720.0,1.0,0.0986,905.43,0.0466,14874.0
1206.0,ybrock,Facebook,,2.0,0.0986,643.57,0.0269,12987.0
1207.0,xgarcia,Twitter,549116.0,6.0,0.102,822.81,0.0429,36254.0
1208.0,qramos,Twitter,58767.0,2.0,0.102,546.44,0.0345,19660.0
1209.0,wmercado,TikTok,559860.0,1.0,0.0986,383.19,0.0468,12416.0
1210.0,allen72,LinkedIn,37789.0,6.0,0.0642,215.08,0.0263,46514.0
1211.0,pjones,Twitter,315278.0,7.0,0.102,175.95,0.0437,28635.0
1212.0,elizabeth54,,183189.0,3.0,0.0856,139.38,0.0137,33310.0
1213.0,mullinsalicia,Instagram,928333.0,5.0,0.0986,150.31,0.0496,11646.0
1214.0,ashley80,LinkedIn,110224.0,4.0,0.0642,129.94,0.0471,15698.0
1215.0,patricia15,LinkedIn,323601.0,4.0,0.0834,374.56,0.0303,16513.0
1216.0,cthompson,Instagram,544166.0,6.0,0.102,888.27,0.0249,26994.0
1217.0,paul06,Facebook,822397.0,1.0,0.0856,84.87,0.043,15924.0
1218.0,parsonsmichael,TikTok,864377.0,5.0,0.0986,774.51,0.0208,
1219.0,mary46,LinkedIn,968509.0,7.0,0.0986,730.24,0.0275,43586.0
1220.0,vvega,Twitter,534922.0,5.0,0.0856,881.41,0.0379,47498.0
1221.0,cooklinda,TikTok,410788.0,3.0,0.102,672.69,0.0274,44192.0
1222.0,andersonjuan,Facebook,290021.0,7.0,,103.15,0.0426,12201.0
1223.0,flemingrichard,Facebook,843878.0,4.0,0.102,801.17,0.0358,23026.0
1224.0,henrydominique,Facebook,799914.0,7.0,0.0834,239.32,0.0106,40000.0
1225.0,lewisjessica,Twitter,136057.0,2.0,0.0986,160.84,,13220.0
1226.0,grobinson,Twitter,228703.0,5.0,0.0834,226.55,0.0345,2554.0
1227.0,michelle11,Twitter,536439.0,1.0,,913.87,0.0181,38966.0
1228.0,tiffanyferrell,Twitter,879374.0,6.0,0.0642,473.76,0.0196,22206.0
1229.0,tiffanystevens,LinkedIn,753558.0,1.0,0.0856,651.28,0.0172,26202.0
1230.0,robert31,LinkedIn,171041.0,1.0,0.0834,343.96,0.0202,28812.0
1231.0,ngray,Facebook,805368.0,3.0,,915.43,0.0133,17962.0
1232.0,dannylee,Instagram,,1.0,,521.96,0.0471,40491.0
1233.0,clarkdavid,Instagram,645650.0,3.0,0.0856,152.61,0.0321,48285.0
1234.0,laura55,Instagram,848759.0,6.0,0.102,640.57,0.0499,18086.0
1235.0,lisa14,Twitter,707845.0,4.0,0.0856,433.83,0.0133,18439.0
1236.0,websterchristina,LinkedIn,884149.0,6.0,0.0642,919.05,0.0419,25263.0
1237.0,molinaisaac,TikTok,969918.0,1.0,0.0986,209.6,0.0148,35415.0
1238.0,vdavila,LinkedIn,415133.0,5.0,,955.8,0.0166,2273.0
1239.0,,TikTok,698179.0,6.0,0.0986,104.69,0.0297,20425.0
1240.0,zwilliams,LinkedIn,823055.0,5.0,0.102,383.32,0.0284,2130.0
1241.0,ronnie15,Twitter,692601.0,4.0,0.0856,984.08,,41769.0
1242.0,jonathan39,TikTok,175832.0,1.0,0.102,,0.0111,35749.0
1243.0,ybrock,TikTok,51333.0,3.0,0.0986,286.58,0.0227,27025.0
1244.0,parsonsashley,LinkedIn,,6.0,0.102,831.16,0.0159,34579.0
1245.0,lsaunders,LinkedIn,232287.0,7.0,0.102,278.81,0.0219,32782.0
,jeffery32,Instagram,367431.0,7.0,0.0834,352.12,0.0402,22351.0
1247.0,xlindsey,Facebook,568113.0,6.0,0.102,133.64,0.0351,46396.0
1248.0,jennifer98,Facebook,923057.0,4.0,0.0834,799.04,0.0154,30827.0
1249.0,,TikTok,,4.0,0.0642,982.29,0.0313,47487.0
,snicholson,LinkedIn,194896.0,7.0,0.102,382.74,,1611.0
1251.0,bettyray,Facebook,984007.0,,0.0642,928.28,0.0171,11815.0
1252.0,gutierreznicholas,Facebook,773266.0,2.0,0.0856,439.08,0.0328,40111.0
1253.0,christopherbarnes,TikTok,427556.0,3.0,0.0986,676.94,0.0125,32139.0
1254.0,matthew40,Instagram,293477.0,6.0,0.0856,728.88,0.0321,2227.0
1255.0,tiffanystevens,LinkedIn,126844.0,4.0,0.0856,582.66,0.0273,19609.0
,lpierce,Facebook,,1.0,,430.4,0.0371,20554.0
1257.0,kennedykayla,Twitter,576603.0,5.0,0.0856,694.28,0.0304,48558.0
1258.0,tammy29,TikTok,952779.0,5.0,0.0986,166.55,0.039,15533.0
1259.0,keith55,LinkedIn,260729.0,2.0,0.0642,360.29,0.0483,16327.0
1260.0,laura55,LinkedIn,653087.0,3.0,0.0642,867.57,0.041,7105.0
1261.0,michael65,Twitter,723169.0,4.0,0.102,955.8,0.0366,42009.0
1262.0,meghan87,Twitter,454510.0,3.0,0.102,224.07,0.0389,13871.0
1263.0,ewilliams,Twitter,173119.0,7.0,0.102,510.8,0.0443,28206.0
1264.0,mcintoshrobert,Twitter,265930.0,6.0,0.0834,,0.0335,38990.0
1265.0,perryrichard,TikTok,,3.0,,742.79,0.0381,30170.0
,whitedanielle,Facebook,819287.0,7.0,0.0986,518.83,0.043,30326.0
1267.0,sriley,Twitter,217022.0,3.0,0.0834,565.07,0.0381,24462.0
1268.0,zobrien,Facebook,865108.0,6.0,0.102,,0.048,34277.0
1269.0,alexandra95,LinkedIn,971905.0,,0.0642,456.61,0.0149,13808.0
1270.0,,Facebook,48560.0,4.0,0.0986,972.62,0.0265,38041.0
1271.0,clarkdavid,Facebook,289123.0,5.0,0.0642,762.66,0.0444,45018.0
1272.0,jennifer41,TikTok,508611.0,1.0,0.0834,713.93,0.0413,8394.0
1273.0,martinjoseph,Twitter,974238.0,2.0,0.0856,669.64,0.0249,23852.0
1274.0,justin17,LinkedIn,128124.0,7.0,0.0856,727.33,0.0192,
1275.0,larry14,Twitter,833809.0,2.0,0.0834,602.6,0.0443,37297.0
1276.0,ujohnson,Instagram,607560.0,5.0,0.102,,0.0161,17052.0
1277.0,xcruz,Twitter,594928.0,3.0,,602.23,0.0228,14223.0
1278.0,kwashington,Facebook,,2.0,0.102,323.63,0.0458,43364.0
1279.0,perryrichard,Instagram,375321.0,5.0,0.0856,208.78,0.0133,48382.0
1280.0,kwashington,TikTok,386586.0,6.0,0.0986,429.58,0.0116,24745.0
1281.0,victoria05,Facebook,680805.0,4.0,0.102,218.95,0.0261,49818.0
,bbarber,Facebook,817652.0,6.0,0.0856,291.47,0.0221,17309.0
1283.0,ryan77,Facebook,919547.0,,0.0642,496.08,0.0147,44632.0
1284.0,,LinkedIn,903064.0,7.0,0.102,867.62,0.0234,42560.0
1285.0,michael16,,416286.0,7.0,0.102,276.5,0.0492,
1286.0,gregoryrodriguez,Instagram,491440.0,,0.0834,780.39,0.0487,1823.0
1287.0,snyderryan,Instagram,104873.0,4.0,0.0986,715.37,,40887.0
1288.0,jesse39,Instagram,937429.0,5.0,0.102,318.74,0.0426,6503.0
1289.0,rachelsnyder,TikTok,803567.0,2.0,0.0856,681.75,0.016,39143.0
1290.0,lopezsusan,Twitter,639936.0,5.0,0.102,913.87,0.0204,7892.0
1291.0,sharondillon,Twitter,,7.0,0.0986,511.26,0.0328,13217.0
,andersonjuan,Instagram,949004.0,2.0,0.0856,652.74,0.0201,2833.0
1293.0,elizabethcombs,Twitter,104590.0,,0.0986,652.74,0.021,6473.0
1294.0,stacey77,Twitter,943527.0,1.0,0.0834,456.61,0.0441,38343.0
1295.0,trobinson,LinkedIn,820471.0,6.0,0.0642,993.14,0.0196,47646.0
1296.0,allison03,Facebook,682438.0,5.0,0.0834,522.77,0.0219,32529.0
1297.0,garciajustin,TikTok,279226.0,3.0,0.0834,298.95,0.0274,27037.0
1298.0,kaylasmith,LinkedIn,203131.0,7.0,0.0856,719.2,0.0451,
1299.0,ian14,,902809.0,3.0,0.0834,,0.0294,18361.0
1300.0,lpierce,Instagram,761168.0,1.0,0.0834,575.94,0.0202,24946.0
1301.0,,LinkedIn,741204.0,5.0,0.0642,286.17,0.0489,16075.0
1302.0,dylansmith,Twitter,915039.0,7.0,0.0986,578.37,0.0174,32616.0
1303.0,andre58,Facebook,202995.0,5.0,0.0834,592.26,0.0327,25557.0
1304.0,wrightnorman,TikTok,,4.0,0.0856,291.47,0.0483,
1305.0,tiffany85,LinkedIn,89892.0,,0.0834,538.1,0.013,16761.0
1306.0,taylornathan,Facebook,694166.0,4.0,,987.85,0.0128,9473.0
1307.0,stevensondesiree,Instagram,570495.0,1.0,0.102,170.85,0.0392,13526.0
1308.0,cooksteven,TikTok,717849.0,5.0,0.0642,380.39,0.0369,13973.0
1309.0,hernandezpatricia,LinkedIn,130825.0,2.0,0.0642,973.62,0.0337,40322.0
1310.0,lauragarcia,TikTok,32658.0,1.0,0.0834,,0.0166,34890.0
1311.0,robinparsons,TikTok,918497.0,7.0,0.102,85.1,0.0191,48053.0
1312.0,kevingarcia,LinkedIn,591925.0,5.0,0.0642,,0.0298,6322.0
1313.0,ewalters,Facebook,442434.0,4.0,0.0856,825.22,0.0472,18491.0
1314.0,adunn,Instagram,,1.0,0.0834,469.53,0.0226,25811.0
1315.0,jconner,LinkedIn,632289.0,1.0,0.0986,537.38,0.0137,35464.0
1316.0,aryan,LinkedIn,574614.0,7.0,0.0642,573.91,0.0186,36613.0
1317.0,beth19,Instagram,99936.0,2.0,0.0642,845.29,0.0348,3531.0
1318.0,ubecker,Twitter,370492.0,7.0,0.0986,940.02,0.0366,40842.0
1319.0,jacksongerald,Twitter,331988.0,,0.0834,413.32,0.0187,30151.0
1320.0,perryrichard,Twitter,90194.0,4.0,0.0834,535.84,0.0123,33609.0
1321.0,jennifersanchez,Twitter,922772.0,6.0,0.102,466.92,0.0193,27520.0
1322.0,pblackwell,LinkedIn,979317.0,7.0,0.0834,284.36,0.0222,33530.0
1323.0,michaellee,Twitter,488163.0,1.0,0.102,356.29,0.048,46318.0
1324.0,,TikTok,732283.0,,0.0856,95.36,,27819.0
1325.0,hughesjohn,,159609.0,1.0,0.0856,53.62,0.0331,39817.0
1326.0,harrislisa,Twitter,979041.0,7.0,0.0642,784.57,0.0344,18457.0
1327.0,jmcgee,TikTok,837988.0,6.0,0.0642,919.05,0.0376,37937.0
1328.0,xroberts,TikTok,295677.0,1.0,0.0986,428.98,0.0143,
1329.0,jenniferwaller,Instagram,652369.0,3.0,0.0834,728.89,0.0486,36851.0
1330.0,david74,TikTok,627312.0,2.0,0.0856,862.77,0.0189,20637.0
1331.0,tyleralvarado,Instagram,799076.0,2.0,0.0856,124.95,0.0272,29741.0
1332.0,zjones,Twitter,543904.0,6.0,0.0834,881.41,,39068.0
1333.0,garciakatherine,LinkedIn,802596.0,5.0,0.0986,248.25,0.0344,28249.0
1334.0,,Facebook,352573.0,5.0,0.0834,656.5,0.0307,32256.0
1335.0,ryan99,TikTok,,2.0,0.0986,799.0,0.0273,1516.0
1336.0,lisa32,LinkedIn,797709.0,3.0,,788.29,0.0128,8150.0
1337.0,ritalynch,Instagram,200207.0,2.0,0.102,550.71,,41542.0
1338.0,zbriggs,,31743.0,6.0,0.0834,224.14,0.0397,29156.0
1339.0,bradleyfox,Facebook,541500.0,5.0,0.0856,569.7,0.0238,41482.0
1340.0,michael65,TikTok,531336.0,3.0,0.0856,767.52,,31775.0
,marquezedward,Instagram,833352.0,2.0,0.0986,510.63,0.0222,21979.0
1342.0,michaelflores,TikTok,734159.0,4.0,0.0834,787.03,0.0244,16543.0
1343.0,henry84,Twitter,758710.0,5.0,0.0986,279.7,0.0133,10844.0
1344.0,cookjames,Instagram,75361.0,4.0,0.102,466.94,0.0261,46625.0
1345.0,feliciabrown,Twitter,90585.0,6.0,0.0986,405.74,0.0198,3706.0
1346.0,destinymartinez,LinkedIn,894836.0,3.0,0.102,68.89,,17940.0
1347.0,parsonsmichael,Facebook,60902.0,3.0,0.0856,940.02,0.0274,12539.0
1348.0,thomas49,TikTok,997063.0,5.0,0.0642,303.16,0.0459,34642.0
1349.0,wstevens,TikTok,91935.0,6.0,0.0834,965.17,0.0353,19968.0
1350.0,wwatson,LinkedIn,226279.0,1.0,0.0986,853.81,0.0168,34719.0
1351.0,reidkristine,Instagram,260702.0,,0.0986,147.17,0.0315,22908.0
1352.0,,Facebook,948604.0,6.0,0.102,643.57,0.0286,4194.0
1353.0,johnnyphillips,TikTok,794736.0,6.0,0.0986,640.55,0.0222,19623.0
1354.0,nicole57,LinkedIn,484213.0,1.0,0.0856,667.59,0.0144,18304.0
1355.0,anthonyrobinson,Twitter,282411.0,1.0,0.0856,221.5,0.0258,47009.0
1356.0,jonesaustin,Facebook,789005.0,1.0,0.0834,944.87,0.0133,26825.0
1357.0,wongyesenia,Facebook,217985.0,6.0,0.0642,493.64,0.0253,38081.0
1358.0,lrusso,LinkedIn,741190.0,,0.0642,473.76,0.0412,38259.0
1359.0,jeffreymyers,TikTok,730501.0,4.0,0.0642,540.64,0.047,33992.0
1360.0,gstone,LinkedIn,768063.0,7.0,0.102,472.93,0.0325,40495.0
1361.0,morgancook,Instagram,134989.0,4.0,0.102,61.62,0.0404,47652.0
,victorsmith,Twitter,271993.0,7.0,0.0856,500.73,0.0143,42706.0
1363.0,bettyray,TikTok,,2.0,0.0856,536.5,0.0413,43412.0
1364.0,,Twitter,444545.0,1.0,0.0856,222.46,0.0154,26293.0
1365.0,,Instagram,782320.0,7.0,0.0986,99.67,0.0108,1908.0
1366.0,nblake,TikTok,596499.0,4.0,0.0642,569.7,,20473.0
1367.0,timothyrandall,Instagram,955823.0,1.0,,244.23,0.018,46334.0
1368.0,petersonkristie,Instagram,519657.0,6.0,0.0856,558.4,0.0171,15648.0
,allisonpatterson,LinkedIn,596954.0,7.0,0.0642,799.0,0.0306,12233.0
1370.0,johnsongregory,TikTok,40279.0,1.0,0.0834,992.22,0.0168,14152.0
,mthomas,TikTok,357626.0,4.0,0.0834,333.93,0.0326,27859.0
1372.0,harrisjacob,LinkedIn,455451.0,6.0,0.0856,,0.0497,13098.0
1373.0,wstevens,Facebook,850712.0,2.0,0.0986,507.39,0.0481,
1374.0,dunndaniel,Instagram,116925.0,3.0,0.102,728.89,0.0319,10134.0
1375.0,hellis,Twitter,426195.0,,0.0642,406.54,0.0281,23997.0
1376.0,davisjose,Facebook,192491.0,4.0,0.0986,,0.0234,31897.0
1377.0,aliciajohns,TikTok,175593.0,2.0,0.0642,612.83,0.0212,37449.0
1378.0,bbarber,Facebook,18360.0,6.0,0.102,719.2,0.0152,41012.0
1379.0,ryan77,Facebook,453178.0,4.0,0.0986,94.05,0.0381,39073.0
1380.0,stuartsmith,LinkedIn,281831.0,3.0,0.0642,458.75,0.0473,25572.0
1381.0,mosleymark,Twitter,,7.0,0.0986,539.03,0.0332,6955.0
1382.0,parsonsashley,Twitter,694941.0,1.0,0.0986,899.1,0.0261,26653.0
,carlosholt,Facebook,417403.0,3.0,0.102,906.88,0.011,44446.0
,,Facebook,931528.0,4.0,0.0986,454.84,0.0269,37183.0
1385.0,ctorres,LinkedIn,731326.0,6.0,0.102,507.39,0.0261,49894.0
,,Facebook,492350.0,1.0,0.0834,916.32,0.0303,48313.0
1387.0,vdavila,Facebook,836730.0,3.0,0.0834,719.2,0.0241,24014.0
1388.0,michael65,LinkedIn,626349.0,6.0,0.0986,928.28,0.0427,44376.0
1389.0,justinpatel,Facebook,962720.0,2.0,0.0856,152.61,0.0236,20899.0
1390.0,stuartsmith,Instagram,745223.0,7.0,0.0642,801.17,0.0367,21648.0
1391.0,slambert,Facebook,678518.0,2.0,0.0642,719.56,0.0473,40618.0
1392.0,jmcgee,TikTok,45903.0,3.0,0.0986,822.36,0.021,25464.0
1393.0,,TikTok,890368.0,2.0,0.0834,224.14,0.025,4418.0
1394.0,gmcintosh,LinkedIn,839733.0,4.0,0.0986,278.42,0.015,26374.0
1395.0,tammy32,Facebook,110555.0,2.0,0.0834,233.99,0.0262,29826.0
1396.0,caitlin54,Facebook,447042.0,3.0,0.102,485.02,0.0106,46801.0
1397.0,qfisher,Instagram,839373.0,4.0,0.102,285.16,0.0481,44773.0
1398.0,muellerolivia,LinkedIn,683231.0,5.0,0.0834,573.91,0.0285,
1399.0,yrodriguez,Instagram,442369.0,,0.102,817.67,0.0229,37002.0
1400.0,davistammy,Facebook,292296.0,1.0,0.0834,282.33,0.0285,9540.0
1401.0,julie05,,204363.0,6.0,0.0642,522.77,0.013,22338.0
1402.0,hbrooks,Twitter,719466.0,7.0,0.0856,766.12,0.0391,20064.0
1403.0,jjones,LinkedIn,277074.0,4.0,0.0986,123.58,0.048,42911.0
1404.0,sharris,TikTok,780751.0,5.0,0.102,692.69,0.0343,20496.0
1405.0,deandawn,Facebook,374457.0,3.0,0.102,972.33,0.0143,43874.0
1406.0,erin92,,237174.0,1.0,0.0642,233.02,0.0359,46183.0
1407.0,gsharp,Twitter,,5.0,0.0642,376.23,0.0499,35990.0
1408.0,timothy62,Twitter,457912.0,4.0,0.0834,511.26,0.012,37981.0
1409.0,mikaylataylor,Twitter,432493.0,5.0,0.102,252.29,0.027,10293.0
1410.0,amandahenry,LinkedIn,111103.0,3.0,0.0642,53.32,0.0322,19677.0
,andrewberg,LinkedIn,416402.0,3.0,0.0834,757.24,0.0198,36647.0
1412.0,,Facebook,242684.0,4.0,0.0834,100.31,,4286.0
1413.0,gthomas,TikTok,503188.0,3.0,0.102,902.41,0.0329,13253.0
1414.0,sarah18,TikTok,639169.0,7.0,0.0856,196.71,0.0319,44797.0
1415.0,thayes,LinkedIn,546723.0,5.0,0.0642,228.19,0.0404,21945.0
1416.0,jeffreymyers,LinkedIn,598316.0,5.0,0.0986,406.54,0.0275,32047.0
,ulandry,TikTok,8792.0,5.0,0.0642,228.19,0.0139,23779.0
1418.0,montgomeryjaime,LinkedIn,790589.0,2.0,0.0986,218.75,0.0354,
1419.0,samantha64,Facebook,625121.0,6.0,0.0856,186.45,0.0359,34295.0
1420.0,dixonjulie,Instagram,409866.0,6.0,0.0642,131.64,,15788.0
1421.0,roger15,LinkedIn,205928.0,7.0,0.102,304.18,0.0122,27448.0
1422.0,jbrown,TikTok,343916.0,7.0,0.0642,444.48,0.0391,35899.0
1423.0,,Facebook,350640.0,3.0,0.0856,428.86,0.0228,23818.0
1424.0,hobrien,Instagram,,,0.102,764.67,0.0286,21032.0
1425.0,wmaxwell,Facebook,729466.0,1.0,0.0642,213.67,0.0188,42250.0
1426.0,twagner,LinkedIn,765151.0,6.0,0.0856,612.95,0.0486,4865.0
1427.0,kenneth65,Instagram,674358.0,2.0,0.0642,511.32,0.0138,32101.0
1428.0,adam63,Twitter,422346.0,5.0,0.0834,938.98,0.0307,21180.0
1429.0,kathymacias,TikTok,749777.0,6.0,0.0856,637.48,0.0412,5938.0
1430.0,laurendurham,Facebook,896588.0,5.0,,597.9,0.0432,14030.0
1431.0,samantha64,TikTok,392687.0,7.0,0.0986,654.96,0.0137,47181.0
1432.0,kristinlynch,TikTok,174019.0,3.0,,972.33,0.0168,32403.0
1433.0,thomas49,TikTok,316239.0,1.0,,250.33,0.0101,20319.0
1434.0,tylerwilliams,Facebook,956056.0,3.0,0.0856,370.17,0.0288,1379.0
1435.0,james60,,379589.0,3.0,0.0642,537.16,0.0341,37433.0
1436.0,mary46,Instagram,661780.0,7.0,0.0642,133.68,0.0255,18006.0
1437.0,rebekah51,TikTok,847182.0,2.0,0.102,752.11,0.0373,12003.0
1438.0,,Twitter,126282.0,2.0,0.0986,995.79,,9208.0
1439.0,clementsdevin,Twitter,184415.0,7.0,0.0834,536.5,0.0473,18685.0
1440.0,sarah18,TikTok,962547.0,6.0,0.0986,51.95,0.0321,1005.0
1441.0,emily36,LinkedIn,858607.0,3.0,0.0856,147.17,0.0212,34946.0
1442.0,romerocalvin,LinkedIn,60048.0,5.0,0.0642,948.58,0.0231,12045.0
1443.0,kevingarcia,Instagram,204883.0,6.0,0.0642,689.23,0.048,49813.0
1444.0,,Twitter,30940.0,6.0,0.102,672.02,0.0245,15010.0
1445.0,benjamin31,,884325.0,7.0,0.0986,160.84,0.0249,
1446.0,imorton,Instagram,421218.0,7.0,0.0834,136.29,0.0375,20312.0
1447.0,kristinlynch,LinkedIn,13189.0,4.0,0.0834,146.95,0.0288,20185.0
1448.0,bprice,Twitter,870223.0,1.0,0.0856,517.56,0.0176,13214.0
1449.0,christianamy,Instagram,242274.0,3.0,0.0834,94.05,0.0247,49577.0
1450.0,reidkristine,Twitter,804455.0,3.0,0.0986,651.68,0.0315,35337.0
1451.0,jenniferwaller,TikTok,559973.0,4.0,0.102,952.28,0.0335,7021.0
1452.0,gonzalezjulie,TikTok,417501.0,4.0,0.0856,526.7,0.0348,4408.0
1453.0,monroedavid,Facebook,25782.0,3.0,0.0986,540.02,0.0115,46017.0
1454.0,kgraves,Instagram,325843.0,4.0,0.102,724.29,0.0334,22416.0
1455.0,nicholasnorton,Twitter,874750.0,1.0,0.0642,865.43,,38532.0
1456.0,kelly58,Instagram,619988.0,5.0,0.0834,194.55,0.0347,26599.0
1457.0,hughesmatthew,Instagram,586370.0,2.0,0.0856,748.28,0.0393,
1458.0,christie73,Twitter,760295.0,7.0,0.0856,250.33,0.0493,40519.0
1459.0,owensnatalie,Facebook,467682.0,2.0,0.0856,827.63,0.0454,14698.0
1460.0,andersonjuan,Instagram,,4.0,0.0642,252.39,0.0275,46210.0
1461.0,voconnor,TikTok,829058.0,2.0,0.0834,795.29,0.038,38120.0
1462.0,,TikTok,327269.0,4.0,0.0642,496.08,0.0489,30282.0
1463.0,gregory84,LinkedIn,237737.0,7.0,0.0834,422.04,0.0415,16087.0
,corymann,Instagram,542353.0,5.0,0.102,443.29,0.0101,28540.0
1465.0,alexandra95,Instagram,273069.0,6.0,0.0986,616.12,0.0139,3321.0
1466.0,jenniferthornton,Instagram,99763.0,5.0,0.0986,213.67,0.0138,12039.0
1467.0,,Twitter,,4.0,0.0856,521.24,0.0479,6846.0
1468.0,williamwyatt,Facebook,,6.0,0.0834,870.78,0.0238,42450.0
1469.0,christopher68,LinkedIn,494381.0,1.0,0.0856,578.63,0.0265,
1470.0,kaitlynvalentine,LinkedIn,780763.0,5.0,0.0834,,0.0197,34792.0
1471.0,davistammy,Instagram,831495.0,2.0,0.0834,450.62,0.04,35446.0
1472.0,rhicks,Twitter,670064.0,7.0,0.102,965.86,0.0143,13663.0
1473.0,dnguyen,Instagram,38153.0,3.0,0.0834,89.54,0.0219,10750.0
1474.0,josephjordan,Twitter,951359.0,6.0,0.0642,129.24,,26036.0
1475.0,smithtimothy,LinkedIn,,2.0,0.0986,137.36,0.0278,40953.0
,vgriffith,Facebook,851994.0,4.0,0.102,243.95,0.0429,39232.0
,richardspatrick,Facebook,,5.0,,507.99,0.0191,42247.0
1478.0,garciasarah,Instagram,407656.0,5.0,0.0986,429.01,0.0234,5844.0
1479.0,eugene39,Twitter,762578.0,1.0,0.0642,150.36,0.0224,24397.0
1480.0,ngray,TikTok,827280.0,6.0,0.0834,517.56,0.0108,30387.0
1481.0,xfreeman,Facebook,509590.0,7.0,,431.19,0.0323,49058.0
1482.0,kevingarcia,Twitter,901827.0,6.0,0.0856,926.81,0.0391,23138.0
1483.0,karenbarron,TikTok,100956.0,3.0,0.0642,870.78,0.0369,
1484.0,john82,LinkedIn,634998.0,2.0,0.0856,,0.0477,33870.0
1485.0,susan22,LinkedIn,130072.0,1.0,0.0642,952.28,0.0324,37170.0
1486.0,tiffanyferrell,Twitter,382027.0,2.0,0.0986,915.05,0.0261,38850.0
1487.0,bstanton,Facebook,133055.0,5.0,0.0834,512.18,0.0409,45004.0
1488.0,mhart,TikTok,141579.0,3.0,0.0986,762.66,0.0283,30495.0
1489.0,ipreston,LinkedIn,752801.0,,0.102,550.71,0.0476,47094.0
1490.0,xcruz,Instagram,580976.0,1.0,0.0642,914.72,0.015,41156.0
1491.0,alexandra71,Twitter,532693.0,2.0,0.0834,573.91,0.0192,25476.0
1492.0,hbrooks,Twitter,338588.0,,0.0642,266.98,0.0364,21509.0
1493.0,kathymacias,LinkedIn,708931.0,7.0,,510.63,0.0266,20731.0
1494.0,michaeldavis,,393765.0,6.0,0.102,356.29,0.0278,35661.0
1495.0,lsaunders,,660035.0,2.0,0.0986,692.68,0.0416,1431.0
1496.0,,Twitter,115958.0,3.0,0.0856,602.44,0.0119,41648.0
1497.0,deandawn,LinkedIn,268427.0,6.0,0.102,423.83,0.038,13475.0
,leemorales,TikTok,812846.0,7.0,0.0834,57.23,0.0178,40637.0
1499.0,christopherknox,Facebook,886203.0,6.0,0.0986,594.15,0.0219,46566.0
1500.0,alvarezdanielle,Instagram,649625.0,3.0,0.0856,376.23,0.0145,
1501.0,nicholasmontgomery,TikTok,580646.0,4.0,0.0986,826.28,0.04,11117.0
1502.0,andersonnina,Instagram,409641.0,4.0,0.102,228.19,0.0262,
1503.0,fowlermichael,LinkedIn,905247.0,3.0,0.0856,697.11,0.0405,13301.0
1504.0,bbarber,Twitter,,4.0,0.0834,479.34,,8018.0
1505.0,mary05,TikTok,873258.0,6.0,0.0642,609.25,0.0283,11604.0
1506.0,medinanatalie,Instagram,620886.0,5.0,0.0642,133.68,0.0331,48144.0
1507.0,logan51,Facebook,531297.0,2.0,0.0834,573.41,0.0128,25071.0
1508.0,kimberly57,,796142.0,6.0,0.0834,,0.0197,26633.0
1509.0,thomas49,Facebook,67146.0,,0.102,842.79,0.0413,42312.0
1510.0,donna02,Instagram,524316.0,4.0,0.0834,339.15,,14131.0
1511.0,bakerchristina,LinkedIn,72071.0,1.0,0.0642,724.29,0.0107,32046.0
1512.0,,Facebook,510857.0,2.0,0.0856,238.14,0.0162,25836.0
1513.0,plindsey,TikTok,241361.0,3.0,0.0834,967.56,0.0208,49984.0
1514.0,,LinkedIn,938380.0,,0.0834,505.51,0.0331,38640.0
1515.0,alisonrobertson,TikTok,730561.0,5.0,0.0856,539.69,0.0226,28351.0
1516.0,dmartin,Instagram,495545.0,2.0,,878.68,0.0168,3426.0
1517.0,browndarryl,Facebook,438140.0,4.0,0.0834,192.45,0.021,49099.0
1518.0,destinymartinez,LinkedIn,355143.0,2.0,0.0856,285.16,,46314.0
1519.0,markguzman,Twitter,992846.0,1.0,0.102,224.95,0.0243,2000.0
1520.0,alexis09,Twitter,569580.0,2.0,0.102,770.73,0.0434,30608.0
1521.0,ggonzalez,LinkedIn,951559.0,3.0,,693.78,0.0441,20193.0
1522.0,belinda51,Facebook,24604.0,,0.0856,872.77,0.0311,25739.0
1523.0,gregory54,Facebook,226361.0,4.0,0.0642,473.76,0.0222,39062.0
1524.0,paul43,Instagram,173507.0,5.0,0.0834,285.16,0.038,12244.0
1525.0,rebekah51,LinkedIn,498958.0,2.0,0.0642,537.16,0.0176,31179.0
1526.0,barneszachary,TikTok,470595.0,,0.0834,948.68,0.0203,21010.0
1527.0,fgamble,Twitter,181983.0,7.0,0.0986,,0.0227,47775.0
1528.0,joshuabailey,LinkedIn,181747.0,5.0,0.0856,599.73,0.0444,
1529.0,smcguire,Facebook,369332.0,3.0,0.102,788.29,,30841.0
1530.0,john57,Twitter,793779.0,1.0,0.102,405.98,0.0288,36182.0
1531.0,ljensen,TikTok,690835.0,4.0,0.0856,373.18,0.0272,5402.0
1532.0,omccann,,735869.0,6.0,0.0834,278.81,0.0104,1977.0
1533.0,sbyrd,Twitter,,,0.102,715.11,0.0457,36190.0
1534.0,,Facebook,985826.0,3.0,0.0856,811.74,0.0354,23517.0
1535.0,ejones,Facebook,257411.0,1.0,0.0642,130.29,0.0273,25979.0
1536.0,zpratt,TikTok,156801.0,7.0,0.0642,630.77,,22423.0
,andersonnina,Instagram,344605.0,6.0,0.0642,885.8,0.0267,37705.0
1538.0,zhobbs,TikTok,12879.0,7.0,0.0856,97.1,0.0183,43563.0
1539.0,gonzaleslauren,Twitter,717186.0,4.0,0.0834,,,3647.0
1540.0,,Twitter,337965.0,1.0,0.0856,787.7,0.0279,33446.0
1541.0,mfreeman,LinkedIn,499570.0,7.0,0.0856,859.17,0.0273,47411.0
1542.0,amanda27,TikTok,,7.0,0.0642,,0.0444,33511.0
1543.0,ucooper,Twitter,732935.0,4.0,0.0856,913.87,0.0215,10335.0
1544.0,jonathanherman,Instagram,360909.0,6.0,0.102,126.13,0.0186,49702.0
1545.0,jennifervaughn,Instagram,454881.0,4.0,0.0834,387.36,0.035,30849.0
1546.0,ashleycooper,LinkedIn,527649.0,6.0,0.0986,493.46,0.043,10079.0
1547.0,rcaldwell,Facebook,814545.0,5.0,0.102,876.46,0.0148,10616.0
1548.0,xnelson,TikTok,197926.0,2.0,0.0642,511.76,0.0192,44847.0
1549.0,adam31,Facebook,777266.0,3.0,0.0642,826.39,0.0358,23290.0
1550.0,jordanmartin,,,1.0,0.0856,148.05,0.0343,40224.0
1551.0,pbrooks,Instagram,530316.0,5.0,0.102,264.98,0.0454,48824.0
1552.0,kimberlymorales,Facebook,957468.0,4.0,0.0834,995.14,0.0334,39955.0
1553.0,jmcgee,LinkedIn,626009.0,2.0,0.0856,310.39,0.0174,49467.0
1554.0,gilbertdavid,Facebook,869938.0,6.0,0.102,176.28,0.0402,19360.0
1555.0,ljensen,LinkedIn,912053.0,5.0,,969.81,0.042,33816.0
1556.0,nelsonalfred,Instagram,155322.0,1.0,0.0986,81.51,0.0428,30035.0
1557.0,,Facebook,989204.0,5.0,0.0642,496.08,0.0161,33102.0
1558.0,johnwilkinson,LinkedIn,3880.0,,0.0834,,0.049,6581.0
1559.0,kristinwilson,TikTok,981456.0,1.0,0.0856,,0.0312,17366.0
1560.0,andersonnina,Instagram,119192.0,2.0,0.0986,83.53,0.0353,1229.0
1561.0,gabriellashort,Twitter,377504.0,2.0,0.0834,457.26,0.0404,10218.0
1562.0,acevedoryan,Twitter,852572.0,5.0,0.102,478.69,0.03,45497.0
1563.0,johnsonjeffrey,Facebook,190438.0,6.0,0.0986,633.93,0.0367,38992.0
1564.0,bberry,Twitter,937217.0,5.0,0.0834,177.92,0.021,46177.0
1565.0,wwatson,LinkedIn,851550.0,5.0,0.0642,637.48,,20653.0
1566.0,pamelagonzalez,Facebook,945476.0,3.0,0.0856,184.52,0.0357,15241.0
,ulandry,LinkedIn,111589.0,,0.102,358.78,0.0198,5849.0
1568.0,vanessa81,LinkedIn,,7.0,0.0986,277.01,0.0339,15878.0
1569.0,justinpatel,LinkedIn,742790.0,2.0,0.0642,893.56,0.049,40956.0
1570.0,kwright,Facebook,722263.0,6.0,0.0642,775.97,0.0105,28653.0
1571.0,wjohnson,LinkedIn,881103.0,3.0,0.0856,,0.021,8428.0
1572.0,gbowman,Facebook,124615.0,4.0,0.0834,508.6,0.0223,4071.0
1573.0,plindsey,TikTok,,2.0,0.102,829.47,0.0115,11034.0
1574.0,marcoporter,Twitter,78189.0,4.0,0.0642,177.41,0.0182,13909.0
1575.0,tyler94,LinkedIn,,1.0,0.0856,783.6,0.0307,8040.0
1576.0,xlindsey,Twitter,516125.0,3.0,0.0986,772.9,0.0107,35261.0
1577.0,michael16,Facebook,479112.0,5.0,0.0834,160.86,0.0143,19854.0
1578.0,ewilliams,TikTok,390032.0,2.0,0.0642,721.34,0.0371,17332.0
1579.0,wolfejoshua,Instagram,139736.0,2.0,0.0834,890.31,0.0429,13998.0
1580.0,chaseronald,Facebook,295258.0,7.0,0.102,508.6,0.0417,32955.0
1581.0,jason52,Twitter,622932.0,5.0,0.0834,,0.0119,26435.0
1582.0,sharris,LinkedIn,272612.0,3.0,0.0834,74.72,0.0464,8490.0
1583.0,melendezpamela,Facebook,150508.0,2.0,0.0856,397.29,0.0197,35643.0
1584.0,gluna,TikTok,13757.0,2.0,,512.18,0.0189,32009.0
1585.0,pierceaaron,TikTok,239245.0,7.0,0.102,360.29,0.0418,3905.0
,lsherman,Facebook,530072.0,1.0,0.0856,817.09,0.0398,48222.0
,parsonsashley,TikTok,,7.0,0.102,865.43,0.0194,32149.0
1588.0,carpenterpamela,Facebook,927405.0,6.0,0.0834,802.17,0.0309,34809.0
1589.0,charlescisneros,Twitter,883624.0,4.0,0.102,189.36,0.0278,8839.0
1590.0,mjones,Twitter,789288.0,3.0,0.102,958.39,0.0304,4409.0
1591.0,ipreston,Facebook,506737.0,3.0,0.102,548.59,0.0487,14484.0
,elizabethelliott,TikTok,25973.0,5.0,0.0834,321.35,0.0465,37435.0
1593.0,davidvaldez,Facebook,650756.0,4.0,0.0986,677.17,0.0269,15714.0
1594.0,friley,Instagram,366703.0,7.0,0.0986,670.27,0.0443,21186.0
1595.0,zblackburn,LinkedIn,50221.0,7.0,0.0642,154.35,0.0453,36269.0
1596.0,qfisher,Instagram,654365.0,6.0,0.0834,878.37,0.0404,38496.0
,donna02,Facebook,330189.0,5.0,0.102,779.45,0.0124,
1598.0,brandon78,LinkedIn,253318.0,2.0,0.0834,310.36,0.025,9944.0
1599.0,molly66,LinkedIn,,4.0,0.0642,966.84,0.0412,44220.0
1600.0,clementsdevin,Instagram,586900.0,5.0,0.0834,411.29,0.046,18961.0
1601.0,angela07,Facebook,615112.0,6.0,0.0834,214.78,0.0378,23889.0
1602.0,sparker,LinkedIn,854104.0,1.0,,573.91,0.0347,
1603.0,charlescisneros,TikTok,83494.0,4.0,0.102,776.31,0.0457,33235.0
1604.0,elizabeth54,LinkedIn,970415.0,4.0,0.0642,540.02,0.0297,
1605.0,zhobbs,LinkedIn,682920.0,1.0,0.0986,594.15,0.0436,14284.0
1606.0,wjohnson,LinkedIn,729889.0,7.0,0.0856,500.37,0.0214,10928.0
1607.0,michael61,LinkedIn,897843.0,5.0,0.0856,133.64,0.0348,26096.0
1608.0,lori07,Twitter,837161.0,3.0,0.0834,,0.032,26047.0
1609.0,ngray,TikTok,966863.0,2.0,0.0834,451.91,0.0442,4129.0
1610.0,hrobinson,Instagram,87069.0,7.0,0.0834,230.6,0.0255,45536.0
1611.0,thomas49,Facebook,259891.0,1.0,0.0856,569.7,0.0423,45816.0
1612.0,adam31,Twitter,532077.0,4.0,0.102,535.84,0.0252,27904.0
1613.0,perezbobby,TikTok,171733.0,,0.0642,477.98,0.0392,30739.0
1614.0,tylerwilliams,LinkedIn,427058.0,4.0,0.0986,607.57,0.0165,
1615.0,ashley80,Instagram,973500.0,1.0,0.102,806.51,0.0412,20837.0
1616.0,tonyaevans,LinkedIn,475299.0,4.0,0.0986,648.02,0.0378,40034.0
1617.0,andrew53,Facebook,634480.0,4.0,0.0642,376.11,0.0149,1825.0
1618.0,teresa99,Facebook,249789.0,2.0,0.0834,431.53,0.0426,18847.0
1619.0,rachel74,Instagram,115813.0,6.0,,132.5,0.049,7185.0
1620.0,blakebell,Facebook,636674.0,1.0,0.0856,54.61,0.0341,12077.0
1621.0,parsonsmichael,Twitter,566719.0,1.0,0.102,431.53,0.0237,26610.0
1622.0,gsharp,TikTok,,1.0,0.0834,379.97,0.0215,26278.0
1623.0,adamjohnson,Facebook,408133.0,3.0,0.0642,321.64,0.0496,15693.0
1624.0,rgarrison,Twitter,406843.0,3.0,0.0834,376.93,0.0296,48877.0
1625.0,lisamorrow,LinkedIn,253071.0,3.0,0.102,966.97,0.0272,5223.0
1626.0,fowlermichael,Instagram,340872.0,2.0,0.0986,386.94,0.0332,29183.0
1627.0,gpayne,Facebook,932270.0,4.0,0.102,215.08,0.04,28897.0
1628.0,rmendoza,TikTok,738514.0,,0.0856,969.88,0.0247,8600.0
1629.0,mitchellpatrick,,469139.0,,0.0856,110.12,0.0161,44736.0
1630.0,jeffery32,LinkedIn,162778.0,6.0,0.102,656.5,0.0101,35361.0
1631.0,cscott,LinkedIn,190948.0,2.0,0.0642,395.39,0.0282,30175.0
1632.0,williamsongarrett,Facebook,285636.0,2.0,0.0986,376.75,0.0392,41707.0
1633.0,christopherknox,Instagram,846583.0,6.0,0.102,612.95,0.0163,1225.0
,,Twitter,223729.0,5.0,0.0834,864.15,0.0274,10390.0
1635.0,walterkennedy,Twitter,,3.0,0.0642,841.85,0.0426,4639.0
1636.0,erinowens,LinkedIn,785156.0,2.0,0.0856,959.49,0.0242,49056.0
1637.0,hgonzalez,LinkedIn,150008.0,7.0,0.0986,321.64,0.0155,25458.0
1638.0,michellemcdaniel,Facebook,921377.0,5.0,0.0986,808.94,0.0483,49049.0
1639.0,wsmith,Instagram,387313.0,1.0,0.0986,561.63,0.0324,46928.0
1640.0,thomas49,Instagram,33491.0,1.0,0.0856,274.72,0.0457,24762.0
1641.0,eugene39,Instagram,891631.0,1.0,0.0856,537.38,0.029,
1642.0,sbyrd,,361898.0,3.0,0.102,761.22,0.021,11182.0
1643.0,revans,TikTok,,5.0,0.0856,952.28,0.0467,15642.0
1644.0,teresa99,Instagram,140019.0,5.0,0.0834,991.96,0.0496,31816.0
,lisa73,TikTok,498714.0,1.0,0.0856,117.05,0.014,5113.0
1646.0,uclark,LinkedIn,218847.0,,0.0834,806.51,,31866.0
1647.0,,LinkedIn,568088.0,,0.102,500.37,0.0474,10682.0
1648.0,jamie67,TikTok,68840.0,6.0,0.102,654.96,0.0439,5132.0
,marissa77,Instagram,826759.0,6.0,,584.37,0.0284,9183.0
1650.0,uzhang,,796564.0,1.0,0.0642,298.95,0.0496,2558.0
1651.0,andrew08,Facebook,284303.0,6.0,0.0834,176.47,0.0192,12155.0
1652.0,parsonsmichael,Facebook,674626.0,1.0,0.0642,190.5,0.0201,12102.0
1653.0,,Facebook,161885.0,2.0,0.0642,411.63,0.0477,1447.0
1654.0,tiffanycaldwell,Instagram,910422.0,3.0,0.0834,666.13,0.0285,36425.0
1655.0,dmanning,Twitter,649153.0,3.0,0.0834,849.97,0.0119,
1656.0,gonzalezjulie,LinkedIn,721330.0,1.0,0.0986,640.24,0.0415,25331.0
1657.0,xfreeman,LinkedIn,330173.0,5.0,0.0642,505.51,0.0251,15391.0
1658.0,georgeconnie,TikTok,156922.0,7.0,0.0642,218.75,0.042,12312.0
1659.0,sheila33,TikTok,217194.0,4.0,0.102,135.84,0.0319,15266.0
1660.0,krystal64,Facebook,896299.0,4.0,0.0986,226.55,0.015,29816.0
1661.0,jonathan39,LinkedIn,606713.0,1.0,0.102,52.41,0.0479,15628.0
1662.0,angelsmith,Facebook,396163.0,7.0,0.0642,926.97,0.048,22466.0
1663.0,ggonzalez,Instagram,450999.0,5.0,0.0834,742.39,0.0276,9037.0
1664.0,,Facebook,363795.0,2.0,0.102,681.35,0.015,34517.0
,meghan87,TikTok,117965.0,2.0,0.0834,984.35,0.0349,24328.0
1666.0,,Facebook,491287.0,3.0,0.0856,972.33,0.0273,30013.0
1667.0,samantha64,Twitter,93327.0,5.0,0.102,123.52,0.0239,32763.0
1668.0,jonathan26,TikTok,493424.0,4.0,0.0986,478.69,0.0369,13437.0
1669.0,wsmith,Instagram,543926.0,7.0,0.0986,61.27,0.023,22560.0
1670.0,francojoseph,Twitter,614242.0,2.0,0.0856,820.13,0.0133,40422.0
1671.0,carlosholt,LinkedIn,404932.0,5.0,,221.5,0.0367,14253.0
1672.0,stephen98,Twitter,106125.0,6.0,0.0834,,0.0318,29688.0
1673.0,gacosta,Twitter,196741.0,1.0,,429.01,,15141.0
1674.0,valdezjessica,,197412.0,4.0,0.0986,956.1,,23996.0
,stephanievasquez,Instagram,638196.0,7.0,0.0642,869.5,0.0385,21553.0
1676.0,bnelson,LinkedIn,511275.0,5.0,0.0834,379.97,0.0266,46968.0
1677.0,cruzantonio,TikTok,590375.0,3.0,0.0856,644.12,0.0133,24499.0
1678.0,coxricardo,Twitter,455444.0,6.0,0.0986,461.85,0.0427,2804.0
1679.0,paulprice,Twitter,513646.0,1.0,0.0642,307.1,0.0457,48903.0
1680.0,xlindsey,Twitter,720984.0,5.0,0.0986,669.64,0.0417,3548.0
1681.0,mcdonaldnancy,Twitter,521638.0,,0.102,457.26,0.0395,32945.0
1682.0,,Facebook,720186.0,5.0,0.0856,875.2,0.0315,14659.0
1683.0,baileykerry,TikTok,770188.0,6.0,0.0856,845.29,0.0105,27791.0
1684.0,ipreston,TikTok,45648.0,2.0,0.0856,537.16,0.02,1919.0
1685.0,joe98,Facebook,964839.0,3.0,0.0986,204.59,0.0391,14910.0
1686.0,gutierreznicholas,TikTok,688438.0,5.0,0.0642,141.99,0.0255,33982.0
1687.0,smithedward,TikTok,154350.0,3.0,0.102,468.77,0.0192,20509.0
1688.0,jmcgee,LinkedIn,982082.0,4.0,0.102,,0.0362,19113.0
1689.0,williamcoffey,Facebook,694601.0,4.0,0.0642,884.06,0.0194,24363.0
1690.0,chavezjason,Facebook,997512.0,7.0,0.0834,993.2,0.0397,45717.0
1691.0,andrew24,LinkedIn,507060.0,5.0,0.0856,,,38709.0
1692.0,harrisjacob,Instagram,927289.0,7.0,0.102,,,16554.0
1693.0,jeffery32,Twitter,369007.0,,0.102,973.44,0.0175,18502.0
1694.0,boothjacob,Facebook,659550.0,6.0,0.0986,142.77,0.0334,49860.0
1695.0,jeffreysalazar,Instagram,162313.0,1.0,0.0986,727.33,0.0471,48480.0
1696.0,rachelfisher,Instagram,859608.0,6.0,0.0834,353.04,0.0162,46870.0
1697.0,tprice,Facebook,916368.0,1.0,0.0856,405.98,0.0468,18882.0
1698.0,elizabeth54,Instagram,461984.0,1.0,0.0986,724.29,,13185.0
1699.0,aandrade,TikTok,391673.0,6.0,0.0834,572.3,0.0213,34193.0
1700.0,kdavis,LinkedIn,488743.0,3.0,0.102,934.87,0.0463,26735.0
1701.0,tommy65,Facebook,67742.0,3.0,0.0986,784.57,0.036,30946.0
1702.0,debbieharris,Instagram,969581.0,,,767.52,0.0269,30045.0
1703.0,amanda20,LinkedIn,837586.0,6.0,0.102,940.9,,1133.0
1704.0,ronnieperry,Twitter,86153.0,5.0,0.0986,127.9,0.0475,42146.0
1705.0,fmolina,TikTok,327045.0,2.0,0.0642,181.32,0.0235,20112.0
1706.0,diazmisty,,529426.0,2.0,0.0856,214.7,0.0473,41420.0
1707.0,megan48,TikTok,971111.0,7.0,0.0986,580.89,0.0313,24570.0
1708.0,kelly58,TikTok,177817.0,,0.0642,993.52,0.0417,7617.0
1709.0,simpsonsarah,Instagram,366341.0,3.0,0.102,648.02,0.0459,28466.0
,alyssa19,Facebook,358276.0,2.0,0.102,97.1,0.049,10985.0
1711.0,jilliannielsen,LinkedIn,164819.0,5.0,0.0986,719.2,0.0145,3965.0
1712.0,uzhang,Facebook,316065.0,4.0,0.0856,830.49,0.0123,27414.0
1713.0,meghan87,Instagram,,6.0,0.0986,965.86,0.0461,16523.0
1714.0,taraflores,LinkedIn,,1.0,0.102,785.4,0.0335,22755.0
1715.0,toddkenneth,Facebook,813199.0,5.0,0.0986,152.25,0.0323,7794.0
1716.0,kbass,TikTok,925735.0,4.0,0.0834,182.75,0.0442,40795.0
1717.0,xshort,TikTok,928694.0,5.0,0.0642,756.25,0.0304,34414.0
1718.0,,Instagram,180150.0,,0.0642,152.87,0.0274,33682.0
1719.0,smurray,Facebook,903161.0,4.0,0.102,589.66,0.0321,12688.0
1720.0,stephanielopez,Instagram,166350.0,,0.102,730.24,,28269.0
1721.0,tinajones,TikTok,515242.0,7.0,0.0986,519.52,0.0469,34623.0
1722.0,melissa08,Instagram,665844.0,1.0,0.102,587.66,,12536.0
1723.0,gluna,LinkedIn,618832.0,7.0,0.0834,573.41,,25458.0
1724.0,jamiejones,Instagram,554754.0,,0.0642,767.4,0.0464,32091.0
1725.0,mosleymark,Twitter,428370.0,3.0,0.0856,,0.0192,25091.0
,anthonyanderson,Facebook,743414.0,4.0,0.0856,254.87,0.02,3863.0
1727.0,justin99,Instagram,691620.0,1.0,0.0856,429.01,0.0186,33789.0
1728.0,davisjose,,187750.0,6.0,0.0856,946.08,0.0274,43534.0
1729.0,hernandezshawn,Facebook,682192.0,1.0,0.0834,57.23,0.0272,9588.0
1730.0,john82,LinkedIn,,4.0,0.0834,541.86,0.0214,4318.0
,jamescohen,Instagram,608944.0,6.0,0.0642,249.3,0.0312,10952.0
1732.0,hamiltonjessica,Facebook,501184.0,,0.0834,555.48,0.0102,19472.0
,kenneth65,TikTok,551862.0,4.0,0.0642,574.29,,7288.0
1734.0,slambert,TikTok,817970.0,,0.0834,,0.0362,49874.0
1735.0,carlosrivera,Facebook,947497.0,5.0,0.0986,139.9,0.0417,2793.0
1736.0,sharris,Instagram,689035.0,3.0,0.0986,405.74,0.0202,36107.0
1737.0,vanessa81,Twitter,191239.0,2.0,0.0986,940.9,0.0153,29685.0
1738.0,xzavala,Instagram,763362.0,1.0,0.102,998.2,0.0426,5297.0
1739.0,fduffy,Twitter,800997.0,1.0,0.0856,826.95,0.0144,42955.0
1740.0,sriley,Twitter,412715.0,1.0,0.0986,649.02,0.0172,29111.0
1741.0,corydavis,LinkedIn,243131.0,2.0,0.0642,969.88,0.0284,
1742.0,,LinkedIn,510322.0,3.0,0.0642,370.12,0.0231,43407.0
1743.0,twagner,Instagram,340580.0,,0.0986,154.01,0.0136,38633.0
1744.0,awilkins,TikTok,967703.0,3.0,0.0642,587.97,0.0103,
1745.0,jefferygarcia,Twitter,747116.0,3.0,0.0856,878.68,0.0346,37769.0
1746.0,allison03,Instagram,208253.0,2.0,0.0856,317.31,0.0225,8337.0
1747.0,john77,LinkedIn,993446.0,3.0,0.0834,,0.0338,3710.0
,ptorres,,740472.0,1.0,0.0642,304.18,0.0481,16958.0
1749.0,jeffreymcneil,TikTok,67134.0,1.0,0.102,105.5,0.0443,7378.0
1750.0,david26,Facebook,88957.0,4.0,0.0642,405.98,0.0204,43714.0
1751.0,ryan83,LinkedIn,,7.0,0.0986,357.45,0.043,44007.0
1752.0,davisjose,TikTok,,4.0,0.0856,268.1,0.0112,21559.0
,gregory84,Facebook,711983.0,7.0,0.0834,,0.0397,40769.0
1754.0,lisa73,TikTok,288241.0,7.0,0.0834,916.1,0.0262,20858.0
1755.0,claudiaferrell,TikTok,136573.0,5.0,,915.05,0.0448,36758.0
1756.0,erin92,LinkedIn,353764.0,1.0,0.102,517.59,0.0364,19256.0
1757.0,deannathompson,Twitter,439122.0,2.0,0.102,885.8,0.0419,37772.0
1758.0,walterkennedy,LinkedIn,666051.0,3.0,0.0986,938.98,0.0397,11706.0
1759.0,bettyray,Facebook,857610.0,4.0,0.0642,333.93,,30343.0
1760.0,jeffreymcneil,Twitter,440013.0,5.0,0.0856,500.73,0.0418,40099.0
1761.0,laceyvillarreal,Twitter,533210.0,3.0,0.0856,533.08,0.0255,42447.0
1762.0,cameron78,Twitter,727007.0,6.0,0.0986,932.62,0.0353,46203.0
1763.0,cynthiagraham,Twitter,749759.0,4.0,0.0986,514.07,0.0444,34107.0
1764.0,,Facebook,501656.0,1.0,0.0642,488.49,0.043,6698.0
1765.0,robertmorris,LinkedIn,586015.0,4.0,0.0986,555.7,0.0109,18629.0
1766.0,pittmanfrank,LinkedIn,368937.0,1.0,0.0642,827.71,0.0175,23625.0
1767.0,matthewtaylor,Twitter,296202.0,3.0,0.0834,540.64,0.0329,28702.0
1768.0,richardspatrick,Facebook,418380.0,1.0,0.0834,265.18,0.0453,18961.0
1769.0,klee,LinkedIn,613537.0,7.0,0.102,649.02,0.0419,14085.0
1770.0,qramos,Instagram,616298.0,,0.0856,252.39,0.0402,3387.0
1771.0,hernandezshawn,TikTok,73468.0,,0.0986,769.94,0.0457,9644.0
1772.0,rjohnston,TikTok,370567.0,6.0,0.0856,617.22,0.0112,35191.0
1773.0,hbarnes,Instagram,856053.0,2.0,0.0986,325.81,0.0489,45356.0
1774.0,kimberly47,TikTok,772779.0,2.0,0.0986,81.94,0.0128,44895.0
1775.0,irice,Twitter,118447.0,3.0,0.0856,164.09,0.0499,1452.0
1776.0,ngray,,965805.0,1.0,0.0642,806.51,0.0311,36812.0
1777.0,billpage,LinkedIn,72750.0,4.0,0.0834,617.49,0.0136,30913.0
1778.0,brian16,Facebook,851847.0,7.0,0.0642,526.82,0.0191,22222.0
1779.0,timothy62,LinkedIn,452270.0,4.0,0.0834,817.09,0.0196,27104.0
1780.0,jose67,Facebook,321631.0,6.0,0.102,333.93,0.0221,27186.0
1781.0,owensnatalie,TikTok,755960.0,1.0,,356.3,0.0398,9077.0
1782.0,eric95,TikTok,456769.0,4.0,0.0642,800.44,0.038,31656.0
1783.0,gregory84,Twitter,489563.0,5.0,0.0856,511.76,,29735.0
1784.0,dgarza,LinkedIn,,6.0,0.102,800.44,0.0472,27596.0
1785.0,gregory84,Twitter,193159.0,5.0,0.0856,767.52,0.0226,43316.0
1786.0,gacosta,TikTok,196333.0,6.0,0.102,141.99,0.0284,37267.0
1787.0,larryperez,Instagram,647967.0,6.0,0.0986,340.95,0.0304,47071.0
1788.0,robertharrington,LinkedIn,69900.0,7.0,0.102,431.53,0.0459,
1789.0,jacobwilson,Twitter,320113.0,4.0,0.102,394.17,0.0318,
1790.0,jamiejones,Facebook,53839.0,4.0,0.102,307.1,0.0311,21806.0
1791.0,jeffery32,Instagram,,2.0,0.0986,64.51,0.0341,32353.0
1792.0,ireyes,Twitter,903445.0,2.0,0.102,502.29,0.0149,6117.0
1793.0,rachelfisher,Facebook,725882.0,3.0,0.0856,212.36,0.0214,36095.0
1794.0,lisabarber,,267124.0,5.0,0.0986,986.41,0.0461,
1795.0,vdavila,LinkedIn,174389.0,1.0,0.0834,630.21,0.0328,
1796.0,zbush,TikTok,842569.0,3.0,0.102,214.12,0.0364,27907.0
1797.0,megan48,Instagram,855815.0,7.0,0.0642,693.78,0.0178,24232.0
1798.0,davidsmith,TikTok,130089.0,2.0,0.102,764.67,0.02,29249.0
1799.0,flemingrichard,LinkedIn,312033.0,1.0,,587.66,0.0314,7105.0
1800.0,perezjacqueline,Instagram,718653.0,7.0,,377.8,0.0258,6294.0
1801.0,jacksonsuzanne,Twitter,658164.0,5.0,0.0642,651.18,0.0241,46057.0
1802.0,ruth02,Instagram,,1.0,0.0834,594.15,0.0206,41740.0
1803.0,vmorgan,LinkedIn,827115.0,4.0,0.0986,441.13,0.0143,29772.0
1804.0,bpham,Twitter,967342.0,2.0,0.0642,68.93,0.0212,13597.0
1805.0,pierceaaron,TikTok,354979.0,4.0,0.0986,,0.0327,34613.0
1806.0,ggonzales,Twitter,990007.0,3.0,0.0856,,0.0401,1257.0
1807.0,,,,6.0,0.102,310.39,0.0205,25871.0
1808.0,,Twitter,325735.0,5.0,0.0856,291.47,0.0301,34663.0
1809.0,ngray,Twitter,344416.0,1.0,0.0834,991.41,0.0166,29851.0
1810.0,ibrock,Instagram,919276.0,3.0,0.0856,313.49,0.0397,37096.0
1811.0,hayespamela,Facebook,6467.0,1.0,0.102,,0.0227,11889.0
1812.0,shermanjoshua,Instagram,665594.0,4.0,0.0856,421.56,0.0359,8374.0
1813.0,hobrien,Facebook,136721.0,3.0,0.0834,888.13,0.0234,6869.0
1814.0,ycole,LinkedIn,365060.0,6.0,0.0834,557.58,0.0116,30065.0
1815.0,kayla25,Instagram,971987.0,4.0,0.0856,428.98,0.0456,32425.0
1816.0,katherine30,TikTok,107383.0,7.0,0.102,,0.0299,5149.0
1817.0,gilbertdavid,TikTok,606922.0,4.0,,282.65,0.0341,16175.0
1818.0,carrolljames,Twitter,616808.0,1.0,0.0986,105.5,0.0378,20057.0
1819.0,smithtimothy,,150426.0,1.0,0.0834,428.98,0.0107,14904.0
1820.0,tammy32,Twitter,459835.0,1.0,0.0834,872.61,0.0363,19336.0
1821.0,taylorcooper,Instagram,511435.0,6.0,0.0642,152.25,0.0334,
1822.0,ftrevino,TikTok,328609.0,3.0,0.0642,,0.034,32998.0
1823.0,ejones,LinkedIn,313868.0,7.0,0.102,756.44,0.024,21928.0
1824.0,jaimeedwards,Twitter,541286.0,3.0,0.102,520.22,0.0274,42003.0
,mariah21,Twitter,123307.0,6.0,0.0986,111.24,0.0118,41829.0
1826.0,cody18,Twitter,,6.0,0.0642,765.21,0.0335,47487.0
1827.0,mckenzieadam,TikTok,274291.0,1.0,0.0642,857.28,0.041,15249.0
1828.0,wmaxwell,Facebook,742539.0,2.0,0.102,764.67,0.0183,8589.0
1829.0,hardyjames,LinkedIn,540531.0,5.0,0.102,325.81,0.0194,36331.0
1830.0,brian11,Twitter,458333.0,1.0,0.102,176.0,0.04,28789.0
1831.0,wongyesenia,LinkedIn,924022.0,6.0,0.0856,238.74,0.016,7368.0
1832.0,hgonzalez,Facebook,573300.0,6.0,0.0834,99.67,0.0392,41577.0
1833.0,patrick62,Facebook,515345.0,6.0,0.102,449.39,0.034,19052.0
1834.0,campbelljose,LinkedIn,85801.0,3.0,0.0986,909.29,0.0367,21640.0
1835.0,sparksshane,Instagram,985847.0,5.0,0.0834,505.61,0.044,6312.0
1836.0,hellis,Facebook,886841.0,4.0,0.0642,748.78,0.0163,12217.0
1837.0,adamthomas,TikTok,366771.0,5.0,0.0834,57.19,0.0387,6181.0
,randallmichael,Twitter,265298.0,5.0,0.102,993.2,0.0494,40907.0
1839.0,carlosholt,LinkedIn,25437.0,3.0,0.0986,321.35,0.0413,20641.0
1840.0,lisa91,Twitter,176081.0,7.0,,142.56,,27283.0
1841.0,christie73,TikTok,288326.0,4.0,0.0834,683.43,0.0174,
1842.0,rachelfisher,LinkedIn,364300.0,6.0,0.0856,250.33,0.02,18572.0
1843.0,kennedykayla,TikTok,88744.0,5.0,0.0856,741.69,0.019,39291.0
1844.0,thomaschristian,Instagram,365941.0,7.0,0.0986,961.97,0.0464,46025.0
1845.0,zwhite,Twitter,708107.0,2.0,,,0.0426,38371.0
1846.0,robert05,TikTok,28685.0,5.0,0.0986,124.95,0.012,35749.0
1847.0,stephaniebrennan,TikTok,981120.0,6.0,0.0986,100.35,0.0122,1043.0
1848.0,justin62,LinkedIn,349306.0,2.0,,488.49,0.0202,40271.0
1849.0,adamjohnson,LinkedIn,220730.0,4.0,0.0642,70.66,0.0184,1968.0
1850.0,adamjohnson,TikTok,303324.0,1.0,0.0834,849.97,0.0404,9099.0
1851.0,virginia09,Twitter,68084.0,2.0,0.0642,853.81,0.0467,9898.0
1852.0,fgamble,Instagram,814014.0,,0.0834,640.57,0.0258,38017.0
1853.0,adamjohnson,LinkedIn,105967.0,4.0,0.0986,367.45,0.0148,31496.0
1854.0,davidsmith,Instagram,405144.0,5.0,0.0834,630.77,0.0267,25821.0
1855.0,katherinechristian,Instagram,414797.0,7.0,0.0834,808.23,0.0392,38086.0
1856.0,lbaldwin,Instagram,226849.0,7.0,0.0856,389.68,0.0192,45016.0
1857.0,snyderryan,Twitter,449134.0,4.0,0.0856,651.28,0.0186,17216.0
1858.0,lsherman,Instagram,558469.0,3.0,0.0986,136.78,0.0358,12579.0
1859.0,,Twitter,157351.0,6.0,0.0642,891.71,0.0397,46712.0
1860.0,dnguyen,Twitter,157707.0,4.0,0.102,303.26,0.0208,40829.0
1861.0,melissa08,Instagram,921749.0,5.0,0.0856,953.16,0.0202,33616.0
1862.0,zwhite,Facebook,831616.0,4.0,0.0642,137.36,0.0261,46226.0
1863.0,kimberly47,Instagram,745096.0,1.0,0.0986,798.0,0.0198,24521.0
1864.0,ellenmitchell,Facebook,746544.0,1.0,0.102,195.91,0.0281,37659.0
1865.0,donaldthompson,TikTok,165695.0,7.0,0.0642,876.46,0.0275,6305.0
1866.0,nancy96,LinkedIn,745549.0,5.0,0.0856,587.66,0.0364,43147.0
1867.0,smithedward,TikTok,5009.0,2.0,0.102,282.65,0.0204,5162.0
1868.0,scott72,Twitter,67475.0,,0.102,582.88,0.0337,43110.0
1869.0,stonecharles,LinkedIn,150015.0,7.0,0.0986,516.15,0.0198,14169.0
1870.0,daltonmichael,LinkedIn,444206.0,3.0,0.0856,457.25,0.0209,17563.0
1871.0,james60,Twitter,237066.0,5.0,,,0.0285,31752.0
1872.0,herbertallen,Facebook,889433.0,1.0,0.0642,110.12,0.0201,
1873.0,gracegay,LinkedIn,,2.0,0.102,405.98,0.0207,38674.0
1874.0,juliepayne,Instagram,752170.0,5.0,0.0986,625.62,,2189.0
1875.0,wcolon,LinkedIn,517856.0,7.0,0.0856,925.27,0.0145,11529.0
1876.0,bobbystrickland,Twitter,525079.0,5.0,0.0986,661.37,0.0376,24241.0
1877.0,,Twitter,470402.0,5.0,0.0856,529.18,0.028,16978.0
1878.0,rachelfisher,Facebook,35508.0,1.0,0.0856,187.74,0.0358,
1879.0,michaelchung,LinkedIn,408339.0,3.0,0.102,928.25,0.0255,7173.0
1880.0,tyler31,LinkedIn,656727.0,1.0,,975.52,0.0363,44940.0
1881.0,briannataylor,LinkedIn,,4.0,0.0986,763.66,0.0143,12620.0
1882.0,thomasortega,LinkedIn,699099.0,1.0,0.0642,387.96,0.0419,34096.0
1883.0,steven51,Twitter,102434.0,5.0,0.0834,665.33,0.0191,47098.0
1884.0,michael55,LinkedIn,575747.0,7.0,0.0642,411.29,0.0147,17280.0
,michael22,Twitter,466356.0,4.0,,395.01,0.0206,29378.0
1886.0,stephanielopez,,859490.0,,0.0986,580.89,0.0357,
1887.0,nrodriguez,TikTok,450829.0,1.0,0.0856,,,
1888.0,nicolereyes,Instagram,44173.0,,0.0834,607.57,0.0301,44254.0
1889.0,hellis,Instagram,265406.0,2.0,0.0642,630.47,0.0344,29100.0
,erica07,Facebook,18730.0,3.0,0.0856,497.29,0.0311,39175.0
1891.0,bradleymoore,Instagram,605275.0,6.0,0.0986,64.51,0.0481,44567.0
1892.0,jwallace,Twitter,36843.0,1.0,0.0834,540.64,0.0128,24226.0
1893.0,nicolereyes,Twitter,764784.0,5.0,0.102,428.02,0.0193,35138.0
1894.0,uclark,LinkedIn,727823.0,2.0,0.0856,507.99,0.0349,10359.0
1895.0,wjohnson,Facebook,706518.0,5.0,0.0642,550.71,0.0143,22812.0
1896.0,virginia09,Facebook,994522.0,2.0,0.0834,539.69,0.0286,1285.0
1897.0,slambert,Twitter,129009.0,1.0,0.0856,550.71,0.0155,25167.0
1898.0,kevin80,Instagram,305575.0,4.0,0.0834,452.19,0.0127,36582.0
1899.0,corymann,Twitter,695756.0,2.0,0.102,291.47,0.0397,17954.0
1900.0,fshaw,Twitter,909768.0,3.0,0.102,57.19,0.0304,
1901.0,marvin96,Instagram,840000.0,6.0,0.0642,860.13,0.0105,21984.0
1902.0,ucooper,LinkedIn,912964.0,4.0,0.102,365.32,0.0326,34326.0
1903.0,gonzaleznicholas,Instagram,13616.0,3.0,0.102,508.6,0.0134,9586.0
1904.0,nhoffman,Instagram,217182.0,2.0,0.0986,136.29,,4997.0
1905.0,hayespamela,TikTok,576493.0,5.0,0.0834,226.55,0.0387,13911.0
1906.0,jbonilla,LinkedIn,258578.0,3.0,0.0642,913.39,0.0404,14648.0
1907.0,tiffanyferrell,TikTok,513430.0,6.0,0.102,696.43,0.0481,24292.0
1908.0,belinda51,,900898.0,5.0,0.0642,103.1,0.0273,33393.0
1909.0,steven51,Facebook,845336.0,3.0,0.0834,323.15,0.0123,19154.0
1910.0,johnsonroberto,TikTok,186583.0,1.0,0.102,,,38183.0
1911.0,michaeldavis,Twitter,519102.0,6.0,0.102,724.29,0.0329,14416.0
1912.0,elizabeth92,Twitter,986899.0,5.0,0.0856,787.7,0.0497,29428.0
1913.0,matthew96,TikTok,,1.0,0.0856,352.46,0.0427,35266.0
1914.0,justinpatel,Instagram,174231.0,6.0,0.0986,820.13,0.0369,46566.0
1915.0,hellis,TikTok,607608.0,6.0,0.0856,211.96,0.0133,5875.0
1916.0,ngray,TikTok,120070.0,2.0,0.0986,519.52,0.0306,25704.0
,robert31,Instagram,802324.0,4.0,0.0856,123.52,0.046,13711.0
1918.0,robertmorris,Twitter,157900.0,6.0,0.0642,738.77,0.0248,21940.0
1919.0,,Facebook,,4.0,0.0642,,0.0148,47527.0
1920.0,michaellopez,TikTok,84483.0,1.0,0.0834,612.01,,35402.0
1921.0,carterelizabeth,Facebook,790646.0,7.0,0.0986,,0.0416,41490.0
1922.0,cody87,Facebook,377212.0,7.0,,840.87,0.0206,20101.0
1923.0,,TikTok,910806.0,1.0,0.102,218.75,0.0496,43495.0
1924.0,lawrencejulie,Twitter,625159.0,2.0,0.0642,383.32,0.0159,45336.0
1925.0,vliu,TikTok,115428.0,1.0,0.102,651.68,0.0349,40151.0
1926.0,kellidaniel,,9956.0,6.0,,992.22,0.0238,40835.0
1927.0,trobinson,TikTok,650889.0,7.0,0.0834,888.13,0.0345,13028.0
1928.0,laura14,TikTok,311200.0,2.0,0.0856,276.29,0.0258,31807.0
1929.0,susanbrown,TikTok,782834.0,4.0,0.0834,126.59,0.0468,12626.0
1930.0,clementsdevin,LinkedIn,,7.0,0.0856,993.2,0.0465,18506.0
1931.0,sarah18,Instagram,97413.0,5.0,0.102,731.75,0.0227,44724.0
1932.0,patricknoble,LinkedIn,785671.0,6.0,0.102,933.25,0.038,9442.0
1933.0,michelleriggs,LinkedIn,426097.0,6.0,0.0856,656.5,0.0324,15065.0
1934.0,mitchellpatrick,Twitter,763946.0,3.0,0.0986,511.26,0.0318,17088.0
1935.0,chaseronald,LinkedIn,736225.0,1.0,0.0986,570.51,0.0304,41502.0
1936.0,michelleriggs,Facebook,184235.0,5.0,0.0834,431.53,0.0371,43770.0
1937.0,turnerchristopher,Instagram,588332.0,5.0,0.0642,376.23,0.0255,1482.0
1938.0,pbrooks,Instagram,727521.0,5.0,0.0986,184.52,0.0209,42303.0
1939.0,martinjoseph,LinkedIn,138265.0,7.0,0.0642,360.29,,32869.0
,stephaniebrennan,LinkedIn,198688.0,4.0,0.0856,987.3,0.0161,43867.0
1941.0,calhounrenee,LinkedIn,229382.0,2.0,,822.81,0.0468,11187.0
1942.0,aprilwilliams,LinkedIn,964467.0,7.0,0.0834,74.11,0.0402,23567.0
1943.0,baileykerry,TikTok,443208.0,5.0,,,0.0348,19418.0
1944.0,,Instagram,480990.0,5.0,,194.99,0.0151,8932.0
1945.0,adamjohnson,Instagram,550269.0,1.0,0.0834,830.49,0.0116,24644.0
1946.0,millerjill,TikTok,512971.0,1.0,0.0642,382.74,0.012,31055.0
1947.0,,TikTok,636395.0,1.0,0.102,519.52,0.0313,17270.0
1948.0,williamsongarrett,Instagram,936769.0,2.0,0.0856,302.06,0.0143,39039.0
1949.0,mcintoshrobert,Instagram,575436.0,,0.0856,617.49,0.0261,13640.0
1950.0,anthonyrobinson,TikTok,725789.0,4.0,0.0642,99.67,0.013,22539.0
1951.0,jamescohen,,864092.0,3.0,0.0856,827.63,0.0188,42371.0
1952.0,palmerjeffrey,Twitter,43610.0,7.0,0.102,323.63,0.0201,43323.0
1953.0,jonathanherman,TikTok,698704.0,2.0,0.0834,,0.0318,40908.0
1954.0,erodriguez,LinkedIn,739168.0,7.0,0.0834,279.7,0.0372,8004.0
1955.0,dgarza,Twitter,839661.0,1.0,0.0642,864.63,0.0262,25136.0
1956.0,richardmiller,Instagram,378970.0,2.0,0.0834,538.1,0.0331,28626.0
1957.0,jeffreysalazar,Instagram,659271.0,,0.102,860.13,0.0309,15242.0
1958.0,kaitlyn63,TikTok,677920.0,4.0,0.0986,74.72,0.0195,42852.0
1959.0,ysmith,Twitter,,1.0,0.0856,385.8,0.0272,24100.0
1960.0,anthonyrobinson,Twitter,445990.0,1.0,0.0834,188.5,0.0386,41370.0
1961.0,charleshayes,LinkedIn,650728.0,3.0,0.102,891.71,0.0397,35208.0
1962.0,hellis,TikTok,261956.0,6.0,0.102,252.29,0.0454,31033.0
,westjustin,TikTok,841183.0,5.0,0.0642,875.2,0.0283,5261.0
1964.0,medinanatalie,LinkedIn,690830.0,,0.0986,966.97,0.0391,37628.0
1965.0,nicolegalloway,Instagram,710790.0,2.0,0.102,308.89,0.0174,34784.0
1966.0,mnolan,Instagram,,5.0,0.0834,570.51,,18873.0
1967.0,kfowler,Twitter,238661.0,3.0,0.0642,493.64,0.0358,33229.0
1968.0,andrewberg,Instagram,159099.0,1.0,0.102,170.04,0.0314,32985.0
1969.0,tgraham,Twitter,271206.0,6.0,0.0986,274.72,0.0454,3490.0
1970.0,courtneysanchez,Facebook,551724.0,1.0,0.102,405.98,0.0475,11070.0
1971.0,stephanie02,TikTok,643887.0,7.0,0.0856,127.9,0.0343,
1972.0,toneill,Twitter,475102.0,7.0,0.0834,103.51,0.0466,28609.0
1973.0,megan53,LinkedIn,867889.0,1.0,0.0642,162.02,0.0321,36034.0
1974.0,cthompson,Facebook,637108.0,7.0,0.102,,0.0207,
1975.0,ulandry,LinkedIn,370413.0,5.0,0.0856,276.36,0.0274,
1976.0,robin74,Instagram,918436.0,4.0,0.0834,555.7,0.0486,21390.0
1977.0,erinowens,,917381.0,,0.0834,506.57,0.0314,2034.0
1978.0,canderson,Twitter,672672.0,6.0,0.102,526.7,0.04,43854.0
1979.0,jeffreymyers,LinkedIn,373788.0,5.0,0.0856,894.7,0.0309,44281.0
1980.0,colestevens,Facebook,735815.0,6.0,0.0642,526.82,0.0296,9157.0
1981.0,pbarrett,LinkedIn,669405.0,7.0,0.102,763.11,0.013,39677.0
,shawnallen,Twitter,423085.0,5.0,0.0642,636.6,0.0229,20771.0
,norma50,Twitter,454841.0,4.0,0.0986,432.08,0.0262,10090.0
1984.0,larry14,Facebook,615428.0,5.0,,569.83,0.0346,21573.0
1985.0,muellerolivia,Twitter,795717.0,1.0,0.0856,195.91,0.0228,22501.0
1986.0,cookjames,TikTok,661521.0,6.0,0.0642,,0.0318,32876.0
1987.0,eryan,Twitter,273783.0,6.0,,898.66,0.0278,35421.0
1988.0,williamcoffey,LinkedIn,943428.0,1.0,0.0986,966.01,0.0101,24131.0
1989.0,rgarrison,TikTok,924540.0,4.0,0.0834,395.01,0.0343,23434.0
1990.0,duranbrittany,Facebook,,4.0,0.0642,,0.0354,47520.0
1991.0,sharris,Twitter,514776.0,6.0,0.0642,391.97,0.0227,29417.0
1992.0,tyleralvarado,,171956.0,3.0,0.0856,405.74,0.0311,17627.0
1993.0,katiewolfe,Twitter,182270.0,7.0,0.102,852.45,0.0255,20751.0
1994.0,ujones,Twitter,637252.0,6.0,,897.3,0.0198,11890.0
1995.0,,Twitter,430937.0,4.0,,731.75,0.0208,1012.0
1996.0,carterelizabeth,TikTok,,7.0,0.0856,945.21,,37650.0
1997.0,,TikTok,951876.0,3.0,0.0642,767.4,0.031,17190.0
1998.0,aprilwilliams,Instagram,370045.0,2.0,0.102,225.29,0.0274,31595.0
1999.0,tmarquez,Twitter,316883.0,4.0,0.0856,800.15,0.0288,15905.0
2000.0,whunt,TikTok,,4.0,0.0834,429.09,0.0488,8706.0
2001.0,thomassherri,TikTok,700457.0,2.0,0.0642,194.55,0.0228,36147.0
2002.0,nancy96,Instagram,31728.0,2.0,0.0834,250.31,0.0108,9692.0
2003.0,medinanatalie,Instagram,918435.0,5.0,0.0856,913.39,0.0332,36602.0
2004.0,john57,Facebook,806710.0,1.0,0.0642,277.98,0.0239,9951.0
2005.0,fowlermichael,TikTok,932672.0,7.0,0.0834,162.16,0.0175,2119.0
2006.0,jeremy87,TikTok,79146.0,,0.0642,995.79,0.0251,37125.0
2007.0,bhamilton,Twitter,993205.0,6.0,,422.04,0.0376,45144.0
2008.0,vrussell,TikTok,,5.0,0.0986,166.55,0.0128,30189.0
2009.0,nathandouglas,Instagram,461800.0,1.0,0.0642,666.13,0.0391,34503.0
2010.0,michaelperez,LinkedIn,936274.0,7.0,0.0834,681.66,0.0186,10181.0
2011.0,cody87,Twitter,443697.0,5.0,0.0834,884.1,0.0115,38417.0
2012.0,bethholt,LinkedIn,566633.0,1.0,0.0642,826.28,0.0488,30224.0
2013.0,smithtimothy,TikTok,845091.0,4.0,0.0834,578.63,0.0419,8985.0
2014.0,fordrichard,Instagram,575828.0,,0.0834,148.04,0.0436,23732.0
2015.0,romerocalvin,LinkedIn,988732.0,3.0,0.0642,367.45,0.013,49661.0
2016.0,christopherbarnes,Twitter,553703.0,7.0,0.0642,206.84,0.0178,6133.0
,alexandra95,TikTok,212341.0,1.0,0.0642,763.66,0.0133,37113.0
2018.0,debbieharris,Instagram,323877.0,5.0,0.102,357.45,0.0494,13545.0
2019.0,michaellee,Instagram,325259.0,3.0,0.0986,987.85,0.0136,6889.0
2020.0,ejones,Facebook,922589.0,4.0,0.0834,350.68,0.0138,33971.0
2021.0,jacksonsuzanne,Twitter,,1.0,0.0642,785.47,0.0411,18901.0
2022.0,oprice,Facebook,936806.0,5.0,0.0856,972.33,0.0202,23234.0
2023.0,coxricardo,TikTok,357406.0,7.0,0.102,905.43,0.0145,4865.0
2024.0,fordrichard,Twitter,320428.0,5.0,0.0856,177.32,0.0486,5617.0
2025.0,shawn32,LinkedIn,591389.0,3.0,0.0986,159.96,0.013,48155.0
2026.0,alvarezdanielle,Instagram,458544.0,1.0,0.0856,764.67,0.0318,16631.0
2027.0,patriciabutler,Facebook,348613.0,6.0,0.0856,741.67,0.0128,25525.0
2028.0,timothynavarro,Twitter,581539.0,1.0,0.102,77.54,0.0304,12265.0
2029.0,thomasjonathan,TikTok,254668.0,7.0,0.0834,423.76,0.0314,45092.0
2030.0,ibrock,Twitter,55080.0,6.0,0.0856,721.34,0.038,38534.0
2031.0,john77,TikTok,452614.0,6.0,0.102,829.47,0.0468,4504.0
2032.0,campbellross,Twitter,379082.0,6.0,0.0642,344.14,0.0259,46289.0
2033.0,timothy62,Instagram,983636.0,,0.0834,646.61,0.0188,28668.0
2034.0,adamjohnson,Twitter,363794.0,5.0,0.102,526.7,0.0499,38610.0
2035.0,xcruz,Facebook,173047.0,4.0,0.0856,,0.0404,12867.0
2036.0,jwallace,TikTok,632046.0,6.0,0.0642,308.89,0.0214,45957.0
2037.0,johnwilson,Instagram,870082.0,1.0,0.102,62.71,0.0192,11325.0
2038.0,,Instagram,602172.0,4.0,0.0986,143.55,0.0478,1703.0
2039.0,asimon,Instagram,723431.0,1.0,0.0834,181.53,0.0161,22337.0
2040.0,gacosta,Facebook,140969.0,7.0,0.0986,972.33,0.0174,21307.0
2041.0,uluna,LinkedIn,19750.0,4.0,0.0642,553.49,0.0365,45532.0
2042.0,jason52,Twitter,239920.0,2.0,0.0856,847.14,0.0138,33169.0
2043.0,smithtimothy,TikTok,394936.0,5.0,0.102,,0.0156,27501.0
2044.0,jonathanherman,Twitter,48160.0,7.0,0.0856,777.68,0.0361,43642.0
2045.0,taylorcooper,Instagram,190617.0,,0.0834,390.54,0.0125,26876.0
2046.0,pbarrett,TikTok,62150.0,6.0,0.0856,,0.0208,
2047.0,ojohnson,Facebook,685020.0,,0.0834,724.29,0.0205,46618.0
2048.0,yrodriguez,TikTok,629521.0,5.0,0.0642,281.4,0.016,39795.0
2049.0,samanthaallen,Instagram,834311.0,4.0,0.0856,287.9,0.016,46969.0
2050.0,elizabeth92,Twitter,321216.0,7.0,0.102,,0.0499,8839.0
2051.0,matthew17,Twitter,428619.0,2.0,0.0856,995.79,0.0372,33487.0
2052.0,gene05,Twitter,347822.0,5.0,0.0856,831.69,0.0332,22885.0
2053.0,tracistephens,Facebook,560732.0,4.0,0.0856,962.84,0.0437,25907.0
2054.0,mariewilliams,Instagram,82228.0,1.0,0.0642,775.38,,25149.0
2055.0,cooklinda,LinkedIn,499247.0,4.0,0.0834,336.2,0.0326,20286.0
2056.0,dannylee,Instagram,593337.0,6.0,0.0834,989.55,0.0466,
2057.0,jacksonberry,TikTok,,,0.102,411.63,0.0211,33681.0
2058.0,tiffany85,TikTok,652574.0,1.0,0.0856,446.68,0.0478,1971.0
2059.0,harrismichael,Facebook,705064.0,5.0,0.0986,933.25,,10830.0
2060.0,dawnwilkerson,TikTok,381860.0,3.0,0.0856,,0.048,2219.0
2061.0,jennifer41,Facebook,667217.0,4.0,0.0856,77.54,0.0403,42488.0
2062.0,justinpatel,Facebook,601954.0,6.0,0.0642,,0.0497,37715.0
2063.0,hernandezvanessa,Twitter,22434.0,3.0,0.0986,648.02,0.0186,15961.0
2064.0,steven51,Facebook,839137.0,7.0,0.0856,114.01,0.0186,47184.0
2065.0,randallmichael,TikTok,576045.0,4.0,0.0834,276.29,0.0278,27036.0
2066.0,zwhite,Instagram,948888.0,6.0,0.102,423.83,0.0392,42671.0
2067.0,mark69,Instagram,223913.0,3.0,0.102,485.39,0.0113,20538.0
2068.0,michelleriggs,Twitter,149360.0,3.0,0.0856,507.39,0.0219,26701.0
2069.0,robertsjennifer,LinkedIn,333188.0,4.0,0.0856,103.51,0.0477,19126.0
2070.0,nturner,Facebook,384594.0,7.0,0.102,511.76,0.0445,22447.0
2071.0,brady22,Instagram,996446.0,6.0,0.102,752.11,0.0246,1808.0
2072.0,xmacias,Instagram,947867.0,5.0,0.0986,485.39,0.0178,17204.0
2073.0,maysmeghan,LinkedIn,35440.0,3.0,0.0986,721.34,0.03,10485.0
2074.0,hunterjesus,TikTok,812481.0,3.0,0.0986,142.56,0.0143,8261.0
2075.0,taylornathan,LinkedIn,879351.0,4.0,0.0834,520.67,0.0345,48480.0
2076.0,ycole,,481526.0,2.0,0.0856,149.79,0.0397,26316.0
2077.0,bakerchristina,Twitter,218515.0,1.0,0.0986,516.15,0.0427,39993.0
2078.0,erin92,TikTok,133466.0,1.0,0.0834,951.65,0.0172,13599.0
2079.0,simmonscarrie,Facebook,457343.0,3.0,0.0986,584.81,0.0448,32801.0
2080.0,,,199137.0,6.0,0.0986,408.67,0.0168,25198.0
2081.0,shawn32,Twitter,516152.0,6.0,0.0856,220.8,0.0108,28894.0
2082.0,andrew24,Instagram,,1.0,0.0834,955.85,0.0175,34269.0
2083.0,acevedoryan,TikTok,792195.0,2.0,0.0834,672.69,0.0227,22701.0
2084.0,marvin96,Twitter,581523.0,6.0,0.0986,170.04,0.0476,30462.0
2085.0,cthompson,Facebook,116261.0,6.0,0.0986,905.43,0.0317,25899.0
2086.0,vvega,Twitter,721666.0,7.0,0.0856,903.94,0.0206,12022.0
2087.0,mary48,Twitter,94948.0,3.0,0.0642,,0.0134,26190.0
2088.0,robertsjennifer,TikTok,599932.0,7.0,,561.63,0.032,29575.0
2089.0,thomasherman,LinkedIn,302370.0,5.0,0.0986,557.81,0.0219,38473.0
2090.0,erica07,LinkedIn,50316.0,6.0,0.0642,323.63,0.0246,42715.0
2091.0,hlong,Twitter,356563.0,6.0,0.0642,612.01,0.0122,24387.0
2092.0,gacosta,TikTok,150328.0,2.0,0.0642,310.36,0.0261,9575.0
2093.0,perryrichard,Instagram,703651.0,5.0,0.0986,136.29,0.02,49656.0
2094.0,adam63,LinkedIn,505591.0,4.0,0.0986,596.41,0.0217,31327.0
2095.0,mary05,Twitter,868962.0,2.0,0.0856,262.66,0.0196,12886.0
2096.0,flemingrichard,Instagram,363171.0,5.0,0.102,296.14,0.0469,16341.0
2097.0,shanejohnson,TikTok,634359.0,6.0,0.0856,989.88,0.0154,2167.0
2098.0,tlawson,LinkedIn,700552.0,1.0,,215.04,0.0427,13556.0
2099.0,kjohns,TikTok,509536.0,6.0,0.102,211.96,0.0198,1255.0
2100.0,yweaver,Instagram,58140.0,6.0,,868.53,0.0219,
2101.0,pamelagonzalez,Facebook,586777.0,5.0,0.0856,893.81,0.041,31984.0
2102.0,hughesmatthew,LinkedIn,752430.0,2.0,0.0834,729.55,,15290.0
2103.0,fosterjillian,TikTok,221066.0,7.0,0.0856,141.99,0.0183,12487.0
2104.0,kevin83,Instagram,243151.0,1.0,0.0986,406.54,0.0238,
2105.0,fosterjillian,Instagram,254324.0,2.0,0.102,122.95,0.019,17925.0
2106.0,christianamy,Instagram,59794.0,2.0,0.0834,52.41,0.0101,8223.0
2107.0,,Facebook,223716.0,5.0,0.0856,909.29,0.0335,42347.0
2108.0,keith55,Facebook,674595.0,1.0,0.0986,301.92,0.022,5549.0
2109.0,fordrichard,TikTok,490826.0,5.0,0.0986,,0.0174,24839.0
2110.0,jeremy87,TikTok,111631.0,7.0,0.0834,962.84,0.0219,19912.0
2111.0,garciasarah,Facebook,286326.0,1.0,,421.56,0.0297,16782.0
2112.0,eugene39,Facebook,139803.0,6.0,0.0856,907.34,0.0174,13252.0
2113.0,juliepayne,LinkedIn,953724.0,1.0,0.0834,126.59,0.0267,32922.0
2114.0,ghouse,LinkedIn,198938.0,5.0,0.102,301.92,0.0286,20793.0
2115.0,teresageorge,TikTok,952575.0,1.0,0.0642,919.05,0.0337,5535.0
2116.0,brett02,TikTok,75816.0,3.0,0.0856,557.58,0.05,26538.0
2117.0,ewilliams,TikTok,676656.0,4.0,0.0986,376.76,0.0387,29021.0
2118.0,ronnie15,Instagram,884216.0,6.0,,556.13,,19681.0
2119.0,wmaxwell,LinkedIn,383429.0,,0.0834,667.05,0.0274,48484.0
,carrolljames,Instagram,810819.0,4.0,0.0856,162.16,0.0363,39082.0
2121.0,alexandra95,LinkedIn,399264.0,2.0,0.0642,,,6492.0
2122.0,wmaxwell,,353542.0,2.0,0.102,89.54,0.024,23859.0
2123.0,jay23,TikTok,83075.0,1.0,0.0856,323.9,0.0441,11690.0
2124.0,garciasarah,TikTok,804875.0,1.0,0.0856,195.91,0.0307,49946.0
2125.0,woodjodi,Instagram,295244.0,2.0,0.0986,713.9,0.0453,36677.0
2126.0,sarah70,Twitter,722736.0,,0.0834,277.98,0.0198,31718.0
2127.0,joshua55,Twitter,815746.0,5.0,0.0642,132.5,0.0291,9228.0
2128.0,eugene39,Twitter,940114.0,1.0,0.102,491.43,0.041,16737.0
2129.0,friley,TikTok,228318.0,3.0,,81.94,0.0323,49135.0
2130.0,gregoryrodriguez,Facebook,546839.0,2.0,0.0642,584.95,0.0209,36633.0
2131.0,edward01,Twitter,597601.0,6.0,0.0986,875.2,0.048,26148.0
2132.0,corymann,Instagram,943514.0,1.0,0.0986,162.02,0.0334,8581.0
2133.0,marissa77,TikTok,15889.0,3.0,0.0856,,0.0284,4117.0
2134.0,lisa32,TikTok,971998.0,1.0,0.0986,390.34,0.0477,1458.0
2135.0,erika95,TikTok,669765.0,7.0,0.0986,,0.0205,8948.0
2136.0,hernandezpatricia,TikTok,371012.0,3.0,0.102,510.63,0.0224,29734.0
2137.0,patriciamorse,LinkedIn,221178.0,5.0,0.0856,916.1,0.0222,25770.0
2138.0,gilbertdavid,Facebook,94625.0,5.0,0.0856,969.81,,35707.0
2139.0,benjamin31,LinkedIn,96498.0,5.0,0.0856,358.78,0.0419,18238.0
2140.0,ryanchambers,LinkedIn,926905.0,2.0,0.0642,208.07,,35364.0
2141.0,canderson,LinkedIn,586034.0,6.0,0.102,485.02,0.0168,16643.0
2142.0,davidanderson,Facebook,702522.0,2.0,0.0642,110.12,0.0166,18495.0
2143.0,thomasherman,Facebook,937793.0,5.0,0.0856,204.59,0.0332,7105.0
2144.0,ucooper,Facebook,91096.0,3.0,0.0856,966.01,0.0273,29551.0
2145.0,michael30,Instagram,921370.0,3.0,0.0986,505.51,0.0174,11568.0
2146.0,flowerschristine,TikTok,229685.0,2.0,0.0856,940.9,0.0193,36843.0
2147.0,michaellee,TikTok,295639.0,7.0,0.0834,98.2,0.0381,20701.0
2148.0,james82,Facebook,256766.0,4.0,0.0856,274.55,0.023,6111.0
2149.0,jconner,TikTok,594869.0,3.0,0.0856,540.02,0.0419,34914.0
2150.0,jonathanherman,LinkedIn,44479.0,7.0,0.0834,365.32,0.0417,36110.0
2151.0,nicole57,Instagram,,,0.0834,268.1,0.0161,44936.0
2152.0,cody18,Twitter,416617.0,5.0,0.102,432.08,0.0422,33639.0
2153.0,,Twitter,,6.0,0.102,698.14,,3186.0
2154.0,llopez,Facebook,926558.0,3.0,0.0642,849.97,0.0193,8418.0
2155.0,ladams,Facebook,731436.0,7.0,0.0856,129.24,0.0165,26851.0
2156.0,carlosrivera,TikTok,64649.0,3.0,0.0856,74.11,,17812.0
,jefferygarcia,LinkedIn,8601.0,2.0,0.0834,,0.0412,24117.0
2158.0,nicole57,Twitter,910202.0,,0.102,789.0,0.0138,37052.0
2159.0,jonesangela,Instagram,328147.0,1.0,0.0642,430.92,0.0143,33189.0
2160.0,ashleycooper,LinkedIn,998925.0,6.0,0.0856,474.46,0.0156,45956.0
2161.0,alvarezdanielle,Twitter,695690.0,1.0,0.0834,729.55,0.0326,38914.0
2162.0,valdezjessica,Instagram,530110.0,1.0,,57.19,0.0262,6500.0
2163.0,vliu,LinkedIn,785298.0,2.0,0.0986,638.08,0.0351,43791.0
2164.0,justinwilson,LinkedIn,807952.0,2.0,0.102,385.8,0.0216,38679.0
2165.0,christie73,TikTok,193781.0,3.0,0.0986,356.29,0.0465,32504.0
2166.0,bbarber,LinkedIn,221149.0,3.0,0.0834,375.89,0.0341,9082.0
2167.0,alexandra71,,108984.0,2.0,0.0856,352.12,0.0361,17301.0
2168.0,paulprice,TikTok,904777.0,2.0,0.0642,175.75,0.0196,18854.0
2169.0,taylornathan,Facebook,253105.0,1.0,0.102,380.39,0.0143,46426.0
2170.0,owenskeith,Twitter,893345.0,7.0,0.0986,610.44,0.0302,41856.0
2171.0,williamcoffey,TikTok,578416.0,1.0,,473.76,,23650.0
2172.0,robertpalmer,Instagram,340213.0,1.0,0.0834,965.86,0.0224,41656.0
2173.0,michaellee,TikTok,626526.0,6.0,,864.63,0.0331,30452.0
2174.0,kristinlynch,TikTok,685242.0,4.0,0.102,682.47,0.0259,4643.0
2175.0,shawn32,Twitter,708459.0,1.0,0.0856,960.27,0.0151,47640.0
2176.0,jade86,TikTok,468407.0,3.0,0.0856,170.04,0.0204,23484.0
2177.0,byrdsamantha,Twitter,735830.0,3.0,0.0642,500.37,0.0233,9711.0
2178.0,mary48,Instagram,126936.0,5.0,0.0642,68.89,0.0131,11805.0
2179.0,ojenkins,Facebook,780741.0,5.0,,558.4,0.0222,4713.0
2180.0,tracy84,,940316.0,5.0,0.0986,150.36,0.0266,17004.0
2181.0,lisamorrow,Instagram,217789.0,1.0,0.0986,592.26,0.0386,28672.0
2182.0,justinpatel,Twitter,129309.0,1.0,0.0834,,0.0102,35851.0
2183.0,clarkdavid,LinkedIn,761479.0,4.0,0.0986,801.17,0.0103,38275.0
2184.0,ntodd,LinkedIn,470936.0,5.0,0.0642,211.96,0.0479,14600.0
2185.0,andradewesley,Twitter,489084.0,4.0,0.0834,278.81,0.0312,15237.0
2186.0,cooklinda,Instagram,457754.0,5.0,0.0856,146.95,0.0329,9913.0
2187.0,melissa93,Instagram,551501.0,,0.0856,430.92,0.0309,46382.0
2188.0,emily36,Instagram,605146.0,7.0,0.102,903.99,0.0241,1505.0
2189.0,smurray,TikTok,32711.0,1.0,0.0642,710.67,0.0416,
2190.0,jbrown,Instagram,997844.0,5.0,0.0642,505.61,0.0202,14717.0
2191.0,charleswilliams,Twitter,313050.0,5.0,0.0856,685.4,0.043,29519.0
2192.0,james60,Instagram,10294.0,3.0,,935.93,0.0181,6492.0
2193.0,bondrebecca,Instagram,764427.0,4.0,0.0834,993.19,0.0298,36478.0
2194.0,gene05,Facebook,285482.0,7.0,0.0856,884.1,0.036,49380.0
2195.0,nponce,Facebook,774034.0,4.0,0.0986,604.48,0.024,41244.0
2196.0,henry84,TikTok,794728.0,7.0,,150.36,0.0243,14414.0
2197.0,michaellee,Facebook,642921.0,1.0,0.102,54.61,,33477.0
2198.0,sarahowen,LinkedIn,876150.0,3.0,0.0856,827.71,0.0337,5875.0
2199.0,whitedanielle,Instagram,494995.0,4.0,0.0642,367.56,0.049,1592.0
2200.0,walterkennedy,,75360.0,3.0,0.102,557.76,,38373.0
2201.0,jeffersonmason,Twitter,631092.0,,0.0856,,0.0335,10833.0
2202.0,cooperpaul,Facebook,960949.0,2.0,0.0856,,,15947.0
2203.0,ucooper,Facebook,62868.0,2.0,0.0986,973.62,0.0363,8951.0
2204.0,campbellross,Twitter,824903.0,3.0,0.0834,603.08,0.0262,27163.0
2205.0,ujohnson,Facebook,747676.0,2.0,0.0986,899.76,0.0239,8965.0
,grayrachel,TikTok,802433.0,7.0,0.0986,,0.0154,26890.0
2207.0,tmarquez,Facebook,127104.0,5.0,0.0986,233.02,0.0107,
2208.0,wreed,TikTok,648711.0,3.0,0.102,915.05,0.012,25317.0
2209.0,brian11,Instagram,417193.0,3.0,0.102,461.85,0.038,49718.0
2210.0,david26,Facebook,690166.0,5.0,0.102,870.78,0.019,31661.0
2211.0,nicholas61,TikTok,585124.0,6.0,0.0856,909.29,0.0219,4781.0
2212.0,eric95,Instagram,313949.0,6.0,0.0856,99.67,0.0302,16595.0
2213.0,david74,Facebook,22716.0,7.0,0.0856,899.1,0.0499,34030.0
2214.0,llopez,Twitter,375289.0,5.0,0.0834,267.79,0.0336,2119.0
2215.0,christianmiller,Twitter,161885.0,6.0,0.0834,577.15,0.012,14027.0
2216.0,tylerwilliams,Facebook,209150.0,3.0,0.0642,103.1,0.0223,2879.0
2217.0,robertsjennifer,LinkedIn,377388.0,6.0,0.0834,497.17,0.0326,11916.0
,johnsoncourtney,Instagram,163463.0,2.0,0.0986,,0.0381,18135.0
2219.0,qreyes,Twitter,961687.0,1.0,0.0834,537.42,0.0472,20457.0
2220.0,kwashington,Instagram,610156.0,4.0,0.0986,946.08,,43447.0
2221.0,jasonmiller,Instagram,682887.0,6.0,0.0834,703.39,0.0283,42223.0
2222.0,hawkinskelly,Twitter,304508.0,4.0,0.0642,951.65,0.0461,
2223.0,crosslaura,LinkedIn,185852.0,5.0,0.0834,,0.0181,45753.0
2224.0,uzhang,TikTok,858154.0,5.0,0.102,147.17,,35449.0
2225.0,lance30,Instagram,920824.0,7.0,0.0834,745.68,0.0133,26252.0
2226.0,charlescisneros,Instagram,752080.0,4.0,0.0834,250.31,0.0389,48534.0
2227.0,lisa32,LinkedIn,336810.0,4.0,0.0986,666.13,0.0193,35227.0
2228.0,anne79,Facebook,225805.0,3.0,0.0856,427.57,0.0369,42140.0
2229.0,hlong,LinkedIn,245231.0,6.0,0.102,139.63,0.03,27010.0
2230.0,xzavala,Facebook,99049.0,4.0,0.0834,177.92,0.027,3499.0
2231.0,melendezpamela,LinkedIn,10937.0,6.0,0.0856,888.13,0.0496,19369.0
,garciaaudrey,LinkedIn,988002.0,6.0,0.0856,367.56,0.0231,21818.0
2233.0,pierceaaron,TikTok,564260.0,5.0,0.0856,262.51,0.0235,37102.0
2234.0,jessica46,Instagram,36944.0,6.0,0.0986,349.32,0.0227,33754.0
2235.0,yangpamela,Instagram,514918.0,6.0,0.102,358.83,0.0267,18623.0
2236.0,kbass,TikTok,603820.0,4.0,0.0856,968.85,0.0164,4846.0
2237.0,vbrady,TikTok,229060.0,6.0,0.102,268.92,,17051.0
2238.0,ibrock,TikTok,787603.0,7.0,0.102,103.15,0.0416,4838.0
2239.0,michaellopez,TikTok,569613.0,3.0,0.0642,363.95,0.0249,
2240.0,erinowens,TikTok,903351.0,5.0,0.0856,935.93,0.011,44138.0
2241.0,kennedykayla,Facebook,51205.0,2.0,0.0986,614.22,0.0122,41791.0
2242.0,kevin83,LinkedIn,890474.0,3.0,0.0986,68.89,0.044,45008.0
2243.0,romeroallison,Instagram,54714.0,4.0,0.0834,218.75,0.0467,8329.0
2244.0,petersonkristie,LinkedIn,485918.0,3.0,0.0642,379.97,0.0186,18808.0
2245.0,ugrant,Facebook,582631.0,4.0,0.0642,,0.0498,4031.0
2246.0,rshort,Twitter,,5.0,0.0834,989.55,0.0318,22606.0
2247.0,gonzaleznicholas,Instagram,61818.0,4.0,0.0834,741.79,0.0338,45089.0
2248.0,ijohnson,Instagram,375256.0,5.0,0.0834,402.13,0.0243,3805.0
2249.0,ewalters,Twitter,581099.0,1.0,0.102,852.45,0.0304,17671.0
2250.0,stephaniehouse,Instagram,373772.0,1.0,0.102,247.27,0.0274,34156.0
2251.0,thomaschristian,Facebook,606289.0,3.0,0.0986,182.75,0.024,33463.0
2252.0,tgraham,LinkedIn,535033.0,4.0,0.0856,742.16,0.0174,35320.0
2253.0,nperez,TikTok,568750.0,1.0,0.0642,893.81,0.0398,3225.0
2254.0,hobrien,Twitter,567508.0,2.0,0.0642,926.81,0.0302,26327.0
2255.0,pblackwell,Instagram,972264.0,7.0,0.0642,81.51,0.0303,3508.0
,zbriggs,Facebook,847909.0,7.0,0.102,337.84,0.044,42161.0
2257.0,thammond,LinkedIn,484569.0,5.0,0.0986,,0.0349,16192.0
2258.0,jjones,Facebook,804994.0,5.0,0.0834,435.65,0.0255,48347.0
2259.0,hgonzalez,Facebook,305889.0,2.0,0.0986,75.54,0.0175,30226.0
2260.0,stephanie37,TikTok,169876.0,5.0,0.0834,367.56,0.0494,38735.0
2261.0,xmacias,Facebook,672020.0,5.0,0.0986,428.02,0.0231,12921.0
2262.0,wreed,Facebook,162791.0,6.0,0.0642,237.74,0.0231,37505.0
2263.0,nvincent,Facebook,133455.0,7.0,0.0642,602.23,0.0425,3948.0
2264.0,ujones,Instagram,573206.0,7.0,0.102,687.61,0.0366,47474.0
2265.0,jeffreyrice,,306599.0,1.0,0.0986,604.48,0.0186,26773.0
2266.0,garciakatherine,TikTok,136896.0,6.0,0.102,148.05,,34279.0
2267.0,petersonjerry,Facebook,464099.0,3.0,0.0642,479.24,0.0428,12449.0
2268.0,medinanatalie,TikTok,704439.0,2.0,0.0856,454.63,0.0404,28890.0
,angelarose,LinkedIn,103061.0,5.0,0.0986,270.38,0.0339,42547.0
2270.0,,Instagram,416751.0,1.0,0.0856,902.41,0.0352,11606.0
2271.0,donna02,Instagram,,6.0,0.0856,85.8,0.0354,15579.0
2272.0,lance30,TikTok,175889.0,5.0,0.0856,614.22,0.0121,13311.0
2273.0,nicholas61,,671628.0,1.0,0.0856,422.04,0.019,9830.0
2274.0,bberry,LinkedIn,515359.0,7.0,0.0986,742.39,0.0304,7922.0
2275.0,mariapatel,LinkedIn,171161.0,7.0,0.0642,917.31,0.0206,42066.0
2276.0,gtorres,Twitter,949089.0,1.0,0.0834,878.87,0.0257,38060.0
2277.0,elizabeth86,LinkedIn,872288.0,4.0,0.0856,968.85,0.0238,22360.0
2278.0,alyssa19,Twitter,870020.0,5.0,0.0642,955.42,0.0363,17029.0
2279.0,harrismichael,LinkedIn,972326.0,7.0,,909.29,0.0125,45004.0
2280.0,racheldodson,Facebook,170509.0,3.0,0.0986,266.98,0.011,12438.0
2281.0,jefferygarcia,Twitter,426904.0,4.0,0.0642,965.17,0.0143,39502.0
2282.0,michael16,Twitter,,5.0,0.0642,853.81,0.0499,49817.0
2283.0,gene05,,684060.0,3.0,0.102,257.85,0.0219,30210.0
2284.0,ycole,LinkedIn,178076.0,1.0,0.0856,676.94,0.0361,27700.0
2285.0,stephen63,Twitter,,4.0,0.102,804.4,0.0122,20860.0
2286.0,michellemcdaniel,Instagram,539863.0,4.0,0.0642,563.74,0.0304,32522.0
2287.0,francessullivan,LinkedIn,546085.0,2.0,0.0856,541.86,0.0229,10075.0
2288.0,elizabeth92,Facebook,143685.0,2.0,0.0856,752.14,0.013,32040.0
2289.0,cunninghamkevin,TikTok,171943.0,,0.0986,985.46,0.0439,10772.0
2290.0,gtorres,LinkedIn,437572.0,5.0,0.0642,278.81,0.031,41028.0
2291.0,stephen98,Facebook,10223.0,5.0,0.0642,761.22,0.0331,45526.0
,patty20,TikTok,861319.0,1.0,0.0834,682.99,0.0205,43725.0
2293.0,sierrajohnson,TikTok,640393.0,5.0,0.0856,444.48,0.0114,14922.0
2294.0,eryan,LinkedIn,152335.0,2.0,0.0834,250.33,0.0214,40812.0
2295.0,michaelbaker,Facebook,214317.0,3.0,0.102,257.67,0.0458,36680.0
2296.0,brady22,Twitter,317565.0,,0.0834,367.45,0.0381,2235.0
2297.0,lauragarcia,Twitter,164964.0,3.0,0.0834,268.92,0.0431,22066.0
2298.0,rjohnston,TikTok,995224.0,1.0,0.0856,607.57,0.024,29035.0
2299.0,uzhang,Facebook,460391.0,4.0,,,0.0477,11127.0
2300.0,michaelchung,Facebook,390794.0,6.0,0.0856,604.48,0.0422,37722.0
2301.0,,TikTok,107961.0,7.0,0.102,,0.0137,46767.0
2302.0,williamsongarrett,LinkedIn,,,0.0642,884.06,0.0143,16736.0
2303.0,lbaldwin,Instagram,95357.0,1.0,0.0642,98.99,0.0404,22185.0
2304.0,martinjoseph,TikTok,152680.0,6.0,0.0642,789.39,0.0275,25393.0
2305.0,lbaldwin,TikTok,744395.0,3.0,0.0986,670.27,0.046,10107.0
2306.0,,Instagram,259008.0,1.0,0.102,516.5,0.0249,48349.0
2307.0,ctorres,,383254.0,2.0,0.0856,308.89,0.0202,30380.0
2308.0,tprice,,285639.0,5.0,0.102,938.02,0.0335,13500.0
,daniellelamb,Instagram,791749.0,5.0,0.102,,0.0328,45100.0
2310.0,,Facebook,356920.0,3.0,0.0834,938.02,,8332.0
2311.0,fordrichard,TikTok,83990.0,1.0,0.0642,,0.0334,26533.0
2312.0,victoria86,Facebook,424764.0,5.0,0.0856,502.29,0.0385,42953.0
2313.0,mfreeman,Twitter,780164.0,4.0,0.0834,325.81,0.0258,22195.0
2314.0,ipark,Instagram,217427.0,7.0,0.0986,177.41,0.0145,37969.0
2315.0,hgonzalez,Instagram,542665.0,3.0,0.0986,535.84,0.0397,16661.0
2316.0,henrykendra,TikTok,128753.0,7.0,0.102,,0.0246,10943.0
2317.0,ftrevino,Instagram,960536.0,6.0,0.102,784.57,0.0274,13992.0
2318.0,wcolon,Instagram,341246.0,5.0,0.0856,967.5,0.0228,6778.0
2319.0,cynthia25,Facebook,541220.0,1.0,0.0856,846.82,0.0298,22023.0
2320.0,martinjoseph,Instagram,126963.0,6.0,0.102,710.67,0.0174,19993.0
2321.0,keithseth,Instagram,946772.0,2.0,0.102,456.74,0.029,12252.0
,zbriggs,,862387.0,4.0,0.102,966.01,0.0151,36702.0
2323.0,flowerschristine,Facebook,434506.0,1.0,0.0642,834.49,0.0171,41203.0
2324.0,bstanton,Instagram,509782.0,3.0,0.0856,156.13,0.0115,37282.0
2325.0,andrew53,Instagram,339072.0,2.0,0.102,466.51,0.0243,14819.0
2326.0,brianna64,,539964.0,1.0,0.102,433.83,0.0143,28512.0
2327.0,,Twitter,377679.0,5.0,0.0856,384.1,0.0454,6684.0
2328.0,riverakevin,Instagram,879051.0,5.0,0.0834,98.2,0.0478,48611.0
2329.0,smithkristin,LinkedIn,835101.0,6.0,0.0834,75.54,0.0426,
2330.0,taylornewman,Facebook,816287.0,,0.0856,192.45,0.025,7498.0
2331.0,leahcarter,Facebook,371431.0,5.0,0.0834,287.9,0.0192,34781.0
2332.0,dixonjulie,Instagram,23349.0,7.0,0.0642,766.12,0.0115,45588.0
2333.0,,Instagram,430906.0,5.0,0.0856,831.16,0.0244,3136.0
2334.0,johnwilkinson,LinkedIn,672629.0,5.0,0.0856,655.03,0.0211,24783.0
2335.0,pbrooks,LinkedIn,777395.0,5.0,0.0642,877.89,0.0483,47641.0
2336.0,treynolds,TikTok,49734.0,5.0,0.0856,83.12,0.0119,43582.0
2337.0,jeffreymcneil,Twitter,620825.0,5.0,0.0986,398.1,0.03,46995.0
2338.0,kristinlynch,Facebook,18208.0,6.0,0.102,482.45,0.0191,21802.0
2339.0,jacksonberry,Instagram,264295.0,5.0,0.0642,62.71,0.0189,2375.0
2340.0,romerojorge,Instagram,781122.0,6.0,0.0834,,0.0497,25797.0
2341.0,brian11,Twitter,544608.0,4.0,0.0986,940.02,0.0447,2818.0
2342.0,acevedoryan,Facebook,,5.0,0.0834,111.24,0.0311,44370.0
2343.0,michaelflores,Instagram,361393.0,6.0,0.0986,276.36,0.0165,
2344.0,wrightaudrey,Twitter,228299.0,3.0,0.0856,667.05,0.0238,16975.0
2345.0,garrettelizabeth,Twitter,638764.0,4.0,0.0834,,0.0197,26837.0
2346.0,ryan99,LinkedIn,21660.0,7.0,0.0834,574.29,,28918.0
,,Facebook,675864.0,2.0,0.0986,826.39,0.0184,29434.0
2348.0,shannon54,TikTok,111613.0,1.0,0.0856,808.23,0.0222,30986.0
2349.0,colemanbrooke,Twitter,190151.0,2.0,0.0834,594.15,0.015,13564.0
2350.0,cooksteven,Twitter,838096.0,3.0,0.0856,651.28,0.0456,5263.0
2351.0,twagner,TikTok,421312.0,6.0,0.0856,422.04,0.0172,
2352.0,mullinsalicia,Twitter,854627.0,5.0,0.0986,98.2,0.0448,2870.0
2353.0,michael55,LinkedIn,257380.0,6.0,0.0834,741.79,0.0437,10314.0
2354.0,hdavis,,,7.0,0.0642,825.23,0.0349,37984.0
2355.0,benjamingutierrez,Instagram,829274.0,1.0,0.102,715.11,0.0273,2945.0
2356.0,elizabeth92,TikTok,364088.0,7.0,0.0834,787.99,0.0122,8998.0
2357.0,,Instagram,560572.0,7.0,0.102,670.27,0.0286,37059.0
2358.0,edwardthomas,LinkedIn,521366.0,3.0,0.0986,225.29,0.0331,11129.0
2359.0,norma50,LinkedIn,864607.0,7.0,0.0834,570.51,0.0421,23037.0
2360.0,lbaldwin,LinkedIn,126706.0,4.0,0.0986,537.38,0.0203,6578.0
2361.0,cthompson,Instagram,811468.0,1.0,0.0856,647.76,0.0151,39633.0
2362.0,erika95,Instagram,,7.0,0.0642,287.49,0.0423,33047.0
2363.0,garciasarah,,420384.0,1.0,0.0834,789.0,,16176.0
2364.0,danielanderson,Twitter,633695.0,,0.0642,247.27,0.029,1866.0
2365.0,novakjennifer,Instagram,759372.0,6.0,0.0986,991.41,0.0108,12845.0
2366.0,,TikTok,143774.0,3.0,0.0856,148.04,0.0222,30362.0
,daniellelamb,Twitter,309270.0,4.0,,636.6,0.0477,34572.0
2368.0,murphydebbie,Instagram,276105.0,7.0,0.0856,753.84,0.0103,46033.0
2369.0,,TikTok,931092.0,6.0,0.102,682.47,,18247.0
2370.0,jmcgee,Instagram,736628.0,7.0,0.0642,263.63,0.0123,6569.0
2371.0,harrislisa,LinkedIn,505866.0,1.0,0.0642,,0.0167,16871.0
2372.0,colleen63,Twitter,,3.0,0.0986,310.39,0.0175,41471.0
2373.0,anthonyrobinson,Instagram,466499.0,3.0,,715.37,0.0262,43398.0
2374.0,pjones,Twitter,783419.0,2.0,0.102,867.57,0.0482,14726.0
2375.0,nathandouglas,Instagram,719009.0,5.0,0.0986,90.38,0.0314,33696.0
2376.0,gtorres,LinkedIn,140174.0,5.0,0.102,849.97,0.0186,42739.0
,mhart,Twitter,,2.0,0.0986,204.59,0.0153,9365.0
2378.0,sharonmiller,Instagram,27289.0,6.0,0.0856,,0.0344,13802.0
2379.0,krystal64,Facebook,585936.0,7.0,0.0834,203.52,0.0335,33415.0
2380.0,cooklinda,LinkedIn,732311.0,6.0,0.0986,187.13,0.0325,33049.0
2381.0,,LinkedIn,615841.0,,0.0856,73.0,0.0154,17930.0
2382.0,,TikTok,263528.0,6.0,0.0986,429.09,0.0315,6843.0
2383.0,,TikTok,672640.0,6.0,0.0986,899.1,0.0227,39390.0
2384.0,perezbobby,Twitter,120716.0,7.0,0.102,785.27,0.0244,24092.0
2385.0,kelleytina,Facebook,258562.0,3.0,0.0642,61.62,0.0394,49774.0
2386.0,slambert,Facebook,546513.0,4.0,0.0642,405.74,0.0437,44381.0
2387.0,johncarpenter,Instagram,407834.0,1.0,0.0642,241.52,0.0152,7887.0
2388.0,jeff87,,200305.0,6.0,0.0856,878.87,0.0191,22191.0
,michael16,Twitter,,1.0,0.0642,952.79,0.0416,19165.0
2390.0,williamrodriguez,Twitter,427049.0,6.0,0.0642,194.99,0.0132,34859.0
2391.0,gracegay,TikTok,330219.0,6.0,0.0986,,0.0145,40602.0
2392.0,alyssa15,Twitter,,2.0,0.0986,578.0,0.0499,37190.0
2393.0,chavezcourtney,Instagram,419337.0,3.0,0.0986,,,20798.0
2394.0,petersonkristie,Facebook,338101.0,7.0,0.0856,,0.0429,39861.0
2395.0,harrislisa,TikTok,242281.0,3.0,0.0856,217.73,0.0391,38820.0
2396.0,ipark,TikTok,424674.0,2.0,,405.98,0.0391,43026.0
2397.0,cooklinda,Instagram,370168.0,3.0,0.102,,0.0198,36101.0
2398.0,thomasjonathan,Twitter,225025.0,6.0,0.0834,148.04,0.0273,12427.0
2399.0,michelleriggs,Instagram,282914.0,4.0,0.102,906.88,0.0304,21387.0
2400.0,ashley80,Facebook,79657.0,6.0,0.0642,466.94,0.0122,17165.0
2401.0,murphytabitha,TikTok,935152.0,6.0,0.0856,741.69,0.0297,48952.0
2402.0,kimberly19,TikTok,114143.0,5.0,0.0834,822.81,0.0277,32518.0
2403.0,nicolegalloway,Facebook,31163.0,4.0,0.0856,270.38,0.031,30038.0
2404.0,eric65,Facebook,999982.0,6.0,0.0642,884.06,0.0281,17312.0
2405.0,matthewcampos,Twitter,156044.0,1.0,,,0.0277,20498.0
2406.0,wilsonrobert,TikTok,736693.0,2.0,0.0642,846.82,0.0343,43476.0
2407.0,blackwellandrew,Facebook,463398.0,5.0,0.102,104.47,0.0243,22644.0
2408.0,taylorcooper,,704302.0,,0.0642,960.27,0.0286,18583.0
2409.0,oprice,Instagram,303462.0,4.0,0.0856,135.73,0.0412,10670.0
2410.0,ryan99,Instagram,448544.0,4.0,0.0834,132.5,0.019,49888.0
2411.0,tjohnson,Facebook,278185.0,7.0,0.0986,473.57,0.0354,6813.0
2412.0,aliciajohns,,,5.0,0.0834,430.92,0.0457,13980.0
2413.0,jmcgee,Twitter,686376.0,5.0,0.0856,557.58,0.0219,19719.0
2414.0,flowerschristine,LinkedIn,905566.0,7.0,0.0986,810.62,0.0196,37621.0
2415.0,jacksonberry,Instagram,539560.0,4.0,0.102,557.58,0.0175,49639.0
2416.0,dhouse,Twitter,376245.0,7.0,0.102,858.44,0.0107,40908.0
2417.0,michaelchung,Instagram,258483.0,7.0,0.0986,352.48,0.0107,40803.0
2418.0,mcurtis,LinkedIn,255349.0,2.0,0.0856,858.82,0.0272,21106.0
2419.0,blackwellandrew,Instagram,161388.0,4.0,0.102,872.61,0.0166,46746.0
2420.0,eric65,,925996.0,6.0,0.0642,367.45,0.0499,26471.0
2421.0,nblake,Facebook,264337.0,3.0,0.0986,454.63,0.0402,16999.0
2422.0,hernandezvanessa,LinkedIn,358685.0,3.0,0.0856,804.4,0.0192,44649.0
2423.0,erin92,Facebook,575972.0,7.0,0.0856,633.93,0.0334,11057.0
2424.0,stephanievasquez,TikTok,611946.0,,0.0642,209.6,0.0424,18169.0
2425.0,pjones,Instagram,570039.0,2.0,0.0856,143.55,0.0403,
2426.0,montgomeryjaime,Twitter,,4.0,0.0856,728.88,0.014,36684.0
2427.0,rgarrison,Instagram,169605.0,6.0,0.0642,614.22,0.0337,39257.0
2428.0,ewilliams,TikTok,834975.0,1.0,0.0986,885.8,0.029,
2429.0,romeroallison,Instagram,,5.0,0.0642,325.81,0.0149,13124.0
,brittanymorris,Facebook,846780.0,3.0,0.0642,540.64,0.03,9197.0
2431.0,acevedoryan,LinkedIn,484146.0,2.0,0.102,894.32,0.037,23500.0
2432.0,ojenkins,LinkedIn,995634.0,6.0,0.0834,317.31,0.0224,7868.0
2433.0,smithkristin,Facebook,413537.0,6.0,0.0856,267.84,0.0242,7634.0
2434.0,toddbryan,Twitter,484978.0,6.0,0.0834,849.11,0.0416,38594.0
2435.0,voconnor,Twitter,704186.0,1.0,0.0986,423.76,0.0247,1847.0
2436.0,michael16,Instagram,664093.0,3.0,0.0834,162.16,0.0397,27305.0
2437.0,asimon,TikTok,770341.0,7.0,0.102,,0.0432,5487.0
2438.0,christopherhoward,Facebook,442391.0,4.0,0.0642,296.14,0.0426,28224.0
2439.0,silvaphillip,Twitter,320717.0,4.0,0.102,452.19,0.012,25393.0
2440.0,debbieharris,TikTok,682702.0,3.0,0.0986,125.06,0.0448,8522.0
2441.0,michael65,Facebook,324128.0,,0.0986,869.72,0.0485,40448.0
2442.0,ericmiller,Twitter,510634.0,1.0,0.0856,362.24,0.0201,19074.0
2443.0,,Instagram,115129.0,5.0,0.0834,936.37,0.0369,25103.0
2444.0,angelsmith,Twitter,421735.0,6.0,0.102,569.7,0.0345,16071.0
2445.0,deannathompson,Facebook,607671.0,5.0,0.102,735.9,0.0273,49533.0
2446.0,xmartinez,LinkedIn,278963.0,7.0,0.0642,396.19,0.0113,33885.0
2447.0,michaelflores,TikTok,952949.0,5.0,0.0642,965.45,0.0371,9290.0
2448.0,kelly58,Twitter,356803.0,,0.102,395.01,0.0208,39352.0
2449.0,robert31,Facebook,,6.0,0.102,139.18,0.0275,31948.0
2450.0,angela07,TikTok,,3.0,0.0834,539.69,0.0261,43970.0
2451.0,klee,Facebook,947940.0,6.0,0.0642,938.98,0.0213,28062.0
2452.0,jonesangela,Facebook,74025.0,7.0,0.0642,322.9,0.038,25287.0
2453.0,hawkinskelly,,700132.0,6.0,0.102,761.22,,37831.0
2454.0,corymann,LinkedIn,790620.0,2.0,0.102,677.17,0.0113,29094.0
2455.0,parsonsashley,TikTok,153671.0,7.0,0.0986,57.19,0.0431,27720.0
2456.0,lorettamorton,TikTok,691909.0,6.0,0.0856,166.55,,21401.0
2457.0,katherinechristian,LinkedIn,652718.0,2.0,0.0834,783.6,0.0419,33001.0
2458.0,blackwellandrew,Facebook,813491.0,1.0,0.102,953.16,0.0405,
2459.0,ybrock,LinkedIn,516786.0,5.0,0.102,136.78,0.0242,26567.0
2460.0,johnwilkinson,Facebook,552027.0,5.0,0.0856,721.34,0.0273,28400.0
2461.0,hardyjames,,404503.0,3.0,0.0856,976.76,0.0412,33029.0
2462.0,mike65,Instagram,227097.0,4.0,0.0642,,0.0412,21315.0
2463.0,andrew37,Facebook,717536.0,2.0,0.0856,380.39,,5069.0
2464.0,christopherhoward,LinkedIn,622356.0,5.0,0.0986,841.85,0.0418,40504.0
2465.0,calhounrenee,Twitter,732900.0,7.0,0.0856,672.69,0.0468,36201.0
2466.0,awilkins,Instagram,573430.0,6.0,0.0986,763.66,0.0499,13122.0
2467.0,jenniferreilly,Twitter,71974.0,2.0,0.0834,500.73,0.0196,20402.0
2468.0,randallmichael,Instagram,9284.0,3.0,0.102,297.39,0.0474,22606.0
2469.0,,Instagram,961869.0,2.0,0.0856,553.49,0.0454,
2470.0,bobbystrickland,Facebook,,2.0,0.0986,600.01,,16089.0
2471.0,iorozco,Instagram,935754.0,1.0,0.0856,609.25,0.049,14638.0
2472.0,marcoporter,TikTok,837198.0,6.0,0.0856,510.8,0.0106,8959.0
2473.0,matthewcampos,Twitter,764882.0,4.0,0.102,905.43,0.0361,29650.0
2474.0,,,244312.0,6.0,0.0642,960.27,0.0334,25848.0
2475.0,mary32,TikTok,,4.0,0.0986,,0.0214,41662.0
,elizabeth54,LinkedIn,363737.0,1.0,0.0856,,0.0242,7207.0
2477.0,hardyalexander,Instagram,485159.0,6.0,0.102,894.7,0.0494,5172.0
2478.0,jmcgee,,476032.0,1.0,0.0986,875.2,0.0236,
2479.0,deannathompson,Facebook,713929.0,4.0,0.102,286.58,0.0237,4324.0
2480.0,lance30,Facebook,661257.0,1.0,0.0834,,0.0402,39229.0
2481.0,,LinkedIn,506786.0,4.0,0.0642,640.24,0.0175,35258.0
2482.0,,Facebook,141962.0,1.0,0.0986,869.5,0.04,
2483.0,powelljoseph,TikTok,45629.0,,0.102,,0.0315,15963.0
2484.0,teresageorge,Instagram,861595.0,4.0,0.0856,836.59,,23301.0
2485.0,cookjames,LinkedIn,528705.0,3.0,0.0986,766.12,0.0143,3176.0
2486.0,jbrown,LinkedIn,151255.0,2.0,0.0856,569.7,0.019,24471.0
2487.0,kimberly19,TikTok,841864.0,6.0,0.102,951.11,0.034,46732.0
2488.0,keith55,LinkedIn,485232.0,3.0,0.0856,584.81,0.0429,4279.0
2489.0,,TikTok,871098.0,5.0,0.102,682.47,0.0237,
2490.0,xroberts,TikTok,829250.0,1.0,0.0834,824.16,0.0208,
2491.0,ryan83,Instagram,576597.0,,0.0834,892.8,0.0275,38119.0
2492.0,nicole57,LinkedIn,249761.0,5.0,0.0834,692.69,0.0191,
2493.0,toddbryan,Facebook,919754.0,1.0,0.0642,878.68,0.0392,37481.0
2494.0,vmorales,LinkedIn,279731.0,5.0,0.102,729.55,0.0123,32563.0
2495.0,hamiltonjessica,Twitter,471619.0,2.0,0.0986,742.16,0.0258,38499.0
2496.0,jaimeedwards,LinkedIn,18539.0,1.0,0.0642,948.68,0.0117,42490.0
2497.0,robertsjennifer,LinkedIn,338658.0,5.0,0.0986,776.31,0.046,
2498.0,tylermartin,TikTok,117889.0,2.0,0.0986,129.94,0.0315,11353.0
2499.0,matthew96,TikTok,721164.0,,0.0834,400.82,0.0242,41114.0
2500.0,tammy73,LinkedIn,583038.0,7.0,0.0834,555.7,0.0188,10637.0
2501.0,ibrock,Facebook,327092.0,3.0,0.0986,478.69,0.0418,37040.0
2502.0,kimberlymorales,Facebook,,6.0,0.0642,382.74,0.0142,46622.0
2503.0,stephanielopez,TikTok,489282.0,5.0,0.0856,779.45,0.0191,30374.0
2504.0,vmorgan,Facebook,626921.0,4.0,0.0642,617.22,0.0237,40436.0
2505.0,diana02,Facebook,188314.0,3.0,0.102,432.65,0.0133,44258.0
2506.0,hbarnes,Instagram,434806.0,1.0,0.0856,800.44,0.0193,33443.0
2507.0,jwallace,TikTok,522340.0,3.0,0.0642,966.47,0.0143,
2508.0,byrdsamantha,TikTok,618115.0,4.0,0.0642,100.31,0.0432,30647.0
2509.0,tiffany85,Twitter,110998.0,4.0,0.0834,577.15,0.0133,
2510.0,melendezpamela,LinkedIn,648910.0,4.0,0.102,741.67,0.0226,43139.0
2511.0,chavezcourtney,Facebook,423421.0,5.0,,932.62,0.029,24639.0
2512.0,chaseronald,Instagram,66102.0,5.0,0.0642,135.73,0.0239,1516.0
2513.0,paul06,TikTok,192158.0,2.0,0.0856,791.91,0.0435,20085.0
2514.0,gilbertdavid,TikTok,137742.0,3.0,0.102,592.26,0.0276,
2515.0,nolancorey,Twitter,729980.0,4.0,0.0986,882.09,0.0325,43448.0
2516.0,shannon54,Facebook,860047.0,3.0,0.102,913.44,0.0444,34366.0
2517.0,marissa77,Instagram,376489.0,6.0,0.0834,827.71,0.0432,31792.0
2518.0,nvincent,TikTok,715927.0,3.0,0.0642,511.32,0.0128,40425.0
2519.0,ewalters,Facebook,830954.0,1.0,0.0834,831.16,0.0468,48143.0
2520.0,mikaylataylor,Facebook,407216.0,5.0,0.0834,727.33,0.0476,39899.0
2521.0,zacharyhill,LinkedIn,,1.0,0.0856,411.29,0.0263,20122.0
2522.0,jamie67,LinkedIn,840466.0,4.0,0.0986,913.39,0.0135,14688.0
2523.0,combsstephanie,,102266.0,3.0,0.0642,982.66,0.024,46954.0
2524.0,smurray,LinkedIn,639713.0,,0.0856,148.04,0.0303,2107.0
2525.0,tprice,Twitter,216593.0,,0.0642,376.93,0.0285,22063.0
2526.0,olopez,Instagram,695135.0,3.0,0.0986,993.14,0.0259,5242.0
2527.0,margaret57,Instagram,657427.0,2.0,0.0642,160.84,0.0385,31451.0
2528.0,tiffany99,Twitter,770107.0,3.0,0.0986,68.52,0.0329,
2529.0,sharondillon,Instagram,707708.0,6.0,0.102,154.35,0.0328,37662.0
,markhiggins,Instagram,811700.0,1.0,0.102,826.39,0.0417,13659.0
2531.0,beth19,Facebook,828457.0,1.0,0.102,980.69,0.0329,10354.0
2532.0,christopherhoward,Instagram,,7.0,0.0856,539.69,0.0473,49987.0
2533.0,fordrichard,Instagram,571289.0,7.0,0.102,264.48,0.0153,26086.0
2534.0,baileykerry,Twitter,93801.0,2.0,0.0986,372.21,0.0337,
2535.0,mike65,TikTok,877153.0,6.0,0.102,485.02,0.014,36310.0
2536.0,ysmith,Twitter,913315.0,,0.0642,780.39,0.0499,29136.0
2537.0,jenniferreilly,Instagram,773711.0,1.0,0.102,884.06,0.0354,38800.0
2538.0,mjones,LinkedIn,285053.0,5.0,0.0642,162.16,0.0121,24098.0
2539.0,herbertallen,Twitter,596412.0,1.0,0.0642,572.3,0.0321,14977.0
2540.0,molinaisaac,LinkedIn,863754.0,5.0,0.0986,696.43,0.0432,38786.0
2541.0,coxricardo,Twitter,432094.0,2.0,0.0834,485.39,0.0168,13612.0
2542.0,ritalynch,Twitter,39993.0,5.0,0.0834,405.74,0.0186,
2543.0,peter15,Twitter,249621.0,6.0,0.0642,945.21,0.0314,18834.0
2544.0,mtaylor,LinkedIn,454092.0,1.0,0.0986,858.82,0.0257,9599.0
2545.0,jason52,Facebook,295575.0,1.0,0.102,539.69,0.0272,7717.0
2546.0,katieking,Twitter,721652.0,1.0,0.0856,551.25,0.0334,47087.0
2547.0,browndarryl,Twitter,119247.0,6.0,0.0834,218.75,0.0274,35430.0
2548.0,rodgerszachary,Twitter,207579.0,3.0,0.0986,489.75,0.0193,21503.0
2549.0,patriciabutler,LinkedIn,94409.0,7.0,0.102,130.29,0.0335,7246.0
2550.0,andradewesley,Facebook,,7.0,0.0856,52.48,0.0499,10150.0
2551.0,emily58,,359170.0,6.0,0.0856,287.9,0.04,48187.0
2552.0,dylansmith,TikTok,246669.0,3.0,0.0986,204.59,0.011,17735.0
2553.0,wolfejoshua,TikTok,102033.0,7.0,,122.95,0.0273,5789.0
2554.0,ghouse,Twitter,921690.0,3.0,0.102,831.16,0.0275,9891.0
2555.0,markhiggins,LinkedIn,676335.0,1.0,0.0856,853.64,0.0226,32966.0
2556.0,justinwilson,Facebook,336522.0,1.0,0.0834,135.73,0.0444,30488.0
2557.0,tprice,,908985.0,6.0,0.0986,536.5,0.0309,10929.0
2558.0,michaelbaker,TikTok,198229.0,5.0,0.0642,379.82,0.0237,12609.0
2559.0,aandrade,Facebook,492913.0,4.0,0.0986,965.17,0.0328,6157.0
2560.0,matthew96,Twitter,228725.0,4.0,0.0856,820.13,0.0385,
,bobbystrickland,,310816.0,4.0,0.0834,529.18,0.0483,34361.0
2562.0,vliu,Facebook,518180.0,6.0,0.0856,825.23,0.0163,21329.0
2563.0,muellerolivia,TikTok,901553.0,1.0,0.0834,604.48,0.011,27310.0
2564.0,hunterjesus,Twitter,731128.0,7.0,0.102,774.51,0.0397,16324.0
2565.0,xcruz,LinkedIn,537981.0,5.0,0.0986,394.17,0.0464,26592.0
2566.0,petersonkristie,LinkedIn,311168.0,6.0,0.0642,582.66,0.0178,19225.0
2567.0,crystalsharp,TikTok,302868.0,2.0,0.0856,879.58,0.0227,44467.0
2568.0,david22,TikTok,187863.0,2.0,0.0642,783.6,0.0478,3831.0
2569.0,tgraham,Twitter,919853.0,1.0,0.0986,973.62,0.0335,49555.0
2570.0,stephanie02,Instagram,934640.0,4.0,0.0856,383.19,0.0191,32280.0
2571.0,michaellopez,Instagram,312038.0,,0.0856,573.41,0.0175,18426.0
2572.0,jennifer53,TikTok,508578.0,2.0,0.0834,915.43,0.0113,34223.0
2573.0,williamcoffey,Facebook,428577.0,6.0,0.102,184.93,0.0163,
2574.0,uzhang,LinkedIn,459803.0,2.0,0.0856,787.99,0.0486,45020.0
2575.0,oprice,TikTok,609395.0,4.0,0.0986,454.63,0.0323,42477.0
2576.0,williamwyatt,TikTok,998623.0,6.0,0.0856,477.98,0.025,43299.0
2577.0,hughesjohn,LinkedIn,705956.0,3.0,0.102,683.43,0.0215,23351.0
2578.0,mackenziedaniels,LinkedIn,198468.0,5.0,0.0986,224.07,,28402.0
2579.0,qperkins,Facebook,219361.0,1.0,0.0642,389.68,0.0214,32975.0
2580.0,amanda19,Facebook,912779.0,1.0,0.0986,429.01,0.0247,17703.0
2581.0,woodjodi,LinkedIn,631851.0,3.0,0.0856,55.4,0.0373,6679.0
2582.0,jennifersanchez,Instagram,83004.0,3.0,0.0834,494.5,0.0273,17725.0
2583.0,sophia02,Facebook,493996.0,2.0,0.0986,539.58,0.0153,39652.0
2584.0,john82,Facebook,667971.0,3.0,0.102,682.58,0.0112,38424.0
,peter15,TikTok,725048.0,1.0,0.0986,667.05,0.0154,17018.0
2586.0,adam31,Instagram,10140.0,5.0,0.0986,422.04,0.0198,24247.0
2587.0,taylornathan,Facebook,953331.0,4.0,0.0856,,0.0212,24302.0
2588.0,jbrown,Instagram,569361.0,5.0,0.0986,943.64,0.0202,34888.0
2589.0,sharondillon,Facebook,190460.0,2.0,0.0834,630.97,0.0309,2874.0
2590.0,scott25,LinkedIn,521292.0,6.0,0.0856,817.09,0.0358,8801.0
2591.0,riverakevin,LinkedIn,855236.0,1.0,0.0642,769.94,0.0424,
2592.0,gutierreznicholas,Instagram,313504.0,6.0,0.0986,376.23,0.0237,8701.0
2593.0,gsanchez,Facebook,725520.0,1.0,0.0834,633.93,0.0398,7939.0
2594.0,andrew24,Twitter,494118.0,5.0,0.0986,317.82,0.0413,7700.0
2595.0,gmeyer,Instagram,407581.0,7.0,0.0834,,0.0283,38756.0
2596.0,deandawn,Facebook,904788.0,5.0,0.0834,905.83,0.0115,33360.0
,snyderryan,,712652.0,,0.0856,721.69,,
2598.0,david74,Twitter,787932.0,6.0,0.102,576.61,0.0315,15938.0
2599.0,rhicks,Instagram,961339.0,4.0,0.0856,742.16,0.04,48262.0
2600.0,melendezpamela,Facebook,396306.0,,0.0642,625.62,0.0404,26897.0
2601.0,gclark,LinkedIn,910245.0,,0.102,,0.0217,23144.0
2602.0,marissa77,Facebook,791597.0,7.0,0.0834,105.12,0.0244,1734.0
2603.0,asimon,LinkedIn,957043.0,1.0,0.0856,640.55,0.0222,41479.0
2604.0,michaelgonzales,LinkedIn,368369.0,2.0,0.102,308.89,0.04,8082.0
2605.0,gregory84,LinkedIn,944798.0,7.0,0.102,214.78,0.0273,9636.0
2606.0,blake06,Facebook,,5.0,0.0856,264.42,0.0342,19480.0
2607.0,,LinkedIn,169129.0,1.0,0.0856,282.33,0.0494,44658.0
2608.0,cody18,TikTok,584591.0,2.0,0.0856,778.33,0.0142,48755.0
,coxbrenda,Instagram,678755.0,7.0,0.0986,611.1,0.0366,16682.0
2610.0,smcguire,LinkedIn,287525.0,2.0,0.0856,693.78,0.0335,49951.0
2611.0,kfowler,LinkedIn,732982.0,3.0,0.0856,630.77,0.0191,36895.0
2612.0,dnguyen,Instagram,367832.0,1.0,0.102,156.13,0.0321,23442.0
2613.0,tinajones,TikTok,256671.0,5.0,0.0834,946.08,0.046,33852.0
2614.0,matthew40,TikTok,27352.0,6.0,0.0856,200.82,0.0391,45943.0
2615.0,johnsonroberto,Facebook,463063.0,5.0,0.0834,952.5,0.0221,39738.0
2616.0,tracistephens,Facebook,837402.0,5.0,0.0642,224.95,0.0324,
2617.0,friley,LinkedIn,152688.0,5.0,0.0856,816.11,0.0208,11488.0
2618.0,brittney04,Facebook,134717.0,1.0,0.0834,644.12,0.0142,25218.0
2619.0,petersonjerry,,250828.0,7.0,0.102,423.76,0.0287,2516.0
2620.0,westjustin,Instagram,267896.0,2.0,0.0856,225.29,0.0392,36782.0
2621.0,silvaphillip,TikTok,571941.0,1.0,0.102,496.72,0.0174,
2622.0,peter15,Twitter,53906.0,4.0,0.102,968.85,0.0309,27537.0
2623.0,racheldodson,Twitter,724390.0,3.0,0.0834,913.39,0.0341,13413.0
2624.0,alexandermckenzie,Facebook,,5.0,0.102,291.47,0.0437,1702.0
2625.0,twagner,Twitter,151314.0,5.0,0.0834,423.83,0.0325,20807.0
2626.0,monroedavid,Facebook,732956.0,2.0,0.102,195.91,0.0301,48070.0
2627.0,vvega,Facebook,290949.0,4.0,0.0642,890.31,0.0196,27474.0
2628.0,ugrant,Twitter,106605.0,1.0,0.102,926.81,0.042,15343.0
2629.0,alisonrobertson,Facebook,720994.0,4.0,0.102,503.42,0.0334,46224.0
2630.0,tprice,TikTok,9961.0,5.0,0.102,651.68,,32004.0
2631.0,christineclark,Facebook,556958.0,7.0,0.0642,405.98,0.0342,47698.0
2632.0,rachelgutierrez,Instagram,532000.0,5.0,0.0642,995.79,0.0246,
2633.0,ejones,Instagram,320524.0,3.0,0.102,849.11,0.0395,14421.0
2634.0,vanessa81,Twitter,935112.0,1.0,0.102,587.97,,25797.0
2635.0,caitlin54,Twitter,697751.0,1.0,0.0834,690.0,0.032,8388.0
2636.0,christopherbarnes,Twitter,,1.0,0.102,159.96,0.0117,30983.0
2637.0,donaldthompson,TikTok,495212.0,6.0,0.102,649.02,0.0168,16863.0
2638.0,,Instagram,41280.0,3.0,0.0642,682.58,0.0268,16845.0
2639.0,,LinkedIn,595143.0,3.0,0.0856,694.28,0.0427,17725.0
2640.0,rjohnston,Twitter,48371.0,1.0,0.0834,637.73,0.0182,48389.0
2641.0,kevin83,TikTok,35579.0,5.0,0.0856,899.04,0.0186,44502.0
2642.0,clarkdavid,LinkedIn,45404.0,5.0,0.0856,,0.0227,19389.0
2643.0,robertharrington,Twitter,85920.0,6.0,0.0856,95.36,0.0163,11838.0
2644.0,novakjennifer,Facebook,375096.0,6.0,0.0856,617.25,0.04,33444.0
2645.0,,Twitter,287018.0,1.0,0.102,344.14,0.0144,5619.0
2646.0,lisa32,Instagram,82752.0,5.0,0.0986,899.04,0.0364,39515.0
2647.0,katiewolfe,TikTok,951232.0,7.0,0.0834,175.75,0.0133,30399.0
2648.0,irice,Facebook,428920.0,,0.0986,614.04,0.02,43800.0
2649.0,lrodgers,Twitter,658615.0,7.0,0.0986,868.53,0.0469,22524.0
2650.0,jefferygarcia,Facebook,302805.0,6.0,,222.46,0.0118,1606.0
2651.0,cooperpaul,LinkedIn,834419.0,4.0,0.102,577.15,0.0127,18060.0
2652.0,molly66,LinkedIn,10915.0,5.0,0.0642,827.47,0.0436,14189.0
2653.0,ghouse,Instagram,787556.0,2.0,0.0642,135.84,0.0158,20455.0
2654.0,michael55,Instagram,79236.0,3.0,0.0834,449.39,0.0452,8482.0
2655.0,dgarza,Facebook,194429.0,2.0,0.0986,878.68,0.0337,18071.0
2656.0,andradewesley,TikTok,665150.0,6.0,0.0856,643.4,0.0321,2018.0
2657.0,morganmelanie,TikTok,681913.0,5.0,0.0856,789.39,0.0447,35857.0
2658.0,vgriffith,TikTok,496136.0,5.0,0.102,748.28,0.0372,42788.0
2659.0,nicolegalloway,TikTok,247189.0,6.0,0.0642,691.48,0.019,16711.0
2660.0,emily77,Facebook,525813.0,6.0,0.0856,826.28,0.0113,21058.0
2661.0,,,355773.0,3.0,0.0856,827.71,0.0118,18181.0
2662.0,nwalsh,Facebook,218909.0,6.0,0.0834,643.57,0.0418,19493.0
2663.0,andrew24,Twitter,290871.0,5.0,0.102,798.55,0.0397,16437.0
2664.0,gonzalezjulie,TikTok,142304.0,5.0,0.0642,616.12,0.0481,43825.0
2665.0,christianmiller,,333158.0,5.0,0.0986,,0.0364,36780.0
2666.0,johnnyphillips,Instagram,463485.0,5.0,0.102,411.29,0.013,25014.0
2667.0,mariewilliams,Twitter,508666.0,3.0,,259.06,0.0424,17874.0
2668.0,cynthiagraham,Facebook,265128.0,1.0,0.0834,847.14,0.0108,18002.0
,sullivanalexis,TikTok,960615.0,7.0,0.0834,497.17,0.0389,
2670.0,katherine30,Twitter,224297.0,1.0,0.0834,198.72,0.0341,16017.0
2671.0,andersonjuan,Facebook,501043.0,4.0,0.0986,735.9,0.046,24408.0
2672.0,rachelgutierrez,Instagram,,1.0,0.0834,727.33,0.011,9878.0
2673.0,jeffreymcneil,LinkedIn,55790.0,1.0,0.0856,413.32,0.0274,16181.0
2674.0,courtneysanchez,Facebook,848839.0,5.0,0.0834,387.96,0.0379,47708.0
2675.0,danny18,Facebook,,4.0,0.0856,951.47,0.0439,23493.0
2676.0,angelsmith,TikTok,567278.0,3.0,0.0986,936.37,,7980.0
2677.0,beth19,Facebook,489361.0,2.0,0.0642,274.72,0.0451,43870.0
2678.0,erinowens,Instagram,576158.0,7.0,0.0834,98.2,0.0202,37242.0
2679.0,brenda85,LinkedIn,601849.0,7.0,0.0834,,0.0274,
2680.0,thompsonlisa,Instagram,476314.0,2.0,0.0642,492.15,0.0179,
2681.0,tylermartin,Facebook,185131.0,5.0,0.0856,390.34,0.0426,11942.0
2682.0,robinsonmark,Facebook,795423.0,4.0,0.0856,553.49,0.0314,40647.0
,jay23,Twitter,684110.0,1.0,0.0856,766.12,0.0395,45821.0
2684.0,rcaldwell,TikTok,476320.0,4.0,0.0856,283.03,0.0283,26019.0
2685.0,sparksshane,Facebook,713112.0,1.0,0.0856,519.52,0.0304,4336.0
,lrodgers,Twitter,869980.0,3.0,0.0986,402.13,0.0308,6825.0
2687.0,melissa93,LinkedIn,606816.0,2.0,0.0834,339.15,0.0127,
2688.0,sparker,LinkedIn,320574.0,1.0,0.0834,573.91,0.0174,38154.0
2689.0,katherinechristian,LinkedIn,670124.0,5.0,0.0856,423.76,0.0155,30673.0
2690.0,,,950370.0,4.0,0.0642,120.74,0.0193,
2691.0,mccoykaren,TikTok,144502.0,4.0,0.0986,714.36,0.0127,2554.0
2692.0,russellcynthia,LinkedIn,335057.0,7.0,0.0642,269.7,0.026,28662.0
2693.0,brandon78,Instagram,634950.0,5.0,0.0642,278.81,0.0478,14097.0
2694.0,laceyvillarreal,TikTok,624141.0,3.0,0.0642,323.9,0.0391,49485.0
2695.0,gutierreznicholas,Twitter,851739.0,1.0,,336.2,0.0415,21955.0
2696.0,evanscarrie,Facebook,425519.0,3.0,0.102,681.75,0.0483,18633.0
2697.0,conradlaura,Instagram,899983.0,2.0,0.0642,951.47,0.0409,5965.0
,jameskennedy,TikTok,166966.0,3.0,0.0642,882.09,0.0483,10874.0
2699.0,michelleriggs,TikTok,644422.0,4.0,0.0856,62.71,0.0143,37577.0
2700.0,yrodriguez,LinkedIn,,1.0,,141.99,0.044,26009.0
2701.0,ctorres,TikTok,229789.0,5.0,0.0986,968.85,0.0293,12834.0
2702.0,kimryan,Instagram,224852.0,4.0,0.0834,682.99,0.0427,21189.0
2703.0,stuartsmith,TikTok,989958.0,2.0,0.102,616.12,0.044,13346.0
2704.0,wmaxwell,Facebook,98456.0,1.0,0.0986,142.77,0.0178,22081.0
2705.0,ibrock,LinkedIn,,3.0,0.0642,55.4,0.043,44603.0
2706.0,michael99,LinkedIn,767645.0,1.0,0.0856,876.46,0.0118,49328.0
2707.0,deannathompson,LinkedIn,572981.0,3.0,0.0642,915.05,0.0419,4716.0
2708.0,taraflores,Twitter,896490.0,4.0,,,0.0189,27325.0
2709.0,kaitlyn63,Facebook,657697.0,2.0,0.0856,187.13,0.0276,28033.0
2710.0,matthew17,Twitter,42798.0,7.0,0.0856,,0.0213,
2711.0,harrismichael,LinkedIn,,5.0,0.102,379.97,0.0373,44607.0
2712.0,barbarabranch,LinkedIn,152474.0,5.0,0.0986,441.13,0.015,28462.0
2713.0,victoria86,Facebook,220784.0,4.0,0.102,267.84,0.0172,44547.0
2714.0,timothy62,LinkedIn,886493.0,7.0,0.0986,888.27,0.0191,25598.0
2715.0,joandyer,Instagram,6685.0,3.0,0.0834,521.96,0.0286,8208.0
2716.0,rgarrison,Instagram,364208.0,7.0,0.0642,913.39,0.0411,24432.0
2717.0,mariah21,LinkedIn,200217.0,1.0,0.0986,333.93,0.0348,44666.0
2718.0,angelsmith,Facebook,41862.0,1.0,0.0986,431.19,,38077.0
2719.0,dhouse,Instagram,114654.0,4.0,0.0642,81.51,0.0301,41258.0
2720.0,byrdsamantha,Twitter,704682.0,3.0,0.102,878.37,0.0226,36358.0
2721.0,claudiaferrell,Twitter,640977.0,2.0,0.0834,170.04,0.0478,48836.0
2722.0,josephjordan,,574048.0,1.0,0.0642,345.58,0.0477,12174.0
2723.0,simoncarolyn,TikTok,343250.0,6.0,0.0834,864.15,0.0144,7237.0
2724.0,edward01,Twitter,75580.0,1.0,0.0986,,0.0137,13084.0
2725.0,jilliannielsen,Twitter,218052.0,,0.0986,,0.044,22564.0
2726.0,jefferygarcia,LinkedIn,236404.0,1.0,0.0856,270.38,0.0298,14697.0
2727.0,rodgerszachary,Facebook,793020.0,4.0,0.0642,208.07,0.0262,16124.0
2728.0,jacksonsuzanne,Instagram,119132.0,3.0,,,0.0192,34634.0
,williamskyle,TikTok,547735.0,,0.0834,313.66,0.0215,28447.0
2730.0,ihernandez,Instagram,6240.0,5.0,0.0986,322.9,0.0309,9160.0
,christine40,LinkedIn,423028.0,1.0,0.102,395.62,0.0114,5362.0
2732.0,gabriellashort,Instagram,508681.0,7.0,0.0642,440.37,0.0418,
2733.0,anthonyrobinson,,478661.0,5.0,0.0642,689.23,0.0174,26123.0
2734.0,palmerjeffrey,Twitter,567718.0,7.0,0.0642,771.95,0.0175,21006.0
2735.0,kristinwilson,LinkedIn,6807.0,6.0,0.0856,825.23,0.0273,46634.0
2736.0,ptorres,Twitter,211474.0,6.0,0.0642,538.1,0.011,29537.0
2737.0,emily36,Twitter,,7.0,0.0986,636.6,0.0193,14065.0
2738.0,ugrant,Facebook,206423.0,4.0,0.0642,53.9,0.0138,44904.0
2739.0,lancerios,Twitter,856483.0,3.0,0.102,194.55,0.0208,10271.0
2740.0,cameron78,Facebook,960153.0,5.0,0.0642,546.44,0.0304,45179.0
,morrisonheidi,Facebook,141135.0,6.0,0.0856,82.89,0.012,38766.0
2742.0,erikthomas,LinkedIn,818780.0,4.0,0.0856,297.39,0.0372,33686.0
2743.0,owensnatalie,,307038.0,7.0,0.0856,771.95,0.0391,42754.0
2744.0,martinerica,Instagram,751338.0,7.0,0.0834,646.61,0.0187,7419.0
2745.0,,Facebook,199029.0,4.0,0.0856,390.54,0.0482,29518.0
,qreyes,Instagram,718990.0,3.0,0.0986,131.64,0.0178,7106.0
2747.0,steven51,LinkedIn,676109.0,4.0,0.0986,893.81,0.0325,32872.0
2748.0,lisa30,Facebook,937897.0,3.0,0.102,459.55,0.0174,49528.0
2749.0,johnhawkins,Instagram,91516.0,1.0,0.0986,687.61,0.0364,28786.0
2750.0,lisa32,TikTok,676034.0,5.0,0.102,153.92,0.0128,42224.0
2751.0,aflores,TikTok,355764.0,6.0,0.102,479.24,0.0162,10586.0
2752.0,olopez,Instagram,334567.0,7.0,,,0.0445,35304.0
2753.0,jamie67,Instagram,832048.0,6.0,0.0642,396.53,0.0352,19715.0
2754.0,anthonyrobinson,Instagram,482481.0,2.0,0.0986,580.89,0.0437,44134.0
2755.0,robinparsons,Instagram,620033.0,1.0,0.0642,276.5,0.0385,2298.0
2756.0,,Facebook,330166.0,6.0,0.0856,804.4,0.0324,8476.0
2757.0,dgarza,TikTok,804461.0,2.0,0.0856,245.68,0.0361,37946.0
2758.0,alicechavez,LinkedIn,947562.0,4.0,0.0642,450.94,0.0142,15720.0
2759.0,nicole57,Instagram,317654.0,6.0,0.0986,951.11,0.0127,
2760.0,stonecharles,Instagram,362762.0,4.0,0.102,262.51,0.0274,19019.0
,garciaaudrey,LinkedIn,17687.0,2.0,0.0856,195.91,0.0444,4446.0
,dmiller,TikTok,251122.0,7.0,0.0986,85.1,0.0237,
2763.0,jilliannielsen,Instagram,18794.0,6.0,0.0856,279.32,0.0123,12748.0
2764.0,eryan,TikTok,995759.0,5.0,0.0642,154.35,0.019,1604.0
2765.0,gonzaleznicholas,Instagram,178377.0,6.0,0.0986,637.48,0.0239,41616.0
,cboyd,,802193.0,4.0,0.102,802.17,0.0437,36508.0
2767.0,smallsteven,LinkedIn,504728.0,2.0,0.0986,323.9,0.041,9873.0
2768.0,smack,Instagram,641509.0,1.0,0.102,808.94,0.0417,38470.0
2769.0,nhoffman,Twitter,75320.0,6.0,0.0856,139.18,0.016,47668.0
2770.0,russellcynthia,LinkedIn,982027.0,,0.0642,651.18,0.0128,8038.0
2771.0,sharondillon,Instagram,782012.0,,0.0986,533.08,0.0412,15510.0
2772.0,tiffanystevens,LinkedIn,341387.0,2.0,0.0986,692.68,0.038,13709.0
2773.0,anthonyanderson,LinkedIn,954064.0,4.0,0.0834,317.31,0.0413,45504.0
2774.0,dennismichael,Instagram,908988.0,7.0,0.0986,423.83,0.0112,20570.0
2775.0,ronnieperry,Facebook,778819.0,1.0,0.0986,548.59,0.0166,32904.0
,michaelpatrick,LinkedIn,69559.0,7.0,0.0986,959.49,0.0288,22444.0
2777.0,nrodriguez,Twitter,408483.0,4.0,0.0856,800.44,0.0293,42875.0
2778.0,matthew96,LinkedIn,47601.0,6.0,,376.93,0.0193,49177.0
2779.0,dnguyen,Twitter,729095.0,5.0,0.0986,125.06,0.0328,12957.0
2780.0,davismichael,Instagram,64920.0,7.0,0.0834,,0.0122,4822.0
2781.0,angela07,LinkedIn,990850.0,,0.0986,867.62,0.015,34425.0
2782.0,,Facebook,734714.0,,0.0856,560.62,0.049,20593.0
2783.0,hayespamela,Instagram,464625.0,6.0,0.0856,877.89,0.0465,5633.0
2784.0,pjones,Twitter,524363.0,6.0,0.102,804.4,0.0353,46699.0
2785.0,revans,Twitter,101461.0,1.0,0.102,648.02,0.0387,25974.0
2786.0,vvega,TikTok,836747.0,,0.0986,961.97,0.0439,11837.0
2787.0,lisaallen,Facebook,918129.0,5.0,0.0856,457.25,0.0419,37052.0
2788.0,brian17,Twitter,174000.0,4.0,0.0856,222.46,0.0102,14256.0
2789.0,xshort,Instagram,590753.0,4.0,0.0834,224.95,0.0478,33295.0
2790.0,gregory54,Facebook,308254.0,7.0,0.0834,,0.0319,46190.0
2791.0,mcculloughedward,LinkedIn,305954.0,1.0,0.0834,408.93,0.0225,5096.0
2792.0,amanda20,LinkedIn,638310.0,1.0,,924.61,0.0485,43370.0
2793.0,ojenkins,Twitter,179312.0,2.0,0.0642,391.97,0.0386,12568.0
2794.0,brittanymorris,,443298.0,6.0,0.0986,284.36,0.044,
2795.0,gabriellashort,Instagram,306911.0,3.0,0.0834,540.02,0.0176,43178.0
2796.0,,LinkedIn,604068.0,4.0,0.0856,713.9,0.0131,45129.0
2797.0,cynthia50,Twitter,841740.0,4.0,0.0856,228.19,0.0115,39003.0
2798.0,shannon54,LinkedIn,,6.0,0.0834,224.95,0.0281,22329.0
2799.0,juliepayne,Instagram,422753.0,2.0,0.0642,382.74,0.0345,43868.0
2800.0,jennifersanchez,Facebook,884629.0,4.0,0.0834,933.25,0.011,22522.0
2801.0,sonya64,Facebook,609975.0,4.0,0.102,301.92,0.0105,28346.0
2802.0,jbonilla,LinkedIn,433863.0,1.0,0.0642,887.03,0.0499,40567.0
2803.0,brianna64,Facebook,844456.0,1.0,0.0642,666.13,0.041,7370.0
2804.0,patricknoble,,984854.0,5.0,0.0856,317.82,0.0156,24315.0
2805.0,perezjacqueline,LinkedIn,447476.0,1.0,0.0834,987.85,0.0191,7561.0
2806.0,michael65,LinkedIn,28247.0,2.0,,769.94,0.0273,32122.0
2807.0,taylornathan,LinkedIn,485924.0,3.0,0.0642,454.63,0.0464,9939.0
2808.0,,TikTok,863078.0,5.0,0.0642,893.81,0.0463,33476.0
2809.0,kevin80,TikTok,70776.0,,0.0642,670.27,0.044,39297.0
2810.0,krystal64,,796085.0,,0.102,753.84,0.0105,18929.0
2811.0,michaellopez,TikTok,627247.0,2.0,0.0986,916.32,0.0307,3937.0
2812.0,eriknelson,LinkedIn,980217.0,7.0,0.0856,933.92,0.0209,2902.0
2813.0,klee,Instagram,636740.0,1.0,0.0834,933.11,0.015,17450.0
2814.0,hellis,Facebook,622990.0,1.0,0.0642,164.09,,32721.0
,katiewolfe,Instagram,346928.0,,0.0856,374.56,0.0466,10658.0
2816.0,cody87,Instagram,890724.0,5.0,0.0834,,0.0426,44166.0
2817.0,ucooper,Facebook,847305.0,6.0,0.0986,384.1,0.0363,32450.0
2818.0,adam63,Twitter,121037.0,4.0,0.0642,209.6,0.0225,2626.0
2819.0,herbertallen,Facebook,583369.0,1.0,0.0834,555.48,0.0216,22420.0
2820.0,millerjill,LinkedIn,607477.0,7.0,0.0856,,0.0303,17363.0
2821.0,alvarezdanielle,Facebook,184601.0,3.0,0.0986,966.97,0.0103,45755.0
2822.0,karenbarron,,96860.0,6.0,0.0642,358.78,0.0411,44484.0
2823.0,browndarryl,Facebook,348762.0,3.0,0.0986,,0.0373,37072.0
2824.0,garciakatherine,Facebook,425320.0,3.0,0.102,682.47,0.0262,8646.0
2825.0,kimryan,Instagram,817776.0,7.0,0.0642,420.51,,40046.0
2826.0,georgeconnie,Twitter,439835.0,1.0,0.0642,617.25,0.019,25063.0
2827.0,smithmatthew,Twitter,718593.0,6.0,0.0642,408.93,0.0412,43232.0
2828.0,stephanie37,Facebook,477414.0,5.0,0.0856,651.18,0.0274,35040.0
2829.0,lopezsusan,Instagram,680247.0,6.0,0.102,692.69,0.0191,28778.0
2830.0,mariah21,TikTok,498489.0,6.0,0.0856,238.14,0.0436,40212.0
2831.0,stephen81,LinkedIn,42963.0,6.0,0.0856,897.3,0.03,30855.0
2832.0,johnsonroberto,Instagram,588377.0,2.0,0.0856,860.13,0.0147,
2833.0,kelly58,Instagram,275343.0,3.0,0.0986,411.29,0.0175,18963.0
2834.0,harrislisa,Facebook,402598.0,6.0,0.0856,284.36,0.021,
2835.0,whitedanielle,TikTok,729447.0,1.0,0.0856,162.16,0.0115,32719.0
2836.0,elizabethwade,Instagram,225765.0,3.0,0.0986,221.5,0.0385,31535.0
2837.0,marycrawford,Facebook,976326.0,,0.0642,615.99,0.0223,11336.0
2838.0,blakebell,Twitter,812277.0,5.0,0.0986,580.89,0.0397,46492.0
2839.0,ybrock,Instagram,415622.0,1.0,0.102,383.32,0.0105,36196.0
2840.0,angelarose,TikTok,470289.0,1.0,0.102,206.84,0.0381,
2841.0,,LinkedIn,937689.0,1.0,0.0856,594.15,0.0459,1676.0
2842.0,kristy65,Facebook,843888.0,7.0,0.0856,62.71,0.0405,34007.0
2843.0,,LinkedIn,866063.0,3.0,0.0642,714.36,0.0391,13776.0
2844.0,cooperpaul,Facebook,500323.0,6.0,0.0834,277.01,0.0147,30901.0
2845.0,brandon78,LinkedIn,270984.0,4.0,0.0642,,0.0318,19937.0
2846.0,millerrobert,LinkedIn,513601.0,,0.0834,938.98,,
,kimberly19,Facebook,,3.0,0.0642,257.67,0.0166,38283.0
2848.0,nathandouglas,Facebook,23946.0,7.0,0.102,546.44,0.0418,30374.0
2849.0,lisa30,Instagram,246905.0,3.0,0.102,384.1,0.0304,30410.0
2850.0,smithdanielle,Instagram,891543.0,1.0,0.102,703.39,0.0457,10869.0
2851.0,nperez,Facebook,476692.0,4.0,0.0642,516.5,0.0171,13088.0
2852.0,,Instagram,740077.0,1.0,0.0856,536.5,0.0311,35914.0
2853.0,fletcheralexis,Twitter,825026.0,3.0,0.102,285.16,0.0206,37351.0
2854.0,herbertallen,Twitter,144859.0,5.0,0.102,516.5,0.0434,18624.0
2855.0,baileykerry,Twitter,646023.0,3.0,0.0986,767.4,0.0136,34015.0
2856.0,katherine30,LinkedIn,166783.0,,0.0856,120.74,0.0122,1725.0
2857.0,nrodriguez,Instagram,388685.0,7.0,0.0642,283.03,0.0136,13761.0
2858.0,sparksshane,LinkedIn,3196.0,7.0,0.0986,550.71,0.0454,12033.0
2859.0,qthomas,TikTok,842453.0,1.0,0.102,110.12,0.0201,34875.0
2860.0,yhahn,Twitter,,5.0,0.0856,133.68,0.041,5816.0
,dmanning,Twitter,368194.0,3.0,0.0834,966.84,0.0206,12750.0
2862.0,markgray,TikTok,283192.0,6.0,0.102,967.5,0.0259,8664.0
2863.0,kaitlyn63,Instagram,792025.0,4.0,0.0834,85.1,0.048,15155.0
2864.0,aprilwilliams,Instagram,222951.0,4.0,0.0986,767.52,0.05,45634.0
2865.0,davistammy,Facebook,204619.0,6.0,0.0856,568.9,0.0303,6640.0
2866.0,jonesjerry,Twitter,397347.0,6.0,0.102,136.15,0.0222,27788.0
2867.0,vbrady,Instagram,371991.0,1.0,0.102,105.5,0.0175,
2868.0,gonzalezjulie,TikTok,635067.0,1.0,0.0986,933.25,0.0148,8360.0
2869.0,benjamin31,Twitter,857420.0,3.0,0.0834,212.36,0.0145,44091.0
2870.0,jenniferthornton,,835759.0,2.0,0.102,603.08,0.0287,9681.0
2871.0,thayes,LinkedIn,304350.0,3.0,0.0856,429.01,0.0471,19716.0
2872.0,,Twitter,329301.0,6.0,0.0986,696.43,0.0308,49515.0
,jose67,Facebook,469933.0,2.0,0.0856,296.14,0.0471,25854.0
2874.0,mnolan,LinkedIn,264056.0,5.0,,104.69,0.0342,5611.0
2875.0,lorettamorton,Facebook,552937.0,3.0,0.0856,933.25,0.0115,37102.0
2876.0,calhounrenee,LinkedIn,831423.0,4.0,0.0834,965.45,0.0102,36892.0
2877.0,websterchristina,Instagram,838668.0,2.0,0.0856,956.1,0.0316,27733.0
2878.0,jonathanreynolds,TikTok,861023.0,,0.0642,748.28,,12360.0
2879.0,tammy73,Facebook,435243.0,5.0,0.0986,991.41,0.0483,24889.0
2880.0,michaelgonzales,,15006.0,5.0,0.0856,986.41,0.0136,31913.0
2881.0,fosterjillian,Facebook,809474.0,6.0,0.0856,159.96,0.0227,14533.0
,qcannon,,376830.0,,0.0642,846.43,0.0225,5970.0
2883.0,ucooper,,992284.0,5.0,0.0834,53.62,0.0332,35602.0
2884.0,nicholasmontgomery,LinkedIn,382384.0,4.0,0.0834,364.3,0.0391,21173.0
2885.0,smack,LinkedIn,702482.0,1.0,0.0642,903.94,0.0174,
2886.0,debbieharris,TikTok,855615.0,6.0,0.0856,948.58,0.0119,42737.0
2887.0,jonesjerry,Twitter,833486.0,5.0,0.102,451.91,0.0354,28733.0
,irice,TikTok,529011.0,6.0,0.0642,989.88,0.0239,12714.0
2889.0,perryrichard,Facebook,146362.0,6.0,0.102,958.39,0.0331,4234.0
2890.0,,Facebook,608147.0,1.0,0.0986,822.81,0.0121,44779.0
2891.0,oprice,Instagram,763242.0,,0.0642,,0.0174,46735.0
2892.0,omorgan,LinkedIn,328836.0,6.0,0.0856,928.25,0.0319,19454.0
2893.0,ucooper,,816076.0,5.0,,372.21,0.0488,23169.0
2894.0,randallmichael,Twitter,769667.0,7.0,0.102,862.77,0.011,47719.0
2895.0,michael16,TikTok,441997.0,,,117.15,0.0148,31498.0
,nathaniel06,TikTok,553903.0,6.0,0.102,587.66,0.0416,23853.0
2897.0,fordrichard,Instagram,103117.0,7.0,0.102,317.82,0.0186,44239.0
2898.0,mhart,TikTok,320617.0,6.0,0.0856,81.94,0.0494,39424.0
2899.0,owenskeith,LinkedIn,716172.0,4.0,0.0642,597.33,0.0418,27835.0
2900.0,victorsmith,Twitter,,5.0,0.0642,870.78,0.0337,16940.0
2901.0,deandawn,,42645.0,3.0,0.102,431.19,0.0194,25594.0
2902.0,bhamilton,Instagram,79242.0,5.0,0.0986,323.63,0.015,17495.0
2903.0,hardyjames,Facebook,574485.0,7.0,0.0642,76.36,0.0304,34715.0
2904.0,keithseth,Twitter,151777.0,7.0,0.0834,909.29,0.0226,45344.0
2905.0,garciasarah,Instagram,973627.0,4.0,0.0642,192.45,0.0266,27580.0
2906.0,bryanfisher,Twitter,199777.0,3.0,0.0834,221.5,0.0165,15807.0
2907.0,jennifervaughn,Twitter,741454.0,1.0,0.102,995.79,,29711.0
2908.0,kristinlynch,Facebook,780749.0,4.0,0.0642,,0.0191,45544.0
2909.0,keycarol,Instagram,46241.0,2.0,,872.77,0.0264,28049.0
2910.0,brenda85,Twitter,24997.0,6.0,0.0856,841.85,,25341.0
2911.0,anthonyanderson,Instagram,,3.0,0.0642,938.98,0.0161,14285.0
2912.0,wstevens,Twitter,204678.0,5.0,0.102,494.5,0.0344,27086.0
2913.0,dmartin,,865911.0,7.0,0.0986,693.78,0.0231,22575.0
2914.0,nelsonalfred,,380829.0,2.0,0.0834,960.27,0.0352,
2915.0,,Instagram,35018.0,3.0,0.102,184.93,0.0426,28119.0
2916.0,christopherbarnes,LinkedIn,940363.0,4.0,0.0834,238.51,0.0478,17668.0
2917.0,robertsanders,Twitter,257840.0,4.0,0.102,184.52,0.019,4399.0
2918.0,yhahn,TikTok,417169.0,3.0,0.0834,,0.0309,46215.0
2919.0,grobinson,LinkedIn,498414.0,7.0,0.0986,602.27,0.0359,8610.0
2920.0,hevans,TikTok,654602.0,4.0,0.102,538.1,0.0331,40850.0
2921.0,ctorres,LinkedIn,984896.0,1.0,0.0986,468.93,0.0174,16187.0
2922.0,taylornewman,LinkedIn,812701.0,3.0,0.102,270.38,0.0149,14208.0
2923.0,elizabethelliott,Twitter,864055.0,7.0,0.0642,777.68,,41086.0
2924.0,perezjacqueline,LinkedIn,885245.0,4.0,0.0642,277.01,0.0265,20099.0
2925.0,josephjordan,TikTok,,3.0,0.102,53.62,0.026,36652.0
2926.0,ashley65,Facebook,51050.0,6.0,0.102,529.18,0.0244,41777.0
,jeremy87,TikTok,247462.0,5.0,0.0834,493.46,0.0274,46603.0
2928.0,andrew37,Instagram,431147.0,2.0,0.0834,754.41,0.0174,
2929.0,williamsongarrett,TikTok,997355.0,5.0,0.0834,468.77,0.0369,
2930.0,kayla25,Facebook,780037.0,1.0,0.0856,97.1,0.011,47780.0
2931.0,slambert,TikTok,770329.0,2.0,0.0834,274.55,,36001.0
2932.0,robinsonlindsey,Facebook,262744.0,5.0,0.102,515.08,0.0115,9264.0
2933.0,wcolon,LinkedIn,808764.0,5.0,0.0856,932.62,0.0272,33701.0
2934.0,,TikTok,21262.0,4.0,0.102,395.39,0.0354,15886.0
,reidkristine,LinkedIn,649302.0,5.0,0.0642,582.66,0.0385,1406.0
2936.0,stephanielopez,TikTok,73904.0,7.0,0.0642,177.41,0.0404,11691.0
2937.0,nicholasmontgomery,Twitter,22290.0,5.0,0.102,683.21,0.0118,21502.0
2938.0,mfreeman,Twitter,364659.0,4.0,0.0642,124.95,0.0186,46363.0
2939.0,erodriguez,LinkedIn,578655.0,5.0,0.0856,984.35,0.0108,13441.0
2940.0,alexandersamuel,Instagram,223577.0,2.0,0.0856,,0.0136,10917.0
2941.0,jmiller,Facebook,628011.0,1.0,0.102,286.17,0.0126,20240.0
2942.0,mnolan,TikTok,782688.0,3.0,,791.29,0.0188,30064.0
2943.0,nturner,Instagram,390912.0,5.0,0.0642,806.92,0.0432,26153.0
2944.0,teresataylor,Facebook,916535.0,4.0,0.0856,952.5,0.0133,9709.0
2945.0,sophia02,LinkedIn,940289.0,6.0,0.102,846.43,0.0186,30341.0
2946.0,aandrade,Instagram,706488.0,2.0,0.0642,274.15,0.0259,2771.0
2947.0,ihernandez,,,5.0,0.0642,413.32,0.0189,5136.0
2948.0,kharris,LinkedIn,,6.0,0.0856,745.68,0.0434,
2949.0,michaelpatrick,Twitter,592231.0,5.0,0.102,367.56,0.0149,24499.0
2950.0,kristinlynch,LinkedIn,667924.0,1.0,0.0642,209.6,0.0279,18475.0
2951.0,brian16,Twitter,870095.0,7.0,0.0642,269.91,0.0328,25826.0
2952.0,ptorres,Facebook,685706.0,7.0,0.102,992.22,0.0262,36099.0
2953.0,nrodriguez,Facebook,701666.0,6.0,0.0856,211.61,0.0261,8027.0
2954.0,katherinechristian,Twitter,872420.0,7.0,0.0856,250.31,0.0389,31373.0
2955.0,mariewilliams,Twitter,255709.0,3.0,0.102,569.83,0.0345,39036.0
2956.0,barbarabranch,Twitter,713500.0,3.0,0.0986,,0.0499,43926.0
2957.0,hgonzalez,LinkedIn,205350.0,5.0,0.0986,507.13,0.0108,20848.0
2958.0,dennismichael,Twitter,856030.0,3.0,0.0642,358.78,,23685.0
2959.0,stephaniehouse,Facebook,271024.0,4.0,0.0834,952.28,0.0363,21326.0
2960.0,websterchristina,TikTok,323015.0,5.0,0.0986,432.08,0.0122,34905.0
2961.0,xmacias,Instagram,769247.0,5.0,0.0834,,0.0273,2894.0
2962.0,kathymacias,TikTok,568821.0,5.0,0.0856,729.55,0.0332,20620.0
,mnolan,Facebook,923027.0,3.0,0.0856,85.1,0.0298,26041.0
2964.0,fordrichard,Instagram,750301.0,5.0,0.0834,184.52,0.0477,35374.0
2965.0,ugrant,LinkedIn,291413.0,6.0,0.0642,396.53,0.0212,18862.0
2966.0,stacey77,Instagram,35839.0,4.0,0.0834,104.47,,46500.0
2967.0,diana02,Facebook,138834.0,2.0,0.0834,376.93,0.0452,3983.0
2968.0,ohuber,Instagram,473093.0,2.0,0.0856,402.45,0.0248,23950.0
2969.0,meghan87,Instagram,357886.0,5.0,0.0642,869.5,0.0457,1925.0
2970.0,jmiller,Instagram,946050.0,4.0,0.0986,696.43,0.0238,31070.0
2971.0,tiffanystevens,Instagram,974484.0,6.0,0.0856,68.52,0.0417,13975.0
2972.0,ricardo38,TikTok,388872.0,7.0,0.0856,934.87,0.0281,7470.0
2973.0,carterelizabeth,Instagram,431609.0,6.0,0.102,160.84,0.016,18136.0
2974.0,aryan,Facebook,205180.0,6.0,0.102,387.96,0.013,
2975.0,christianmiller,TikTok,139659.0,2.0,0.102,257.56,0.015,30721.0
2976.0,julianfisher,TikTok,74586.0,4.0,0.0856,233.99,0.0296,41099.0
2977.0,zblackburn,TikTok,305661.0,5.0,0.0834,245.74,0.0311,3330.0
2978.0,nicolereyes,Facebook,90671.0,5.0,0.102,539.03,0.0306,14083.0
2979.0,angelsmith,Facebook,785485.0,7.0,0.0642,,0.0412,18646.0
2980.0,cooperpaul,Twitter,940552.0,3.0,0.102,298.95,0.0473,16344.0
2981.0,hobrien,TikTok,958192.0,3.0,0.0834,801.17,0.0279,41707.0
2982.0,garciaaudrey,LinkedIn,404172.0,2.0,,185.21,0.015,39345.0
2983.0,jennifersanchez,Twitter,951598.0,5.0,0.0856,282.65,0.0131,26542.0
2984.0,xmartinez,Instagram,500207.0,2.0,0.0986,262.66,0.0143,49920.0
,thayes,Facebook,437955.0,5.0,0.0986,652.74,0.0136,33737.0
2986.0,garciakatherine,LinkedIn,715561.0,5.0,0.0856,903.99,0.0174,35691.0
2987.0,cruzantonio,LinkedIn,423526.0,3.0,0.0986,888.13,0.0304,20750.0
2988.0,monroedavid,,493859.0,3.0,0.0642,572.98,0.0488,48868.0
2989.0,ronnie15,Twitter,425662.0,,0.0642,737.59,0.0156,
2990.0,millerrobert,Twitter,886476.0,,0.0856,972.62,0.0112,16118.0
2991.0,campbelljose,LinkedIn,,5.0,0.0856,853.81,0.0485,33206.0
2992.0,john82,Instagram,483824.0,1.0,0.0834,967.56,,14592.0
2993.0,marycrawford,Facebook,52053.0,2.0,0.102,995.14,0.0343,6356.0
2994.0,corymann,TikTok,261726.0,3.0,0.0986,83.12,0.0447,1470.0
2995.0,hardyalexander,Facebook,35902.0,1.0,0.0834,265.2,0.0292,20412.0
,rmendoza,LinkedIn,974370.0,1.0,0.0986,748.28,0.0372,24184.0
2997.0,elizabeth54,Twitter,660216.0,3.0,0.0856,353.04,0.0227,30348.0
2998.0,nicolegalloway,Instagram,858604.0,6.0,0.0834,712.81,0.0245,45635.0
2999.0,montgomeryjaime,Twitter,,4.0,0.0834,335.78,0.0175,23277.0
3000.0,ewilliams,Twitter,876815.0,6.0,0.102,508.6,0.0108,27386.0
3001.0,lisa91,Twitter,46995.0,3.0,0.0856,395.01,0.0486,36550.0
,jeremiah03,TikTok,443093.0,1.0,0.0834,206.84,0.0259,20151.0
,mtaylor,TikTok,486928.0,5.0,0.102,825.62,0.0499,
,robertpalmer,LinkedIn,230454.0,,0.0642,284.36,0.0341,29112.0
3005.0,blakebell,TikTok,930891.0,2.0,0.0986,,0.0486,20793.0
3006.0,sarahyang,LinkedIn,547340.0,4.0,0.0834,968.85,0.0354,15018.0
3007.0,mariahbell,Facebook,265133.0,6.0,0.102,568.9,0.0308,20176.0
3008.0,patty20,Twitter,743220.0,1.0,0.0834,989.88,0.0463,1414.0
3009.0,destinymartinez,,45375.0,1.0,0.0986,575.94,0.0198,21064.0
3010.0,sthompson,TikTok,866961.0,6.0,0.0642,578.0,0.0432,4687.0
3011.0,anne79,Facebook,27010.0,5.0,0.102,947.76,0.0434,11122.0
3012.0,kenneth67,TikTok,493017.0,4.0,0.0642,907.34,0.0238,46017.0
3013.0,andradewesley,Facebook,430984.0,4.0,0.0986,599.73,0.0353,20415.0
3014.0,,Facebook,693336.0,5.0,0.102,514.6,0.0132,19530.0
3015.0,bethgrimes,LinkedIn,698938.0,6.0,0.0856,570.51,0.0362,4153.0
3016.0,johnsonkelly,Facebook,413967.0,,0.0834,578.63,0.0498,11336.0
3017.0,nrodriguez,Twitter,130678.0,6.0,0.0986,800.15,0.0268,
3018.0,tylermartin,LinkedIn,724032.0,,,876.46,0.0437,30820.0
,dhouse,TikTok,819220.0,5.0,0.0986,672.02,0.0362,
3020.0,wmaxwell,LinkedIn,941972.0,1.0,0.0856,926.97,0.0158,8979.0
3021.0,kimberly57,TikTok,893765.0,2.0,0.0834,485.39,0.0278,49846.0
3022.0,tammy32,Instagram,324321.0,6.0,0.0642,926.97,0.0131,24786.0
3023.0,dmanning,Twitter,410884.0,5.0,0.102,291.47,0.0286,23460.0
3024.0,julie27,,280299.0,1.0,0.102,799.04,,38180.0
3025.0,laurendurham,Instagram,241889.0,7.0,0.102,503.42,0.0175,18669.0
3026.0,harrislisa,Instagram,196521.0,6.0,0.102,787.7,0.0273,25138.0
3027.0,morrisonheidi,LinkedIn,746472.0,7.0,0.0642,270.91,0.0205,11465.0
3028.0,,Instagram,699607.0,4.0,0.0856,808.94,,23808.0
3029.0,wmercado,Facebook,702435.0,3.0,0.0986,327.81,0.0398,34141.0
3030.0,michaellopez,LinkedIn,650153.0,,,715.96,0.0318,1517.0
3031.0,ntaylor,TikTok,14449.0,4.0,0.0856,724.29,0.0313,25109.0
3032.0,muellerolivia,LinkedIn,265107.0,1.0,0.102,648.02,0.0147,47828.0
3033.0,perezbobby,TikTok,,5.0,0.0834,323.63,0.0253,3782.0
3034.0,jamiejones,Twitter,611356.0,6.0,0.0856,331.37,0.0166,3356.0
3035.0,brittney04,TikTok,41937.0,5.0,,283.03,0.044,6220.0
3036.0,pierceaaron,Twitter,389737.0,2.0,0.0856,154.01,0.0364,35101.0
3037.0,jeffreymcneil,TikTok,722149.0,6.0,0.0856,947.76,0.0244,11255.0
3038.0,hayespamela,,678401.0,4.0,0.0986,269.7,0.025,6729.0
3039.0,teresataylor,Facebook,536599.0,3.0,0.0834,371.62,0.0237,4533.0
3040.0,toneill,LinkedIn,999055.0,4.0,0.0642,799.49,0.0174,21862.0
3041.0,taylornewman,LinkedIn,581970.0,7.0,0.0856,952.79,0.0472,9563.0
3042.0,eedwards,Facebook,891981.0,3.0,0.0856,789.39,0.0466,27481.0
3043.0,amberhanson,Instagram,70984.0,4.0,0.0642,695.52,0.0189,35506.0
3044.0,gtorres,LinkedIn,151355.0,5.0,,557.58,0.0367,6127.0
3045.0,mike65,Instagram,381855.0,,0.0642,928.28,0.049,46620.0
3046.0,justin99,Instagram,25762.0,4.0,0.0856,604.48,0.0365,37483.0
3047.0,adamjohnson,Facebook,586531.0,4.0,0.102,184.52,0.0194,10169.0
3048.0,awilkins,Facebook,464639.0,4.0,0.102,252.29,0.046,4107.0
,thammond,Twitter,215880.0,3.0,0.0986,898.66,0.0426,45348.0
3050.0,kellie00,LinkedIn,838043.0,3.0,0.0856,370.17,0.0192,45363.0
3051.0,rodgerszachary,Facebook,444186.0,5.0,0.102,97.1,0.0241,11025.0
3052.0,manuel94,Instagram,100046.0,3.0,0.102,804.4,0.0448,16963.0
3053.0,kgraves,Twitter,888450.0,3.0,0.0986,422.61,0.0194,35282.0
3054.0,jeffreybennett,TikTok,13499.0,6.0,0.0986,695.52,0.0116,
3055.0,kgraves,TikTok,237270.0,3.0,0.0642,864.3,0.0223,4785.0
3056.0,travis06,,875516.0,,0.0986,244.21,0.0257,18710.0
3057.0,kfowler,Twitter,906814.0,1.0,0.0986,182.75,0.0134,45111.0
3058.0,,LinkedIn,365750.0,4.0,0.102,932.47,0.0269,
3059.0,sarahowen,Instagram,711451.0,6.0,0.0856,539.03,,19694.0
3060.0,kaitlyn63,Twitter,509616.0,1.0,0.0642,152.25,0.0108,39060.0
3061.0,vbrady,TikTok,959451.0,2.0,0.0986,469.53,0.0164,44139.0
3062.0,david74,,898785.0,6.0,0.0986,932.62,0.0483,9446.0
3063.0,gluna,Twitter,511486.0,2.0,0.0834,767.52,0.0448,22544.0
3064.0,patty20,LinkedIn,301872.0,5.0,0.0834,446.68,0.0229,1846.0
,woodjodi,Instagram,441412.0,5.0,0.0856,851.98,0.042,23420.0
3066.0,,Facebook,619842.0,6.0,0.0642,872.61,0.0181,21965.0
3067.0,wendylee,LinkedIn,840138.0,3.0,0.0642,,0.0428,24042.0
3068.0,stephanie02,TikTok,591662.0,5.0,0.0642,500.73,,
3069.0,wrightnorman,TikTok,666658.0,2.0,0.0856,390.54,0.0405,47297.0
,christophermartinez,Facebook,723181.0,6.0,0.102,435.65,0.0237,43893.0
3071.0,ewalters,Twitter,452633.0,3.0,0.0642,625.62,0.0101,10969.0
3072.0,hgonzalez,Twitter,164303.0,3.0,0.102,,0.0499,18875.0
3073.0,,Facebook,314375.0,7.0,0.0986,594.15,0.0255,8621.0
3074.0,nvincent,Instagram,840871.0,5.0,0.0834,742.79,0.0128,40164.0
3075.0,jaclyn79,LinkedIn,820546.0,6.0,0.0856,75.54,0.0145,24646.0
3076.0,wrightaudrey,Instagram,385711.0,3.0,0.102,643.57,0.0208,6159.0
3077.0,alvarezdanielle,Instagram,42829.0,2.0,0.102,565.07,0.0307,19583.0
3078.0,qfisher,TikTok,,4.0,,429.58,0.0361,19392.0
3079.0,bberry,LinkedIn,132332.0,3.0,0.0642,689.23,0.0172,11272.0
3080.0,yvettepotts,TikTok,282785.0,7.0,0.0642,74.11,,45490.0
,adamthomas,Instagram,31913.0,4.0,0.102,498.58,0.0105,44810.0
3082.0,brady22,Instagram,911017.0,6.0,0.0986,322.9,0.0334,28964.0
3083.0,aflores,Twitter,232351.0,6.0,0.102,238.14,0.0343,4107.0
3084.0,erica07,Twitter,783297.0,3.0,0.0642,241.52,0.0303,5736.0
3085.0,garciajustin,Twitter,954358.0,2.0,0.102,645.84,0.0397,11512.0
3086.0,fmolina,LinkedIn,741706.0,4.0,0.0856,222.59,0.012,6865.0
3087.0,fwalker,Instagram,717686.0,3.0,0.0642,249.3,0.0215,18422.0
3088.0,dunndaniel,Twitter,899302.0,4.0,0.0856,133.68,0.0392,21017.0
3089.0,xmartinez,Twitter,56633.0,7.0,0.0834,73.0,0.0451,9895.0
3090.0,zobrien,Facebook,669927.0,2.0,0.0986,123.58,0.0337,22338.0
3091.0,millerjill,LinkedIn,234984.0,4.0,0.0856,678.02,0.0318,11429.0
3092.0,jamie67,TikTok,229858.0,3.0,0.0642,249.3,0.0304,7979.0
3093.0,crosslaura,Twitter,279904.0,3.0,0.0834,753.13,0.0158,14649.0
3094.0,aflores,Instagram,171678.0,5.0,0.102,390.54,0.04,47899.0
3095.0,justin99,TikTok,761469.0,3.0,0.0834,194.99,0.0198,14002.0
3096.0,jonathanjones,TikTok,884155.0,6.0,0.0834,641.6,0.0116,17122.0
3097.0,shawnallen,,114069.0,6.0,0.0856,699.97,0.0216,7431.0
3098.0,robertharrington,LinkedIn,997362.0,4.0,0.102,587.97,0.0285,41232.0
3099.0,mfreeman,Twitter,705097.0,1.0,0.0642,55.4,0.0347,49015.0
3100.0,graymelinda,Facebook,131380.0,6.0,0.0642,,0.028,17288.0
3101.0,,,655608.0,7.0,0.0834,252.39,0.03,10272.0
,sierrajohnson,Twitter,761363.0,5.0,0.0986,682.58,0.0466,3192.0
3103.0,kaylasmith,Twitter,712509.0,3.0,0.0856,492.15,0.0176,9755.0
3104.0,garymoore,LinkedIn,69236.0,,0.0834,422.61,0.0234,4576.0
3105.0,gsharp,Twitter,740057.0,1.0,0.102,285.16,0.0304,48278.0
3106.0,stuartsmith,Facebook,561049.0,6.0,0.0986,512.18,0.0418,30466.0
3107.0,williamskyle,Twitter,479384.0,3.0,0.0642,233.99,0.0166,23089.0
3108.0,xlindsey,TikTok,495566.0,6.0,0.0986,643.57,0.0318,9921.0
3109.0,valdezjessica,Twitter,547030.0,3.0,0.0986,913.44,0.0216,
,olopez,Facebook,171573.0,3.0,0.0834,796.42,0.0193,46263.0
3111.0,johnnyphillips,LinkedIn,680149.0,3.0,0.0986,494.5,0.0454,10846.0
3112.0,cameron78,LinkedIn,563301.0,2.0,0.0834,504.44,0.0186,5779.0
3113.0,ryanchambers,TikTok,87229.0,6.0,0.0986,129.24,0.0227,30307.0
3114.0,nicholaspeters,TikTok,616884.0,1.0,0.102,261.62,0.021,32982.0
3115.0,rachelgutierrez,,950488.0,,0.0642,,0.0419,23849.0
3116.0,kristinwilson,Twitter,661395.0,6.0,0.0834,377.8,0.0145,39042.0
3117.0,christopherbarnes,Twitter,,3.0,0.0986,446.68,0.0209,10751.0
3118.0,russellmelissa,Facebook,775776.0,4.0,0.0834,676.94,0.0275,44801.0
3119.0,rshort,TikTok,148845.0,1.0,0.0986,520.67,0.0371,14427.0
3120.0,ahoover,TikTok,315568.0,5.0,0.0856,643.57,0.041,4242.0
3121.0,amanda27,Twitter,722820.0,1.0,0.0856,238.14,0.0103,24123.0
3122.0,donaldthompson,Twitter,340133.0,7.0,0.102,431.53,0.0269,26846.0
3123.0,leemorales,LinkedIn,762261.0,4.0,0.0986,108.56,0.0444,5744.0
3124.0,cboyd,Instagram,164185.0,6.0,0.0986,689.23,0.0329,22969.0
3125.0,calebramsey,LinkedIn,183706.0,,0.0642,570.51,0.0412,13705.0
3126.0,fsanchez,Instagram,53095.0,1.0,,969.81,0.0424,48452.0
3127.0,fwade,Twitter,496812.0,6.0,0.0834,402.45,0.0424,
3128.0,cbrown,TikTok,211915.0,1.0,0.0834,948.58,0.039,10667.0
3129.0,perryrichard,LinkedIn,849514.0,,0.0834,754.41,0.0314,10954.0
3130.0,donaldthompson,TikTok,209503.0,6.0,0.0834,814.78,0.0113,20203.0
3131.0,corydavis,Twitter,285788.0,6.0,0.0834,253.21,0.0115,24573.0
3132.0,tylermartin,Instagram,63649.0,6.0,0.0834,356.29,0.0275,31198.0
3133.0,jacksonsuzanne,Facebook,980516.0,6.0,0.0856,728.88,0.0283,30873.0
3134.0,carlosholt,,62892.0,4.0,0.0986,372.21,0.0181,24957.0
3135.0,michaelperez,,84112.0,2.0,0.102,785.47,,32509.0
3136.0,pbarrett,Facebook,555542.0,7.0,0.102,993.2,0.0243,20385.0
3137.0,carpenterthomas,Twitter,832845.0,6.0,0.102,365.32,0.0354,29113.0
3138.0,brenda00,LinkedIn,415423.0,5.0,0.0642,139.38,0.028,24092.0
3139.0,ibrock,Twitter,539099.0,3.0,0.0642,387.36,0.0397,7752.0
3140.0,alexandra95,TikTok,868445.0,3.0,0.0856,51.95,0.0184,41175.0
3141.0,kevin83,Facebook,295688.0,1.0,0.0856,522.77,0.0142,2046.0
3142.0,coxricardo,Instagram,46338.0,3.0,0.0986,597.33,0.0285,17993.0
3143.0,shanejohnson,Facebook,243554.0,1.0,0.0856,772.9,0.0347,
3144.0,krystal64,Twitter,81479.0,2.0,0.0642,352.12,0.0166,6698.0
3145.0,elizabeth86,Facebook,,6.0,0.0642,539.58,,49429.0
3146.0,smithdanielle,Instagram,587793.0,3.0,0.0642,788.29,0.035,34931.0
3147.0,tracistephens,,553595.0,6.0,0.0986,53.54,0.0424,15642.0
3148.0,markgray,LinkedIn,865811.0,1.0,0.0856,230.6,0.047,47664.0
3149.0,katieking,Facebook,356969.0,2.0,0.0856,361.46,0.024,11712.0
3150.0,benjamingutierrez,Facebook,598198.0,2.0,0.0642,505.51,0.0273,3872.0
3151.0,tammy73,Instagram,279165.0,1.0,0.0642,449.39,0.0105,41567.0
3152.0,dixonjulie,LinkedIn,206141.0,5.0,0.0642,555.7,0.043,12639.0
3153.0,colestevens,LinkedIn,953416.0,,0.0642,630.47,0.0394,21799.0
3154.0,hbrooks,TikTok,450606.0,3.0,0.0986,791.29,0.0118,18536.0
3155.0,eedwards,Instagram,,5.0,0.0986,84.87,0.0369,22502.0
3156.0,tmarquez,Instagram,,1.0,0.0834,214.78,0.0115,40552.0
3157.0,cunninghamkevin,Twitter,538710.0,4.0,0.0642,74.11,,17712.0
3158.0,anne79,Twitter,933005.0,7.0,0.102,676.94,0.0354,17589.0
3159.0,yweaver,Facebook,310765.0,6.0,0.0986,849.97,0.0127,18786.0
3160.0,bakerchristina,LinkedIn,887098.0,5.0,0.0986,137.36,0.0285,45634.0
3161.0,william00,TikTok,18893.0,3.0,0.0642,677.17,0.048,39005.0
3162.0,qfisher,LinkedIn,154586.0,2.0,0.0986,429.58,0.03,19661.0
3163.0,barbara57,Instagram,150645.0,4.0,0.0642,698.14,0.0302,47775.0
,dmiller,Instagram,54242.0,4.0,0.102,556.13,0.0181,20551.0
3165.0,nponce,Twitter,278641.0,1.0,0.0834,972.33,0.0226,20562.0
3166.0,smithmatthew,Facebook,572565.0,,0.0834,238.74,0.0238,24115.0
3167.0,garymoore,Twitter,,,0.0986,474.46,0.0227,16554.0
3168.0,patrick36,Facebook,601368.0,7.0,0.0986,318.74,0.0255,26445.0
3169.0,,Facebook,589726.0,2.0,0.102,82.92,0.0392,13460.0
3170.0,aliciajohns,Twitter,430054.0,,0.0834,334.54,0.0219,19058.0
3171.0,kevinblack,Instagram,206429.0,3.0,0.0834,986.41,0.0152,33019.0
3172.0,campbellross,Instagram,766654.0,7.0,0.102,956.1,0.0144,2699.0
3173.0,johnnyphillips,,607105.0,6.0,0.0834,386.94,0.0372,21743.0
3174.0,smithdanielle,LinkedIn,831905.0,6.0,0.0856,511.43,0.0427,13757.0
3175.0,claudiaferrell,LinkedIn,324183.0,4.0,0.0986,76.36,0.049,35531.0
3176.0,robinsonmark,TikTok,192453.0,5.0,0.102,933.25,0.0484,
3177.0,mcculloughedward,LinkedIn,946137.0,7.0,0.0642,888.27,0.0135,39335.0
3178.0,courtneysanchez,,306090.0,3.0,0.0856,187.74,0.0427,28764.0
3179.0,fwade,Facebook,206379.0,3.0,0.102,797.64,0.0166,3040.0
3180.0,kimryan,Twitter,647523.0,,0.0642,615.99,0.0244,37975.0
3181.0,stephanievasquez,Instagram,937454.0,6.0,0.0986,99.67,0.0266,18762.0
3182.0,aprilwilliams,Twitter,696537.0,2.0,0.0834,738.77,0.0329,14904.0
3183.0,,Instagram,257878.0,5.0,0.0834,143.89,0.0304,5745.0
3184.0,jennifer98,LinkedIn,581613.0,5.0,0.102,307.41,0.03,34714.0
3185.0,teresataylor,Twitter,704037.0,5.0,0.102,789.39,0.044,23609.0
,,Instagram,512157.0,5.0,,365.32,0.0161,6624.0
3187.0,erin92,Facebook,391612.0,2.0,0.102,57.19,0.0238,4022.0
3188.0,lisa30,LinkedIn,,1.0,0.0856,369.37,0.0404,20900.0
3189.0,yhahn,TikTok,171182.0,1.0,0.0834,374.56,0.0249,40770.0
3190.0,robinsonmark,Twitter,845179.0,2.0,0.0642,557.81,0.0406,22921.0
3191.0,kgraves,Facebook,390134.0,6.0,0.0834,891.71,0.0304,20882.0
3192.0,cody87,TikTok,954391.0,2.0,0.0642,893.56,0.046,16304.0
3193.0,melissacordova,Instagram,525581.0,1.0,0.0642,279.32,,28880.0
3194.0,ubecker,LinkedIn,94915.0,,0.102,514.07,0.0186,
3195.0,robinsonsandra,LinkedIn,55800.0,6.0,0.102,772.9,0.0372,47910.0
3196.0,victoria86,Instagram,549924.0,3.0,0.0834,497.57,0.0283,14426.0
3197.0,timothyrandall,TikTok,326376.0,6.0,0.0856,967.56,0.0213,36635.0
3198.0,kstewart,TikTok,630066.0,4.0,0.102,784.57,0.0379,29791.0
3199.0,cooperpaul,Twitter,672382.0,3.0,0.0856,474.87,0.0264,1804.0
3200.0,bethgrimes,TikTok,892511.0,4.0,0.0856,259.06,0.0262,39601.0
3201.0,nicholas41,Facebook,285357.0,3.0,0.0642,460.86,0.0143,45033.0
3202.0,mariah21,Twitter,16672.0,3.0,,153.65,0.0303,42527.0
3203.0,,TikTok,,5.0,0.0642,985.46,0.0241,36433.0
3204.0,tylerwilliams,Instagram,761900.0,3.0,0.0856,827.71,0.0218,
3205.0,hughesjohn,Instagram,468931.0,1.0,0.0856,752.14,0.0152,38782.0
3206.0,patrick62,TikTok,633132.0,7.0,0.0986,827.47,0.0385,
3207.0,amandahenry,Instagram,226475.0,7.0,0.0834,960.27,,45239.0
3208.0,williamcoffey,Instagram,59927.0,5.0,0.0642,184.93,0.0238,45957.0
3209.0,hernandezthomas,TikTok,512238.0,1.0,0.0834,296.14,0.019,27235.0
3210.0,thomas49,Instagram,408547.0,3.0,0.102,519.52,0.0153,25620.0
3211.0,robert31,LinkedIn,342519.0,5.0,0.0986,211.61,0.019,15316.0
3212.0,luislove,Instagram,396470.0,5.0,0.0856,869.72,0.0191,
3213.0,kanebrenda,LinkedIn,918403.0,3.0,0.0986,905.83,0.0118,12397.0
3214.0,jeffreyrice,Facebook,200773.0,7.0,0.0856,383.19,0.0144,3483.0
3215.0,elizabethcombs,LinkedIn,697767.0,5.0,0.0986,955.85,0.0272,44819.0
3216.0,teresaellis,Instagram,433380.0,2.0,0.0986,497.29,0.0479,16089.0
3217.0,adamjohnson,Instagram,667767.0,6.0,0.0856,656.5,0.038,34674.0
3218.0,timothyrandall,Facebook,466925.0,6.0,0.0642,321.35,0.0263,15494.0
3219.0,scott25,Facebook,14455.0,7.0,0.0856,108.56,0.0267,36520.0
3220.0,larry14,Twitter,52863.0,5.0,0.0642,149.79,0.0494,23138.0
,gtorres,TikTok,765200.0,7.0,0.102,507.99,0.0102,34741.0
3222.0,elizabethelliott,LinkedIn,101916.0,1.0,0.0986,991.96,0.0447,25969.0
3223.0,coxricardo,Facebook,425648.0,4.0,0.0642,520.22,0.0478,47741.0
,michaeldavis,Instagram,477335.0,1.0,0.0642,173.91,0.0116,48993.0
3225.0,klee,LinkedIn,846784.0,3.0,0.102,714.36,,26625.0
3226.0,brady22,TikTok,663647.0,4.0,0.0856,858.44,0.0259,44192.0
3227.0,edwardschristina,TikTok,510653.0,4.0,0.0642,926.61,0.0186,42847.0
3228.0,hunterbriana,LinkedIn,25847.0,3.0,0.0986,390.34,0.02,10308.0
3229.0,andradewesley,Facebook,121419.0,,0.0642,428.86,0.0102,
3230.0,dunndaniel,Instagram,34527.0,1.0,0.0642,799.0,0.0496,
3231.0,julie05,TikTok,,4.0,0.0834,,0.0448,34969.0
3232.0,taylornewman,Facebook,334365.0,4.0,0.102,771.95,0.0126,6276.0
3233.0,henrykendra,TikTok,401361.0,7.0,0.0642,250.31,0.0341,3080.0
3234.0,yangpamela,Twitter,95701.0,1.0,0.0834,124.95,0.0331,23454.0
3235.0,fowlermichael,Instagram,897134.0,3.0,0.0834,510.63,0.0234,31987.0
3236.0,kaylasmith,Facebook,793043.0,7.0,0.102,555.48,0.0108,45007.0
3237.0,walterkennedy,Instagram,246165.0,6.0,0.0986,203.52,0.0332,20816.0
,,Facebook,,4.0,0.0642,148.05,0.0154,31690.0
3239.0,kevinblack,Twitter,418046.0,,,909.29,0.0361,49806.0
3240.0,stevensondesiree,Facebook,94219.0,2.0,0.102,237.74,0.016,5035.0
3241.0,thomasjonathan,LinkedIn,619238.0,1.0,0.0642,384.1,,1856.0
3242.0,,Instagram,144945.0,1.0,0.0642,212.36,0.0159,29823.0
,stephanie02,Facebook,170442.0,,0.0642,649.02,0.0226,
3244.0,lorettamorton,LinkedIn,189565.0,5.0,0.0642,68.93,0.0221,45147.0
3245.0,lorettamorton,LinkedIn,358771.0,4.0,0.0856,,0.0137,39846.0
3246.0,angelsmith,LinkedIn,816112.0,3.0,0.0856,,0.0364,39836.0
3247.0,xzavala,Facebook,257119.0,4.0,0.0856,449.39,0.0262,
3248.0,ijohnson,Instagram,380881.0,3.0,0.0986,640.24,,45405.0
3249.0,smithjulian,Twitter,341170.0,2.0,0.102,789.39,0.0344,47154.0
3250.0,hernandezvanessa,TikTok,549436.0,3.0,0.0856,602.44,0.0351,33664.0
3251.0,rodgerszachary,LinkedIn,716849.0,,0.0834,762.66,0.0181,
3252.0,maysmeghan,Twitter,166588.0,1.0,0.0986,411.29,0.0115,30084.0
3253.0,cboyd,TikTok,257590.0,2.0,0.0642,925.27,0.0341,14095.0
3254.0,doughertyaustin,LinkedIn,666450.0,5.0,0.0856,317.82,,1590.0
3255.0,nlewis,TikTok,602794.0,2.0,0.0834,587.97,0.0424,13268.0
3256.0,hgonzalez,LinkedIn,608229.0,,,756.25,0.0493,3514.0
3257.0,amanda20,TikTok,158246.0,3.0,0.102,973.44,0.0432,6948.0
3258.0,kennedykayla,LinkedIn,123930.0,4.0,0.0986,761.22,0.0195,47132.0
3259.0,andradewesley,TikTok,,6.0,0.0856,727.33,0.0246,3496.0
3260.0,jameskennedy,TikTok,265126.0,6.0,0.0856,871.89,0.0238,47478.0
3261.0,nturner,,94347.0,6.0,0.102,237.74,0.0479,8569.0
3262.0,jeremiah03,Twitter,976789.0,,0.102,286.58,0.0123,13528.0
3263.0,,TikTok,399566.0,4.0,0.0856,498.58,0.0175,41048.0
3264.0,gmeyer,LinkedIn,7009.0,3.0,0.0642,83.53,0.0439,48788.0
3265.0,,LinkedIn,,2.0,,247.27,0.0128,38167.0
3266.0,hughesmatthew,TikTok,233132.0,5.0,0.0856,568.9,0.0133,31904.0
3267.0,brady22,TikTok,108073.0,1.0,0.0986,592.26,0.0115,1076.0
3268.0,kimryan,Facebook,,2.0,0.0642,603.08,0.0225,14442.0
3269.0,melissa08,LinkedIn,240385.0,1.0,0.0986,890.31,0.0456,16359.0
3270.0,bobbystrickland,,899135.0,7.0,0.0856,394.17,,47412.0
3271.0,sonya64,TikTok,814253.0,3.0,0.0856,872.77,0.0186,39134.0
3272.0,vmorgan,LinkedIn,783063.0,7.0,0.0834,137.36,0.0332,4067.0
3273.0,daniellelamb,TikTok,567469.0,3.0,0.0856,137.36,0.0326,29849.0
3274.0,owensnatalie,TikTok,49172.0,1.0,0.0986,741.79,,6286.0
3275.0,robertsanders,TikTok,100018.0,2.0,,,0.0272,22650.0
3276.0,xroberts,Facebook,667981.0,6.0,0.102,398.1,0.0198,45833.0
3277.0,michaeldavis,TikTok,305119.0,2.0,0.0834,221.5,0.0186,3486.0
3278.0,turnerchristopher,Twitter,156787.0,5.0,0.0834,62.71,0.0384,13121.0
3279.0,nponce,Twitter,622259.0,,0.102,611.1,0.0118,44798.0
3280.0,nancy96,LinkedIn,808198.0,2.0,0.0642,932.62,0.0118,2511.0
3281.0,tylermartin,Twitter,273809.0,3.0,0.0986,52.41,0.0393,30462.0
3282.0,plindsey,Twitter,964679.0,7.0,0.0986,248.25,0.0115,
,turnerchristopher,TikTok,916846.0,1.0,0.0642,817.09,0.0213,10786.0
3284.0,jacksonsuzanne,TikTok,251228.0,1.0,0.0834,770.73,0.0261,
3285.0,molinaisaac,LinkedIn,987418.0,5.0,0.0642,767.4,0.0282,16635.0
3286.0,ewilliams,Instagram,579780.0,2.0,0.0986,57.19,,37616.0
3287.0,elizabeth54,Instagram,549858.0,6.0,0.0834,127.9,0.0357,9318.0
3288.0,hernandezvanessa,Facebook,671752.0,3.0,0.0642,505.51,0.0473,38099.0
3289.0,larry14,Instagram,960423.0,,0.102,951.11,0.012,6270.0
3290.0,johncarpenter,Twitter,550976.0,5.0,0.0642,349.72,0.0326,
3291.0,ryan77,LinkedIn,3504.0,6.0,0.0834,361.15,0.0343,42618.0
3292.0,lesliepennington,LinkedIn,44658.0,1.0,0.0834,196.71,0.0138,48105.0
,lbaldwin,Instagram,226089.0,6.0,0.0834,644.12,0.0137,27681.0
3294.0,danielanderson,TikTok,687711.0,2.0,0.0834,573.91,0.0247,3445.0
3295.0,robinsonmark,Twitter,731326.0,,0.0642,120.74,0.0426,26035.0
3296.0,bobbystrickland,Instagram,,6.0,0.0856,352.46,0.0433,18754.0
3297.0,mary05,TikTok,340826.0,7.0,0.0856,919.05,0.0435,16881.0
3298.0,ybrock,TikTok,230465.0,3.0,0.0986,561.63,0.0252,31779.0
3299.0,gclark,Twitter,224201.0,5.0,0.0856,899.76,0.0242,20998.0
3300.0,ngray,Facebook,53832.0,,0.0642,53.32,0.026,34835.0
3301.0,ericajohns,Twitter,280780.0,2.0,0.0642,840.87,0.0431,
3302.0,stephanie37,TikTok,674096.0,5.0,0.102,925.27,0.0245,27268.0
3303.0,williamwyatt,TikTok,164845.0,1.0,0.0986,852.45,0.0359,16408.0
3304.0,baileykerry,Facebook,458122.0,1.0,0.0834,676.94,,41433.0
3305.0,sthompson,Twitter,768504.0,5.0,0.0856,468.77,0.0448,5438.0
3306.0,fmolina,Twitter,,1.0,0.102,594.15,0.0325,17319.0
3307.0,jenniferthornton,LinkedIn,323548.0,5.0,0.0642,,0.0348,35554.0
3308.0,asantos,LinkedIn,801350.0,5.0,0.0986,514.07,0.043,10421.0
3309.0,yrodriguez,LinkedIn,60463.0,7.0,0.0986,505.51,0.0262,41217.0
3310.0,wongyesenia,TikTok,,5.0,0.0642,573.41,0.0227,35122.0
3311.0,wolfejoshua,Twitter,128172.0,7.0,0.0642,529.18,0.0473,20681.0
3312.0,jonathan26,,692231.0,3.0,,905.83,0.0145,40673.0
3313.0,erika95,,847210.0,6.0,0.102,766.12,0.0143,
3314.0,robinsonsandra,Instagram,838477.0,6.0,0.0856,893.81,0.0272,39999.0
3315.0,stuartsmith,Facebook,155341.0,6.0,0.0834,396.19,0.0236,16937.0
3316.0,ibrock,LinkedIn,286306.0,7.0,0.0986,741.69,0.0218,30203.0
3317.0,donaldthompson,TikTok,843540.0,6.0,0.0834,134.83,0.0105,6083.0
3318.0,cody87,LinkedIn,119221.0,,,198.72,0.0479,7756.0
3319.0,paul06,TikTok,614089.0,2.0,0.0834,504.44,0.0304,32739.0
3320.0,andrew08,,655096.0,2.0,0.0834,765.21,0.04,37514.0
3321.0,virginia09,TikTok,946604.0,7.0,0.102,519.52,0.0484,22369.0
3322.0,erica07,Facebook,441588.0,5.0,0.0642,187.13,0.0467,44019.0
3323.0,andrew37,Instagram,313911.0,2.0,0.0986,53.9,,31978.0
3324.0,charleshayes,LinkedIn,424868.0,2.0,0.102,81.51,0.0298,49633.0
3325.0,travis06,,383950.0,5.0,0.0834,989.55,0.0365,45445.0
3326.0,john06,Twitter,270144.0,4.0,0.0642,514.6,0.0153,7372.0
3327.0,james60,TikTok,521488.0,5.0,0.0642,61.62,0.0273,14643.0
,ashleycooper,Twitter,244530.0,7.0,0.0642,597.33,0.0302,8975.0
3329.0,andersonnina,Facebook,422903.0,7.0,0.0986,122.95,0.0297,31993.0
3330.0,ronnieperry,Instagram,730038.0,3.0,0.0986,217.73,0.0328,28920.0
3331.0,danny18,TikTok,273513.0,6.0,0.102,238.14,0.04,46543.0
3332.0,zjones,LinkedIn,964889.0,3.0,0.0642,474.46,0.0285,21430.0
3333.0,toddbryan,TikTok,740560.0,1.0,0.0856,,0.0117,14537.0
3334.0,logan51,TikTok,899849.0,3.0,0.0986,785.47,0.0148,16224.0
3335.0,plindsey,Facebook,968993.0,2.0,0.102,376.93,0.0486,25161.0
3336.0,smcguire,,505892.0,5.0,0.0986,682.47,0.0499,30826.0
3337.0,rgarrison,Twitter,,1.0,0.0986,148.83,0.0142,49859.0
3338.0,davistammy,,484154.0,6.0,0.102,154.35,0.0488,
3339.0,schmittjason,Twitter,971030.0,1.0,0.102,638.08,0.0486,
3340.0,campbelljose,Twitter,75607.0,6.0,0.0642,909.29,,31461.0
3341.0,asimon,,288017.0,6.0,0.0856,315.9,0.0379,37732.0
3342.0,toneill,Twitter,961045.0,1.0,0.0834,175.95,0.0112,2126.0
3343.0,bethgrimes,,412783.0,3.0,0.0986,209.6,0.0118,39454.0
3344.0,emily77,TikTok,21317.0,5.0,0.0642,452.91,0.0262,6318.0
3345.0,michaelperez,LinkedIn,,,,395.39,0.0493,2131.0
3346.0,,Facebook,491475.0,6.0,0.0986,466.92,0.0313,21213.0
3347.0,,LinkedIn,266387.0,1.0,0.0856,764.67,0.0158,33186.0
3348.0,jeffreyrice,TikTok,666019.0,1.0,0.0986,152.87,0.0237,34861.0
3349.0,kathrynsingh,Instagram,664884.0,6.0,0.0834,636.6,0.0175,23550.0
3350.0,jbonilla,Facebook,790594.0,7.0,0.0856,542.96,0.0276,
3351.0,gracegay,TikTok,721704.0,6.0,0.0986,557.81,0.0273,41988.0
3352.0,elizabethwade,Facebook,611396.0,2.0,0.0834,733.6,0.0287,13260.0
3353.0,qhobbs,LinkedIn,680441.0,1.0,0.0642,888.27,0.0427,45465.0
3354.0,williamsongarrett,Facebook,969843.0,5.0,0.0986,717.59,0.0102,44374.0
3355.0,allen72,LinkedIn,82555.0,7.0,0.0642,83.12,0.0148,30750.0
3356.0,allensteven,Twitter,508575.0,5.0,0.0856,90.45,0.0177,6480.0
3357.0,kstewart,Twitter,862988.0,6.0,0.102,461.85,0.0191,37416.0
3358.0,jenniferwaller,,34779.0,1.0,0.0986,,0.0357,17237.0
3359.0,owensnatalie,TikTok,435234.0,1.0,0.102,376.76,0.0308,36068.0
3360.0,holmesjohn,Twitter,272978.0,4.0,0.0986,556.13,0.011,39409.0
3361.0,ggonzalez,LinkedIn,,6.0,0.0834,395.01,0.0375,3602.0
3362.0,jamiejones,TikTok,830810.0,6.0,0.0856,334.87,0.0466,49492.0
3363.0,juliepayne,LinkedIn,713554.0,6.0,0.0986,618.92,0.0181,3023.0
3364.0,cynthia50,Twitter,844771.0,1.0,0.102,334.87,0.0468,17904.0
,smithedward,LinkedIn,631084.0,1.0,0.102,363.0,0.0204,45471.0
3366.0,jennifer41,LinkedIn,410770.0,4.0,0.0986,913.44,0.0174,21387.0
3367.0,nhoffman,Instagram,733847.0,3.0,,512.18,0.0472,33980.0
3368.0,xzavala,Facebook,884560.0,1.0,0.0856,148.83,,8594.0
3369.0,yweaver,Twitter,520629.0,3.0,0.0642,645.84,0.022,5609.0
3370.0,kayla25,Facebook,791352.0,3.0,0.0856,878.68,0.0272,
3371.0,ronnieperry,LinkedIn,414862.0,2.0,0.102,510.8,0.0492,2280.0
3372.0,mary46,Twitter,720891.0,3.0,0.0642,899.76,0.0429,14621.0
3373.0,nicholasnorton,Instagram,821880.0,6.0,0.102,907.05,0.048,39803.0
3374.0,wstevens,LinkedIn,833306.0,4.0,0.0986,321.64,0.0262,24141.0
3375.0,edward01,Instagram,377594.0,5.0,0.0834,98.99,0.0106,48865.0
3376.0,michaelperez,TikTok,562360.0,5.0,0.0986,,0.041,30467.0
3377.0,corymann,Instagram,661773.0,2.0,0.0856,973.57,0.0264,47615.0
3378.0,davisjose,Twitter,732587.0,5.0,0.102,278.42,0.0444,24604.0
3379.0,russellcynthia,,251843.0,3.0,0.0986,177.41,0.0419,
3380.0,lewisjessica,LinkedIn,233594.0,7.0,0.0986,808.94,0.0334,3727.0
3381.0,hannah30,Facebook,701198.0,7.0,0.0856,612.83,0.0331,
,nperez,TikTok,340609.0,5.0,0.0642,100.35,0.0459,9592.0
3383.0,dmartin,Twitter,70671.0,6.0,0.0986,504.44,0.0334,33301.0
3384.0,ljensen,Facebook,281515.0,5.0,0.0986,842.79,0.0286,23637.0
3385.0,jmcgee,LinkedIn,912673.0,1.0,0.0642,630.21,0.0143,24871.0
3386.0,nelsonalfred,TikTok,715622.0,7.0,0.0986,,0.0468,18339.0
3387.0,carpenterpamela,Instagram,414521.0,5.0,0.0642,892.6,0.0334,39092.0
3388.0,brenda85,,601554.0,4.0,0.0986,297.39,0.0143,22451.0
3389.0,mnolan,Instagram,372645.0,6.0,0.0834,216.91,0.043,43745.0
3390.0,laurendurham,,995503.0,3.0,0.0856,512.18,0.0216,44309.0
3391.0,alisonrobertson,TikTok,440730.0,1.0,0.0986,775.38,0.0363,15144.0
3392.0,emily36,LinkedIn,,2.0,0.0642,387.36,0.0444,49260.0
3393.0,wrightnorman,LinkedIn,858895.0,4.0,0.102,894.32,0.0304,21148.0
3394.0,mariapatel,Instagram,7832.0,6.0,0.102,761.22,0.0124,49675.0
3395.0,gpayne,Instagram,2149.0,2.0,0.0856,,0.0478,36199.0
3396.0,jjones,TikTok,916439.0,1.0,0.0642,352.12,0.0198,7843.0
3397.0,virginia09,LinkedIn,920854.0,2.0,0.0986,796.42,0.0193,6684.0
3398.0,turnerchristopher,Twitter,984734.0,3.0,0.0642,569.83,0.0483,46831.0
3399.0,danielharper,LinkedIn,,7.0,0.102,461.85,0.0189,11052.0
3400.0,xcruz,TikTok,777533.0,1.0,0.0642,413.32,0.0311,25711.0
3401.0,jmcgee,Twitter,566717.0,1.0,0.102,451.91,0.0315,23656.0
3402.0,hunterbriana,Instagram,622128.0,6.0,0.0834,146.95,0.0448,26369.0
3403.0,teresaellis,LinkedIn,508180.0,6.0,0.0642,108.56,0.0258,26746.0
3404.0,ycole,Twitter,156636.0,3.0,0.0856,986.41,0.0402,
3405.0,mtaylor,Twitter,606008.0,3.0,0.0834,806.92,0.0486,
3406.0,charlescisneros,Twitter,121310.0,,0.0834,82.92,,
3407.0,xfreeman,TikTok,844657.0,,0.0856,693.78,0.0175,
3408.0,ycole,TikTok,495421.0,5.0,0.0986,143.55,0.0454,42305.0
3409.0,qcannon,LinkedIn,931303.0,5.0,0.0856,160.84,0.0361,44324.0
3410.0,silvaphillip,Twitter,596685.0,3.0,0.0834,965.17,0.0341,35624.0
3411.0,clementsdevin,Twitter,54437.0,3.0,0.102,,0.0162,7329.0
3412.0,davidvaldez,Instagram,792700.0,6.0,0.0834,974.35,0.0255,44487.0
3413.0,stephanie37,TikTok,576256.0,1.0,0.0856,555.7,0.0372,33866.0
3414.0,megan48,Facebook,274428.0,2.0,0.0856,127.9,0.0279,47497.0
3415.0,andrew24,Instagram,533298.0,7.0,0.0986,369.37,0.0352,38139.0
3416.0,eric95,LinkedIn,953399.0,6.0,0.0834,778.33,0.0172,39202.0
3417.0,cody18,LinkedIn,312413.0,4.0,0.0986,540.02,0.0489,13658.0
3418.0,petersonjerry,Twitter,522148.0,2.0,0.0856,310.36,0.0353,5869.0
3419.0,toddbryan,TikTok,355964.0,2.0,0.0642,,0.0154,23908.0
3420.0,fsanchez,Facebook,224848.0,6.0,0.102,365.32,0.0128,40973.0
3421.0,destinymartinez,Instagram,555230.0,1.0,0.102,794.46,0.0118,41967.0
3422.0,zhobbs,LinkedIn,921333.0,6.0,0.0856,139.38,0.0463,41171.0
3423.0,davistammy,Twitter,906263.0,2.0,0.0856,925.27,0.0125,48022.0
3424.0,alvarezdanielle,Instagram,305135.0,7.0,0.0642,917.31,0.0412,34577.0
3425.0,revans,Twitter,364282.0,,,698.14,0.0439,6593.0
3426.0,katherine30,LinkedIn,770410.0,2.0,0.0834,422.04,0.0163,27891.0
3427.0,daltonmichael,TikTok,265811.0,6.0,0.0856,988.96,0.0235,26201.0
3428.0,paularios,LinkedIn,795014.0,4.0,0.0642,411.29,0.0148,
3429.0,romerojorge,TikTok,104378.0,4.0,0.0834,500.73,0.0419,18147.0
3430.0,lopezsusan,TikTok,266455.0,7.0,0.0986,488.49,0.0273,26264.0
3431.0,teresataylor,LinkedIn,865164.0,7.0,0.0834,849.11,,49216.0
3432.0,michaelbaker,Facebook,555910.0,5.0,0.0834,228.19,0.0418,2702.0
,lisa73,Facebook,991140.0,1.0,0.102,518.83,0.0321,23817.0
3434.0,,Facebook,461949.0,1.0,,713.93,0.0191,12822.0
3435.0,jmcgee,TikTok,523761.0,6.0,0.0642,357.45,0.0434,
3436.0,laura55,Twitter,938101.0,5.0,0.0986,754.87,0.0227,
3437.0,matthew40,Twitter,25226.0,1.0,0.0642,489.75,0.0444,49307.0
3438.0,nathaniel06,TikTok,239055.0,4.0,0.102,506.57,0.0198,46249.0
3439.0,teresataylor,Facebook,,5.0,0.0856,993.19,0.0154,31084.0
3440.0,ybrock,TikTok,,,0.0642,,0.0137,38310.0
3441.0,gabriellashort,Facebook,472996.0,5.0,0.0834,387.96,0.0323,12107.0
3442.0,melendezpamela,Facebook,974729.0,,0.102,599.73,0.0159,43974.0
3443.0,samanthaallen,Instagram,119659.0,3.0,0.102,402.13,0.0198,35354.0
3444.0,jefferygarcia,Twitter,831095.0,2.0,0.0856,249.3,0.0186,46853.0
3445.0,jennifer53,Facebook,690134.0,1.0,0.0986,154.01,0.0111,3967.0
3446.0,fkelly,Instagram,137555.0,4.0,0.0642,834.49,0.037,
3447.0,jeremiah03,LinkedIn,765922.0,3.0,0.0642,408.93,0.0237,22714.0
3448.0,alyssa15,Instagram,700352.0,2.0,0.102,310.39,0.0123,3725.0
3449.0,davisjose,Facebook,486053.0,2.0,0.0986,457.25,,32286.0
3450.0,joshua55,Facebook,879604.0,6.0,0.0834,600.46,0.0468,3846.0
3451.0,nicolegalloway,Instagram,,3.0,0.0986,667.59,0.0391,30091.0
3452.0,michael61,LinkedIn,970079.0,5.0,0.0642,432.08,0.0443,22934.0
3453.0,hernandezshawn,Facebook,964462.0,4.0,0.0856,460.86,0.0152,11034.0
3454.0,qramos,TikTok,461222.0,6.0,0.0834,951.65,0.0499,43183.0
3455.0,vmorales,Instagram,749279.0,5.0,0.0834,282.81,0.0229,31622.0
3456.0,petersonkristie,TikTok,705008.0,3.0,0.0834,90.38,0.0426,4347.0
3457.0,lisamorrow,Facebook,20613.0,2.0,0.0986,265.2,0.0114,49072.0
3458.0,wmercado,Instagram,225371.0,6.0,0.0856,70.91,0.0258,13333.0
3459.0,ejones,LinkedIn,58228.0,4.0,0.0642,349.32,0.0255,38858.0
3460.0,stuartsmith,TikTok,37957.0,7.0,0.0642,772.09,0.0255,44312.0
3461.0,kharris,Twitter,773196.0,6.0,0.0642,715.37,0.0424,5929.0
3462.0,cunninghamkevin,Facebook,233509.0,2.0,0.0834,421.56,0.0354,15882.0
3463.0,jonathan26,LinkedIn,99982.0,3.0,0.0834,428.86,0.0478,37599.0
3464.0,kenneth65,LinkedIn,845137.0,4.0,0.0986,117.05,0.0369,11449.0
3465.0,michael55,Facebook,244081.0,3.0,0.0834,313.49,0.05,37596.0
3466.0,ryan18,Facebook,213376.0,3.0,0.0856,903.99,0.03,11622.0
3467.0,allison03,Instagram,634129.0,6.0,0.0834,250.43,0.0391,27577.0
3468.0,stephanie37,LinkedIn,,4.0,0.0642,95.36,0.0468,20933.0
3469.0,karenbarron,Instagram,338699.0,5.0,0.0834,181.53,0.0283,23292.0
3470.0,nturner,Twitter,489647.0,6.0,0.102,184.93,0.0352,10647.0
3471.0,kevingarcia,Facebook,986248.0,4.0,0.0856,90.38,,29975.0
3472.0,shawn32,LinkedIn,341110.0,,0.0834,382.74,0.0247,49291.0
3473.0,ftrevino,Twitter,582013.0,4.0,0.102,737.59,0.0331,38377.0
3474.0,mary32,Twitter,659740.0,7.0,0.0986,323.63,0.0131,19484.0
3475.0,murraykyle,LinkedIn,590181.0,6.0,0.0986,940.9,0.0448,49829.0
3476.0,markgray,Twitter,383103.0,5.0,0.0834,177.92,0.0442,46952.0
3477.0,rachelfisher,Twitter,585721.0,4.0,0.102,323.9,0.041,16862.0
3478.0,vincentwang,Instagram,413108.0,5.0,0.0986,334.87,0.0181,16827.0
3479.0,andre58,LinkedIn,643595.0,5.0,0.0834,230.6,0.0309,9971.0
3480.0,millerjill,LinkedIn,323966.0,4.0,0.102,238.51,0.0332,42437.0
3481.0,hobrien,Twitter,480758.0,1.0,0.0834,117.22,,44775.0
3482.0,morrisonheidi,Twitter,574645.0,3.0,0.0986,497.57,0.0337,18323.0
3483.0,mckenzieadam,TikTok,906683.0,6.0,,526.82,0.0226,44130.0
3484.0,hamiltonjessica,Instagram,942409.0,5.0,0.0856,253.21,0.0145,5731.0
3485.0,hughesmatthew,LinkedIn,902254.0,5.0,0.0834,184.52,0.0202,9788.0
3486.0,elizabethwilson,Facebook,90551.0,1.0,0.0986,422.61,0.0136,2205.0
3487.0,elaine15,LinkedIn,543807.0,2.0,0.0856,184.93,0.0193,35918.0
3488.0,cooklinda,Facebook,380907.0,7.0,0.0986,53.32,0.0176,43553.0
3489.0,eugene39,Twitter,944192.0,1.0,0.0834,184.93,0.0307,24741.0
3490.0,laura14,Twitter,519371.0,1.0,0.0834,291.47,0.0283,5310.0
3491.0,alisonrobertson,TikTok,765972.0,6.0,0.0986,192.99,0.0416,18014.0
3492.0,xfreeman,Instagram,447117.0,5.0,0.0856,884.1,0.0238,41231.0
3493.0,johnmartinez,LinkedIn,33072.0,6.0,0.0834,162.16,0.0118,4077.0
3494.0,smithdanielle,Facebook,430410.0,2.0,0.0986,274.15,0.0378,5422.0
3495.0,samanthasmith,LinkedIn,179243.0,4.0,0.102,156.13,0.0393,4381.0
3496.0,diazmisty,Twitter,274145.0,7.0,0.0834,993.19,0.0391,24154.0
3497.0,qthompson,TikTok,34722.0,1.0,0.0834,880.42,0.0203,15228.0
3498.0,thomasjonathan,Facebook,16355.0,6.0,,,0.0191,35875.0
3499.0,emily77,Instagram,165349.0,7.0,0.0834,277.4,0.04,33072.0
3500.0,belinda51,LinkedIn,450826.0,1.0,0.0834,742.79,0.0238,
3501.0,tonyarobertson,LinkedIn,983200.0,2.0,0.102,715.96,,23214.0
3502.0,garciasarah,Twitter,515491.0,5.0,0.102,600.46,0.0301,5857.0
3503.0,ryanchambers,TikTok,734651.0,7.0,0.0986,951.65,0.046,27477.0
3504.0,robertsjennifer,TikTok,556926.0,5.0,0.102,119.48,0.021,47469.0
3505.0,jmiller,Facebook,234119.0,4.0,0.0856,373.18,0.0118,17966.0
3506.0,shanejohnson,TikTok,524430.0,2.0,0.0856,640.55,0.0422,42029.0
3507.0,cynthia50,Facebook,345892.0,4.0,0.102,142.56,0.038,5146.0
3508.0,emily36,LinkedIn,579222.0,7.0,0.0856,767.4,0.013,3420.0
3509.0,perezbobby,Facebook,646941.0,6.0,,95.36,0.0288,28884.0
3510.0,lisa73,Twitter,546120.0,5.0,,429.01,0.0334,32382.0
3511.0,ycole,Instagram,485675.0,3.0,0.0856,352.46,0.0278,33268.0
3512.0,romeroallison,TikTok,566651.0,5.0,0.0986,893.56,0.0427,24970.0
3513.0,alyssa15,Facebook,537219.0,6.0,,710.34,0.0272,44990.0
3514.0,margaret57,Instagram,349362.0,3.0,0.102,277.01,0.0325,39419.0
3515.0,peter15,Facebook,53231.0,3.0,0.0986,609.25,0.0165,8690.0
3516.0,treynolds,Instagram,107690.0,7.0,0.0856,975.52,0.0421,25783.0
3517.0,conradlaura,LinkedIn,456977.0,4.0,0.0834,876.46,0.0417,
3518.0,anthonywilliams,Facebook,553187.0,4.0,0.0856,110.12,0.0304,35360.0
3519.0,,TikTok,462809.0,4.0,0.102,241.52,0.0364,
3520.0,lsherman,Twitter,688953.0,2.0,0.0642,497.17,0.0498,37404.0
3521.0,joshuabailey,LinkedIn,760958.0,5.0,0.0642,742.39,0.0312,9828.0
3522.0,robertmorris,Instagram,70601.0,1.0,0.0642,376.93,0.0152,20652.0
3523.0,ejones,TikTok,751096.0,2.0,0.0986,987.0,0.031,28370.0
3524.0,william00,TikTok,64896.0,3.0,0.0642,899.76,0.0379,36149.0
3525.0,dmartin,LinkedIn,12811.0,1.0,0.102,989.55,0.0371,18778.0
3526.0,gclark,Twitter,,1.0,0.0834,953.16,0.0222,28187.0
3527.0,timothynavarro,Instagram,147544.0,3.0,0.102,281.4,0.0285,5201.0
3528.0,tiffanyferrell,Twitter,911735.0,1.0,0.0834,966.97,0.0283,35354.0
3529.0,qramos,Twitter,117733.0,3.0,0.102,286.17,0.0421,4684.0
3530.0,zbush,,330517.0,7.0,,779.45,0.0436,48076.0
3531.0,nroberts,Facebook,955876.0,3.0,0.102,478.69,0.0286,2907.0
3532.0,amanda19,TikTok,103147.0,1.0,0.0834,357.45,0.0285,16574.0
3533.0,vgriffith,Instagram,,2.0,0.0986,893.56,,1626.0
,gary91,Instagram,818284.0,3.0,0.102,948.58,,13192.0
,calebramsey,TikTok,501878.0,2.0,0.0986,177.32,0.0456,19057.0
,davidsmith,LinkedIn,,5.0,0.0986,633.93,0.0274,
3537.0,hrobinson,Facebook,552391.0,6.0,0.102,90.38,0.0307,33402.0
3538.0,riverakevin,TikTok,439180.0,4.0,0.102,920.89,0.0249,43585.0
3539.0,thomas49,Twitter,234114.0,3.0,0.0856,431.53,0.0448,13774.0
3540.0,dhouse,TikTok,829343.0,6.0,0.0834,369.37,0.0394,7231.0
3541.0,kimryan,Twitter,219286.0,6.0,0.0642,422.04,0.04,3564.0
3542.0,tjohnson,Instagram,311221.0,3.0,0.0642,,0.0481,5729.0
3543.0,nwalsh,Facebook,,4.0,0.0986,597.9,0.0418,9512.0
3544.0,justinwilson,Instagram,370897.0,2.0,0.0986,218.95,0.0381,10900.0
3545.0,dixonjulie,TikTok,245883.0,2.0,0.0856,713.93,0.0499,2691.0
3546.0,timothy62,Twitter,660608.0,5.0,0.0642,154.35,0.0236,45919.0
3547.0,tammyhowell,Twitter,527041.0,6.0,0.0834,297.39,0.0215,10451.0
3548.0,fletcheralexis,Facebook,193778.0,5.0,0.102,969.81,0.0464,9078.0
3549.0,michaelbaker,Instagram,726616.0,7.0,0.102,68.89,0.0293,32784.0
3550.0,garciakatherine,Twitter,126585.0,4.0,0.102,,0.0496,35533.0
3551.0,dhouse,Facebook,172703.0,1.0,0.0856,380.39,0.0353,5647.0
3552.0,hunterjesus,Twitter,704228.0,5.0,0.0856,553.49,0.0299,4222.0
3553.0,anthonyanderson,TikTok,349572.0,3.0,0.102,945.21,0.0165,21572.0
3554.0,williamwyatt,Twitter,875727.0,6.0,0.0642,638.08,0.0496,7501.0
,andrew08,Facebook,704428.0,3.0,0.0856,652.74,0.0425,20785.0
3556.0,paul43,TikTok,436039.0,,0.0642,370.12,0.015,37035.0
3557.0,ian14,Facebook,610348.0,7.0,,137.36,0.0108,
3558.0,karenbarron,LinkedIn,22016.0,5.0,0.102,,0.026,19028.0
3559.0,,Facebook,261015.0,1.0,0.102,52.48,0.0447,27683.0
3560.0,kevin83,Facebook,423882.0,6.0,0.0856,84.87,0.0499,39146.0
3561.0,andersonnina,LinkedIn,797327.0,7.0,0.0834,85.08,0.0222,2341.0
,ritalynch,TikTok,312113.0,7.0,0.0856,154.35,0.0387,3654.0
3563.0,dmiller,LinkedIn,867638.0,3.0,0.0986,152.61,0.0233,49248.0
3564.0,gonzalezjulie,Instagram,832834.0,,0.0642,771.95,0.0454,21891.0
3565.0,jessica26,TikTok,578207.0,4.0,0.0642,473.57,0.0403,4152.0
3566.0,gacosta,Twitter,801302.0,1.0,0.0856,,0.0343,23057.0
3567.0,,LinkedIn,89125.0,6.0,0.0856,264.42,0.0216,19722.0
3568.0,fshaw,Twitter,626003.0,,0.102,228.19,0.016,25549.0
3569.0,andrewberg,Facebook,618906.0,7.0,0.0986,428.86,0.0456,21758.0
3570.0,vbrady,Facebook,687473.0,4.0,0.0986,164.09,0.0338,44824.0
3571.0,morgan06,Twitter,,2.0,0.0834,450.62,0.0486,15479.0
3572.0,thomaschristian,Instagram,95694.0,6.0,0.0834,402.45,0.0345,10257.0
3573.0,kdavis,Twitter,460490.0,2.0,,899.04,0.0371,28880.0
3574.0,nolancorey,Twitter,276115.0,,0.0642,787.03,0.0268,22336.0
3575.0,pamelagonzalez,LinkedIn,762276.0,7.0,0.0642,441.13,0.0452,7723.0
3576.0,rebeccapatrick,LinkedIn,551337.0,2.0,0.0856,891.71,0.0136,26543.0
3577.0,ashley65,TikTok,951682.0,3.0,0.0642,274.15,0.0392,41906.0
3578.0,,LinkedIn,197924.0,1.0,0.0856,216.91,0.0387,9968.0
3579.0,douglasalice,Twitter,905371.0,2.0,0.0642,103.1,0.0196,13999.0
3580.0,taylornathan,LinkedIn,597215.0,1.0,0.102,576.61,0.0174,44015.0
3581.0,kevin80,Twitter,248196.0,,0.0986,413.32,0.0453,42644.0
3582.0,scott25,LinkedIn,806942.0,7.0,0.102,511.43,0.0366,27694.0
3583.0,david22,Facebook,725021.0,2.0,0.0986,997.04,0.0301,17935.0
3584.0,richardmiller,Twitter,18991.0,7.0,0.102,384.1,0.0387,17886.0
3585.0,melissa93,Facebook,,5.0,0.0856,563.74,0.0335,31157.0
3586.0,sonya64,Instagram,611887.0,3.0,0.0986,,0.0315,38278.0
3587.0,kathrynsingh,TikTok,493556.0,2.0,0.0856,298.05,0.0291,13554.0
3588.0,jonathan26,Twitter,717158.0,4.0,0.0856,596.41,0.0161,48077.0
3589.0,jeffreymyers,LinkedIn,368164.0,4.0,0.102,555.7,0.016,42411.0
3590.0,davisjose,LinkedIn,752550.0,1.0,0.0856,360.29,0.0393,3086.0
3591.0,jasonmiller,Instagram,349979.0,6.0,0.0834,159.96,0.044,37533.0
3592.0,jessica26,Facebook,302484.0,1.0,0.102,510.95,0.0123,33099.0
,christopher68,LinkedIn,676481.0,,0.0834,742.79,0.0121,33146.0
3594.0,molly66,LinkedIn,529733.0,6.0,0.0642,892.6,0.0269,46719.0
3595.0,andrew08,Twitter,608516.0,,0.0986,339.15,0.0485,1213.0
,andradewesley,Twitter,65898.0,5.0,0.0834,152.4,0.0392,33551.0
3597.0,belinda51,,,7.0,0.0642,202.23,0.0143,5406.0
3598.0,ntaylor,LinkedIn,835936.0,4.0,0.0642,411.63,0.0175,30116.0
3599.0,nicholasnorton,Instagram,282420.0,4.0,0.102,284.36,0.0261,43364.0
3600.0,thayes,TikTok,283620.0,2.0,0.0986,609.25,0.0148,16405.0
3601.0,travis06,LinkedIn,798261.0,,0.0834,142.77,0.0302,10437.0
3602.0,crosslaura,LinkedIn,358997.0,4.0,0.0834,137.36,0.0222,2335.0
3603.0,debbie61,LinkedIn,502306.0,4.0,,374.56,0.0371,48870.0
,robin74,Instagram,172756.0,1.0,0.0642,313.66,0.0454,39053.0
3605.0,jmiller,LinkedIn,544824.0,6.0,0.0642,789.28,0.0244,39076.0
3606.0,flemingrichard,Instagram,205021.0,1.0,0.102,402.45,0.0259,14584.0
3607.0,oprice,Twitter,822479.0,3.0,0.102,391.97,0.0187,
3608.0,trobinson,LinkedIn,752157.0,7.0,0.0834,897.3,0.0239,21304.0
3609.0,ipark,TikTok,194003.0,3.0,0.102,649.02,,13203.0
3610.0,brookegalloway,Instagram,236610.0,1.0,0.0986,383.32,,11379.0
3611.0,sarahowen,Instagram,943780.0,3.0,0.0856,435.65,0.021,36804.0
3612.0,cthompson,TikTok,918253.0,1.0,0.0642,584.37,0.0343,12249.0
3613.0,fullerchristine,TikTok,934385.0,5.0,0.0856,955.42,0.0494,38889.0
3614.0,ronnie15,Facebook,193043.0,6.0,0.0986,446.68,0.0314,22076.0
3615.0,donaldthompson,Instagram,669023.0,7.0,0.0642,51.95,0.0281,35552.0
3616.0,,Twitter,69066.0,1.0,0.0986,806.92,,26665.0
3617.0,stephaniebrennan,LinkedIn,931898.0,3.0,0.0834,,0.0108,25867.0
3618.0,michaellee,Facebook,268133.0,1.0,0.0986,339.15,0.0361,28421.0
3619.0,michellemcdaniel,LinkedIn,309095.0,5.0,0.0642,82.89,0.0412,45288.0
3620.0,ptorres,Instagram,623109.0,7.0,0.0986,757.24,0.0234,18739.0
3621.0,ashley65,Instagram,841086.0,6.0,0.0856,715.37,0.0194,22970.0
3622.0,kellie00,Instagram,9345.0,5.0,0.0856,943.64,0.0222,28363.0
3623.0,,,842914.0,4.0,0.0986,521.24,0.0241,35770.0
3624.0,john77,Twitter,,2.0,0.0986,177.92,0.04,23359.0
3625.0,kelleytina,Instagram,397721.0,1.0,0.102,894.7,0.0439,
,sarahyang,Facebook,111491.0,5.0,0.0856,149.79,0.0479,24162.0
3627.0,rachelsnyder,Twitter,990031.0,4.0,0.0642,,0.037,45207.0
3628.0,blackwellandrew,Facebook,549711.0,1.0,0.102,713.9,0.0494,3809.0
3629.0,nicolereyes,Facebook,10126.0,7.0,0.0986,719.56,0.0424,9962.0
3630.0,charleswilliams,TikTok,320931.0,2.0,0.0856,,0.0118,17915.0
3631.0,doughertyaustin,Facebook,452318.0,5.0,0.0856,617.49,0.0243,9008.0
3632.0,cody18,TikTok,188817.0,3.0,0.0856,808.94,0.012,23709.0
3633.0,ftrevino,TikTok,759298.0,5.0,,313.66,0.0391,21482.0
3634.0,tlee,LinkedIn,33773.0,4.0,0.0834,173.91,0.0412,20989.0
3635.0,,,956328.0,3.0,0.102,589.66,0.025,24915.0
3636.0,karen03,LinkedIn,644503.0,5.0,,969.55,0.0499,2394.0
3637.0,steven51,Instagram,795383.0,7.0,0.0834,123.52,0.0387,2422.0
3638.0,jonathanreynolds,,729958.0,5.0,0.0986,637.48,0.0135,3914.0
3639.0,michelle11,Facebook,84287.0,2.0,0.0642,756.77,0.0103,8034.0
3640.0,whitedanielle,LinkedIn,,1.0,0.0986,681.75,0.0454,
3641.0,tonyarobertson,LinkedIn,86005.0,2.0,0.0856,966.97,0.0278,19933.0
3642.0,julianfisher,TikTok,274238.0,4.0,0.0986,551.25,0.0143,46803.0
3643.0,john57,Twitter,311966.0,1.0,0.0834,654.96,0.0486,12314.0
3644.0,cthompson,Twitter,608405.0,3.0,0.0834,376.75,0.0143,44083.0
3645.0,samanthasmith,TikTok,652586.0,4.0,0.102,468.77,0.0392,8869.0
3646.0,acevedoryan,LinkedIn,966723.0,6.0,0.0856,652.74,0.0413,13187.0
3647.0,ngray,LinkedIn,104129.0,3.0,0.102,555.48,0.0233,22572.0
3648.0,michaellee,Facebook,43186.0,1.0,0.0986,771.95,0.0116,
3649.0,royharper,Twitter,677294.0,5.0,0.0986,53.9,0.0212,33914.0
,elizabeth86,,438973.0,3.0,0.0834,676.94,0.0358,11761.0
3651.0,tjohnson,Twitter,698614.0,,0.0986,139.18,0.0397,34873.0
3652.0,eric65,Twitter,971598.0,1.0,0.102,841.85,0.0402,12309.0
3653.0,simmonscarrie,Twitter,227848.0,3.0,0.0642,776.31,0.014,21295.0
3654.0,acevedoryan,Facebook,475019.0,4.0,0.0986,881.41,0.0459,30201.0
3655.0,ejones,LinkedIn,549146.0,5.0,0.0986,741.79,0.0246,14472.0
3656.0,wilsonrobert,TikTok,473985.0,6.0,0.102,498.58,0.0161,23956.0
3657.0,debbie61,LinkedIn,938057.0,6.0,0.102,313.66,0.0154,28987.0
3658.0,taylornewman,Instagram,122149.0,6.0,0.102,245.68,0.0114,45499.0
3659.0,eryan,LinkedIn,831001.0,7.0,0.0856,847.14,0.0181,2528.0
3660.0,elaine15,Twitter,537988.0,1.0,0.0642,380.5,0.0343,17823.0
3661.0,kdavis,LinkedIn,200579.0,7.0,0.102,775.38,0.0457,31766.0
3662.0,marvin96,Twitter,240864.0,3.0,0.0986,,0.0278,15018.0
,robinsonlindsey,Facebook,917600.0,3.0,0.0856,546.44,0.0442,35559.0
3664.0,gbowman,TikTok,294935.0,7.0,0.0642,142.09,0.0196,47703.0
3665.0,kelly58,Twitter,723917.0,2.0,0.0986,177.92,0.0285,38850.0
3666.0,kennedykayla,TikTok,507009.0,2.0,0.102,211.96,0.0457,32005.0
3667.0,bnelson,LinkedIn,901981.0,2.0,0.0856,784.57,0.0366,29122.0
3668.0,asantos,Facebook,597521.0,7.0,0.102,872.77,0.038,9581.0
3669.0,,Twitter,152958.0,6.0,0.0834,511.43,0.0483,9903.0
3670.0,douglasalice,TikTok,515376.0,1.0,0.0986,139.63,0.0325,5520.0
3671.0,johnwilson,LinkedIn,281418.0,7.0,0.0834,393.76,0.0303,45719.0
3672.0,patrick36,Facebook,406429.0,6.0,0.102,806.92,0.0136,20818.0
3673.0,carterelizabeth,,987224.0,4.0,0.0856,596.41,0.0347,
3674.0,romerojorge,Instagram,182158.0,5.0,0.0834,603.08,0.0392,24952.0
3675.0,hellis,Instagram,600128.0,2.0,,,0.0372,22146.0
3676.0,jamie67,TikTok,788749.0,4.0,0.0834,253.21,0.0389,11222.0
3677.0,markgray,Twitter,724239.0,2.0,0.102,429.09,0.0122,46980.0
3678.0,masonjames,Twitter,,1.0,0.0642,169.32,0.0134,30141.0
3679.0,tyleralvarado,Facebook,410665.0,3.0,0.102,984.08,0.0128,27182.0
3680.0,lpierce,Facebook,615410.0,3.0,0.0856,428.02,0.0149,
3681.0,aramos,TikTok,825028.0,5.0,0.102,966.47,0.0471,39248.0
3682.0,gluna,LinkedIn,813184.0,6.0,,745.68,0.0226,44845.0
3683.0,karen03,TikTok,567236.0,5.0,0.0856,406.54,0.0325,15383.0
3684.0,erikthomas,Twitter,253682.0,1.0,0.0834,973.62,0.0296,24817.0
3685.0,lopezsusan,Facebook,616423.0,1.0,0.0856,584.81,0.0295,40689.0
,tommy65,Facebook,,6.0,,578.63,0.0226,39660.0
3687.0,fowlermichael,Instagram,579497.0,4.0,0.0834,742.16,0.0441,22628.0
3688.0,fordrichard,LinkedIn,336388.0,6.0,0.0834,459.37,0.0442,13511.0
3689.0,alexandersamuel,Instagram,790582.0,5.0,0.0834,753.84,0.0477,49885.0
3690.0,vgriffith,TikTok,145309.0,6.0,0.0834,214.78,0.0473,29020.0
3691.0,mariahbell,Twitter,392103.0,5.0,0.0856,696.43,0.0439,22497.0
3692.0,jennifer53,Facebook,536568.0,2.0,,276.29,0.043,47015.0
3693.0,hwashington,Twitter,501097.0,,0.102,872.77,0.0307,28427.0
3694.0,michaelpatrick,Facebook,684881.0,1.0,0.0834,609.25,0.0267,41847.0
3695.0,kkelly,LinkedIn,833011.0,6.0,0.0642,864.63,0.0405,
3696.0,brian17,TikTok,818483.0,1.0,0.0834,685.4,0.0481,35088.0
3697.0,smithsusan,TikTok,336832.0,,0.102,932.62,0.0134,32326.0
3698.0,williamskyle,LinkedIn,531208.0,1.0,0.0834,,0.0158,
3699.0,gutierreznicholas,Instagram,908963.0,6.0,0.0834,287.9,0.0262,16275.0
3700.0,lesliepennington,Facebook,417449.0,6.0,0.0856,423.76,0.03,29497.0
3701.0,stephanievasquez,TikTok,333321.0,2.0,,303.26,0.0304,34346.0
3702.0,ritalynch,Instagram,881625.0,7.0,0.0856,132.5,0.0213,
3703.0,julianfisher,Instagram,956903.0,5.0,0.0986,696.43,0.0458,1524.0
3704.0,silvaphillip,Instagram,331841.0,5.0,0.0856,321.64,0.0321,49183.0
3705.0,john77,LinkedIn,209665.0,1.0,0.0834,678.02,0.019,29823.0
3706.0,cunninghamkevin,TikTok,568412.0,1.0,0.102,,0.0311,35989.0
,alexandermckenzie,TikTok,734518.0,1.0,0.102,798.55,0.0461,30745.0
3708.0,omorgan,LinkedIn,406681.0,3.0,0.0834,469.53,0.0286,35749.0
3709.0,melendezpamela,Facebook,272176.0,3.0,0.0856,587.97,0.0353,38558.0
3710.0,amanda19,Instagram,390403.0,2.0,0.0986,220.8,0.0397,7235.0
3711.0,parsonsmichael,Facebook,,2.0,0.0642,507.13,,3529.0
3712.0,zobrien,Facebook,721906.0,7.0,0.0834,845.29,0.0471,30502.0
3713.0,matthew17,Instagram,31285.0,5.0,0.0986,114.01,0.0159,22327.0
3714.0,zpratt,,895281.0,3.0,0.0986,516.5,0.0276,17622.0
3715.0,,TikTok,61488.0,1.0,0.102,869.72,0.0248,41972.0
3716.0,john82,LinkedIn,,3.0,0.0986,507.99,,16544.0
3717.0,patriciabutler,,671214.0,6.0,0.0986,582.88,0.0416,44761.0
3718.0,dmiller,LinkedIn,893922.0,3.0,0.0856,225.29,0.0175,13611.0
3719.0,stacey77,Instagram,818204.0,6.0,0.102,587.66,0.0391,21406.0
3720.0,christianmiller,Twitter,712520.0,2.0,0.0986,989.88,0.0401,41961.0
3721.0,gregory84,Instagram,651053.0,2.0,0.102,569.83,0.0216,11173.0
3722.0,mcurtis,,139027.0,7.0,0.102,993.19,0.0346,23797.0
3723.0,olopez,TikTok,319376.0,7.0,0.0834,323.63,0.03,41973.0
3724.0,ijohnson,TikTok,698364.0,2.0,0.0642,589.66,0.0216,13945.0
3725.0,boothjacob,LinkedIn,36081.0,7.0,0.102,727.33,0.012,23760.0
3726.0,danielharper,TikTok,912865.0,7.0,0.0642,511.32,0.0137,49472.0
3727.0,jennifersanchez,LinkedIn,75736.0,2.0,0.0642,379.82,0.0466,14214.0
3728.0,david26,Facebook,673409.0,2.0,0.0834,507.99,0.0488,39730.0
3729.0,lrusso,TikTok,301559.0,7.0,0.102,853.64,0.02,16100.0
3730.0,simoncarolyn,TikTok,321532.0,4.0,0.0856,664.72,0.044,29055.0
3731.0,graymelinda,Twitter,481454.0,2.0,0.0856,604.48,0.0357,19495.0
3732.0,tiffanyferrell,Instagram,562343.0,2.0,0.0986,895.84,0.0214,
3733.0,kristinemalone,TikTok,717334.0,3.0,0.0856,376.75,0.0197,42327.0
3734.0,christophermartinez,TikTok,494883.0,4.0,0.0834,379.97,0.0409,9378.0
3735.0,kkelly,Instagram,635709.0,3.0,0.0986,376.23,0.0186,23395.0
3736.0,tracy84,Instagram,560910.0,5.0,0.0642,277.01,0.0466,13384.0
3737.0,kdavis,Twitter,614721.0,4.0,0.0986,177.92,0.0161,46579.0
3738.0,dnguyen,Instagram,88970.0,7.0,,279.32,0.0358,9308.0
3739.0,davistammy,LinkedIn,603895.0,2.0,0.0986,,0.0186,34584.0
3740.0,valentinetammy,TikTok,667857.0,1.0,0.102,358.78,0.0313,40245.0
3741.0,kenneth65,LinkedIn,630820.0,7.0,0.0986,909.29,0.011,8744.0
3742.0,,Facebook,12182.0,6.0,0.102,57.23,0.0105,13981.0
3743.0,nicole57,Facebook,411651.0,1.0,0.0856,257.56,0.0116,18587.0
3744.0,alyssa15,LinkedIn,360965.0,1.0,0.0642,533.08,0.0319,35578.0
3745.0,leonardkatherine,Instagram,238512.0,6.0,0.0856,352.48,0.0339,6727.0
,xroberts,Instagram,94018.0,7.0,0.0642,651.68,0.0419,37153.0
3747.0,andersonnina,Instagram,702385.0,4.0,0.0642,491.43,0.0478,3492.0
3748.0,diazmisty,Facebook,297072.0,4.0,0.0986,321.64,0.043,22980.0
3749.0,michael16,Facebook,564454.0,2.0,0.0856,816.11,0.0402,5951.0
3750.0,morrisonheidi,LinkedIn,715593.0,4.0,0.0834,845.29,0.0143,45083.0
3751.0,,Twitter,297876.0,2.0,0.0986,555.43,0.0278,11656.0
3752.0,powelljoseph,Instagram,309144.0,3.0,0.0986,174.81,0.0402,25842.0
3753.0,timothyrandall,Instagram,451054.0,3.0,0.0642,612.95,0.0325,24642.0
3754.0,bberry,TikTok,819961.0,7.0,0.102,644.12,0.0275,41190.0
3755.0,diana02,Facebook,,1.0,0.0834,265.18,0.0372,26674.0
3756.0,clarkdavid,TikTok,161444.0,3.0,0.0834,249.3,0.0402,2658.0
3757.0,wmaxwell,Twitter,148507.0,3.0,0.0986,211.96,0.0273,31832.0
3758.0,carterelizabeth,LinkedIn,881449.0,6.0,0.0834,868.53,0.0176,31293.0
3759.0,michaelchung,TikTok,439017.0,6.0,0.0856,237.74,0.0437,42155.0
3760.0,briannataylor,Instagram,804356.0,5.0,,123.52,0.0219,2494.0
3761.0,johnsoncourtney,,877528.0,7.0,0.0986,143.89,0.023,47721.0
3762.0,monroedavid,TikTok,282704.0,2.0,0.102,457.26,0.0224,33273.0
3763.0,kelleytina,Twitter,718096.0,4.0,0.0856,278.42,0.0282,20356.0
3764.0,gclark,TikTok,613795.0,1.0,0.0986,104.69,0.0332,41289.0
3765.0,thomas49,TikTok,464655.0,1.0,0.0986,252.39,0.0126,
3766.0,robinsonlindsey,TikTok,413249.0,2.0,0.0642,385.8,0.0269,6729.0
3767.0,timothyrandall,Twitter,455177.0,5.0,0.102,643.57,0.0351,
3768.0,eric65,Twitter,566268.0,6.0,0.0856,68.93,0.023,3833.0
3769.0,harrislisa,Facebook,716690.0,2.0,0.0834,970.21,0.0285,34699.0
3770.0,dennismichael,Instagram,694696.0,7.0,0.0986,825.23,0.0133,1569.0
3771.0,justinwilson,Facebook,854927.0,7.0,0.0856,353.04,0.0237,49583.0
3772.0,powelljoseph,Facebook,6188.0,3.0,0.0986,52.48,0.0276,36474.0
3773.0,chaseronald,Instagram,935420.0,1.0,,,0.0163,25798.0
3774.0,parkerluke,Instagram,785550.0,4.0,0.0834,218.75,0.0276,19510.0
3775.0,yhahn,Facebook,634403.0,3.0,0.0856,457.25,0.0133,14840.0
3776.0,lisaallen,Twitter,,2.0,0.102,609.25,0.0115,9558.0
3777.0,melissacordova,Facebook,296736.0,5.0,0.0834,159.96,0.0481,15758.0
3778.0,hernandezshawn,Facebook,739074.0,2.0,0.0856,173.91,0.0178,15644.0
3779.0,jenniferthornton,Facebook,690604.0,2.0,0.0856,198.72,0.0128,20540.0
3780.0,smithmatthew,TikTok,578634.0,5.0,0.0642,431.53,0.0466,19855.0
3781.0,kelleytina,Instagram,82363.0,3.0,0.0642,456.61,0.042,17352.0
3782.0,aflores,TikTok,95908.0,5.0,0.0642,891.71,0.0385,12925.0
3783.0,omorgan,Twitter,618773.0,2.0,0.102,689.23,0.0303,48693.0
3784.0,morganmelanie,Instagram,,7.0,0.102,141.99,0.0418,34627.0
3785.0,patriciabutler,LinkedIn,328753.0,2.0,0.102,820.13,0.047,41641.0
3786.0,kimberly19,Facebook,469816.0,1.0,,395.62,0.0294,45269.0
3787.0,jennifer98,Facebook,327856.0,,0.0856,491.99,0.0291,18463.0
3788.0,tristanpearson,Twitter,114232.0,2.0,,682.47,0.0454,29616.0
3789.0,kenneth65,,560905.0,4.0,0.0642,865.43,0.0222,46400.0
3790.0,norma50,LinkedIn,827479.0,6.0,0.0834,138.75,0.0367,9799.0
3791.0,jennifer53,LinkedIn,873730.0,2.0,0.0642,630.47,0.0262,37936.0
3792.0,mike65,TikTok,745599.0,4.0,0.102,,0.04,4857.0
3793.0,rmcpherson,LinkedIn,602591.0,7.0,0.0986,446.68,0.0133,23456.0
3794.0,ycole,,513450.0,5.0,0.102,641.6,0.0122,9064.0
3795.0,kellie00,Twitter,955662.0,1.0,0.102,755.58,0.0297,42828.0
3796.0,,TikTok,333997.0,2.0,0.0642,728.89,0.0119,43111.0
3797.0,johnsonjeffrey,TikTok,981338.0,6.0,0.0834,891.71,0.038,44561.0
3798.0,james60,Instagram,520598.0,4.0,0.0986,114.01,0.0454,16127.0
3799.0,jamie67,TikTok,272623.0,7.0,,678.02,0.035,7478.0
3800.0,uclark,LinkedIn,927158.0,1.0,0.0986,376.23,0.0436,12801.0
3801.0,pbrooks,Twitter,871091.0,6.0,0.0642,557.58,0.0304,23987.0
3802.0,zjones,TikTok,941774.0,1.0,0.102,913.44,,40126.0
3803.0,hevans,Instagram,133026.0,1.0,0.0986,238.51,0.0186,13646.0
3804.0,cbrown,Facebook,897317.0,2.0,0.0642,558.4,0.0471,44689.0
3805.0,uflowers,Twitter,957944.0,7.0,0.0986,405.98,0.0206,15167.0
3806.0,hwashington,Twitter,,2.0,0.102,808.94,0.014,24415.0
3807.0,elizabeth86,Instagram,658912.0,7.0,0.0856,214.12,0.0464,1325.0
,james82,TikTok,351158.0,1.0,0.0986,,0.0417,25758.0
3809.0,tammy29,Twitter,944920.0,3.0,0.102,548.59,0.0444,11520.0
3810.0,jeffreymcneil,TikTok,250224.0,4.0,0.0986,,0.0236,
3811.0,brookegalloway,Twitter,764648.0,3.0,0.0834,396.19,0.049,22299.0
3812.0,sharris,TikTok,598556.0,6.0,0.0986,799.0,0.0473,28359.0
3813.0,nponce,Instagram,400903.0,7.0,0.0856,603.07,0.0192,45460.0
3814.0,,LinkedIn,692389.0,3.0,0.0856,915.43,0.0258,11228.0
3815.0,hughesmatthew,Twitter,930700.0,2.0,,816.11,0.0458,42581.0
3816.0,lisa91,LinkedIn,510756.0,7.0,0.102,872.77,0.011,9260.0
3817.0,sarahowen,Instagram,881918.0,7.0,0.0986,810.62,0.0123,2461.0
3818.0,klee,Instagram,567638.0,5.0,0.0642,489.75,0.0329,42479.0
3819.0,cthompson,Facebook,880776.0,,0.0834,74.72,0.0207,15482.0
3820.0,angelsmith,LinkedIn,41410.0,7.0,0.0642,192.45,0.0365,1452.0
3821.0,smallsteven,Instagram,159781.0,7.0,0.0834,194.55,0.0404,40425.0
3822.0,ujones,LinkedIn,809084.0,6.0,0.0834,699.97,0.0268,36196.0
3823.0,aryan,LinkedIn,432771.0,3.0,0.0834,511.43,0.046,1389.0
3824.0,xshort,Twitter,340100.0,6.0,0.0986,945.21,0.0247,30891.0
3825.0,markhiggins,TikTok,822129.0,,0.102,516.91,0.042,15667.0
3826.0,christineclark,Twitter,477891.0,3.0,0.0834,730.24,0.0167,48397.0
3827.0,bbarber,TikTok,298355.0,1.0,0.0834,666.13,0.0307,15271.0
3828.0,kimberly57,Instagram,531248.0,2.0,0.102,129.94,0.0319,31286.0
3829.0,hlong,LinkedIn,215076.0,7.0,0.0642,334.54,0.0385,47950.0
3830.0,ericmiller,Facebook,,3.0,0.0642,281.4,0.0251,3159.0
3831.0,lauragarcia,,100510.0,6.0,0.0986,356.3,0.0327,28780.0
3832.0,,TikTok,238056.0,7.0,0.102,279.7,0.0303,5052.0
3833.0,elizabeth54,Twitter,982985.0,1.0,0.0986,268.1,0.0275,26835.0
3834.0,shawnallen,TikTok,210725.0,4.0,0.0642,643.4,0.0313,12116.0
3835.0,jasonrichard,LinkedIn,334076.0,7.0,,969.81,0.0283,14243.0
3836.0,robinparsons,TikTok,939011.0,1.0,0.102,357.45,0.0409,42829.0
3837.0,lbaldwin,Facebook,172335.0,3.0,0.102,897.3,0.0226,7398.0
3838.0,thammond,Facebook,596455.0,3.0,0.0642,186.45,0.0137,21611.0
3839.0,john82,Instagram,893432.0,2.0,0.0986,511.76,0.0201,21837.0
3840.0,jeffreybennett,Facebook,,4.0,0.0642,827.63,0.0118,10405.0
3841.0,hernandezpatricia,,,,0.0856,665.33,0.0313,39089.0
3842.0,duranbrittany,Facebook,858396.0,2.0,0.102,985.34,0.0283,6541.0
3843.0,xdavis,Facebook,541979.0,5.0,0.0834,108.56,0.0371,
3844.0,karen03,Twitter,109316.0,4.0,0.0642,262.51,0.0309,42097.0
,fosterjillian,Instagram,607518.0,,0.0642,742.79,0.0262,35300.0
3846.0,hughesjohn,Instagram,790390.0,1.0,0.0856,948.68,0.0145,6059.0
3847.0,rgarrison,TikTok,426768.0,6.0,0.0986,681.66,0.0321,26372.0
3848.0,qfisher,TikTok,487208.0,2.0,0.0986,395.39,0.0287,
3849.0,gregory84,Facebook,5208.0,6.0,0.0834,630.47,0.0378,43045.0
3850.0,slambert,,288454.0,5.0,0.102,587.66,0.013,42647.0
3851.0,mckenzieadam,Facebook,226900.0,1.0,0.0986,687.61,0.0137,
3852.0,lopezsusan,Twitter,368328.0,1.0,0.0834,932.62,0.0257,35162.0
3853.0,uzhang,Twitter,990947.0,6.0,0.102,332.66,0.0192,37486.0
3854.0,michael22,Twitter,,1.0,0.0986,645.84,0.0302,37945.0
3855.0,hbarnes,,11266.0,6.0,0.102,865.43,0.0335,22833.0
3856.0,ujohnson,Instagram,559749.0,5.0,0.102,878.68,0.0475,38400.0
3857.0,smithdanielle,Twitter,21579.0,3.0,0.0986,124.95,0.0467,5454.0
3858.0,anthonywilliams,LinkedIn,272227.0,3.0,0.102,73.0,0.0285,27919.0
3859.0,brian11,TikTok,424290.0,6.0,0.0642,76.36,0.0406,21531.0
3860.0,ewilliams,TikTok,542021.0,6.0,0.0834,993.14,0.0187,4200.0
3861.0,robinparsons,,240951.0,5.0,,879.58,0.0483,10054.0
3862.0,jenniferreilly,Instagram,48009.0,7.0,,926.81,0.0152,5820.0
3863.0,leonardkatherine,Instagram,429350.0,5.0,0.0642,,0.04,23573.0
3864.0,ohuber,Facebook,112776.0,7.0,0.0856,897.3,0.0152,44793.0
3865.0,angelarose,TikTok,324022.0,2.0,0.0834,548.59,0.0227,
3866.0,coxbrenda,Twitter,681097.0,5.0,0.0642,162.02,0.0406,29351.0
3867.0,ujones,Twitter,112444.0,6.0,0.0856,473.57,0.032,20243.0
3868.0,evanscarrie,LinkedIn,677002.0,4.0,0.0642,218.95,0.0218,29755.0
3869.0,joshuabailey,Facebook,525817.0,7.0,0.0856,,0.0398,34569.0
3870.0,,Instagram,357809.0,5.0,0.102,396.19,0.0278,36626.0
3871.0,nicholas41,TikTok,615864.0,6.0,0.102,431.19,0.0306,18817.0
3872.0,andradewesley,Instagram,369232.0,3.0,0.102,169.32,0.0499,41295.0
3873.0,justin99,LinkedIn,526442.0,3.0,0.102,966.84,0.03,13650.0
3874.0,lsherman,TikTok,152504.0,1.0,0.0856,250.33,0.02,26620.0
3875.0,twagner,TikTok,200371.0,6.0,0.0834,,0.0133,29270.0
3876.0,andersonnina,TikTok,867832.0,6.0,0.0986,651.28,0.0427,37677.0
3877.0,logan51,TikTok,433817.0,7.0,0.0986,,0.0489,31483.0
3878.0,kdavis,TikTok,696818.0,7.0,0.0856,430.4,0.0196,1139.0
3879.0,megan48,LinkedIn,536831.0,5.0,0.0642,177.92,0.0186,10907.0
3880.0,hernandezpatricia,TikTok,765664.0,1.0,0.102,275.71,0.02,3367.0
3881.0,amandahenry,LinkedIn,255643.0,2.0,0.0986,614.04,0.0492,43818.0
3882.0,barbara57,TikTok,,5.0,0.0834,584.95,0.0124,19768.0
3883.0,ricardo38,Instagram,5455.0,2.0,0.0986,498.58,0.012,5885.0
3884.0,kristinwilson,TikTok,155243.0,4.0,0.0986,808.23,0.0266,22549.0
3885.0,royharper,LinkedIn,194259.0,3.0,0.102,968.85,0.0499,45714.0
3886.0,pbarrett,LinkedIn,923243.0,6.0,,538.1,,8279.0
3887.0,shawn32,Facebook,761041.0,3.0,0.0986,995.79,0.0366,42380.0
3888.0,ohuber,Instagram,588151.0,6.0,0.102,54.61,0.0112,48374.0
3889.0,simmonscarrie,Instagram,354193.0,4.0,0.102,,0.047,17525.0
3890.0,kelly58,Facebook,228433.0,2.0,0.0856,331.37,0.0262,17693.0
3891.0,skinnerjacob,Facebook,500121.0,3.0,0.0642,865.43,0.0137,38029.0
3892.0,hayespamela,Instagram,972413.0,2.0,0.0642,767.4,0.0311,15159.0
3893.0,kimberly57,Twitter,409113.0,6.0,0.102,623.81,0.0403,36335.0
3894.0,tonyarobertson,LinkedIn,,1.0,0.0834,,0.013,39641.0
3895.0,thomasherman,Instagram,826798.0,4.0,,535.84,0.0151,48111.0
3896.0,corymann,Instagram,657452.0,3.0,0.102,214.12,0.0126,21268.0
3897.0,mikaylataylor,,250256.0,3.0,0.0986,117.22,0.0318,46192.0
3898.0,perryrichard,TikTok,948511.0,2.0,0.102,408.93,0.0369,40238.0
3899.0,scott72,LinkedIn,853129.0,3.0,0.0986,133.64,0.0393,28768.0
3900.0,taylornewman,,448553.0,5.0,0.0986,169.32,0.0219,41377.0
3901.0,brian17,LinkedIn,950455.0,5.0,0.0986,488.49,0.027,10275.0
3902.0,stevensondesiree,Facebook,770105.0,2.0,0.0834,317.31,0.0283,6321.0
3903.0,jordanmartin,LinkedIn,229728.0,2.0,0.0642,224.14,0.0427,28705.0
3904.0,clarkdavid,Twitter,,6.0,0.0856,617.22,0.0237,4140.0
3905.0,alexandra71,Twitter,522085.0,4.0,0.102,,0.0272,1461.0
3906.0,smithdanielle,LinkedIn,384013.0,3.0,0.102,916.32,0.02,10401.0
3907.0,,,877235.0,6.0,0.0856,70.66,0.023,32934.0
3908.0,dhouse,TikTok,475523.0,7.0,0.0642,551.25,0.0193,25586.0
3909.0,vgriffith,Twitter,,6.0,0.102,,0.0334,26824.0
3910.0,jstevens,Twitter,382242.0,1.0,0.0642,946.08,0.0128,23264.0
3911.0,pierceaaron,LinkedIn,305861.0,5.0,0.0834,550.71,0.0478,18493.0
3912.0,trobinson,Instagram,290319.0,7.0,,,0.0412,45454.0
3913.0,sarahyang,TikTok,118386.0,5.0,0.0642,831.16,0.0258,11313.0
3914.0,monroedavid,LinkedIn,757588.0,3.0,0.0642,516.5,0.0347,28369.0
3915.0,barbarabranch,Twitter,775168.0,4.0,0.0834,617.25,0.0214,33534.0
3916.0,qramos,Twitter,548760.0,3.0,0.0856,177.41,0.0274,40240.0
3917.0,hardyalexander,LinkedIn,102730.0,5.0,0.0856,303.16,0.0296,10787.0
3918.0,edwardthomas,LinkedIn,797788.0,1.0,0.0642,666.13,0.0445,30734.0
3919.0,ybrock,Instagram,837931.0,2.0,0.0986,221.45,0.0228,38842.0
3920.0,johnhawkins,Facebook,760720.0,7.0,0.102,607.57,0.0427,26231.0
3921.0,keithkeith,LinkedIn,581471.0,4.0,0.0856,575.94,0.0222,14018.0
3922.0,jonathan26,Facebook,521181.0,3.0,0.0834,993.2,0.0353,10810.0
3923.0,,LinkedIn,973846.0,4.0,0.0986,875.2,0.0189,27097.0
3924.0,bethholt,Twitter,32058.0,4.0,0.0856,473.76,0.0214,45263.0
3925.0,zjones,Facebook,807782.0,5.0,0.0834,694.28,0.0202,44537.0
3926.0,smithedward,Facebook,107486.0,4.0,0.102,603.07,0.0115,24408.0
3927.0,grahamallison,,492514.0,3.0,0.0856,100.35,0.0416,34080.0
3928.0,williamrodriguez,TikTok,908986.0,,0.0856,,0.0255,21646.0
,awilkins,Twitter,507233.0,,0.0642,139.38,0.0206,36107.0
3930.0,wcolon,LinkedIn,858877.0,2.0,0.0642,323.9,0.0477,36725.0
3931.0,rjohnston,Instagram,137601.0,6.0,0.0856,121.82,0.0334,
3932.0,smithmatthew,Instagram,591938.0,7.0,0.0856,719.2,0.0321,40323.0
3933.0,oprice,LinkedIn,753075.0,,0.102,,0.0232,1186.0
3934.0,revans,LinkedIn,257661.0,1.0,0.102,776.31,0.037,5743.0
3935.0,micheleshaw,Facebook,243255.0,1.0,0.0834,224.95,0.0321,41096.0
3936.0,yvettepotts,Facebook,372542.0,7.0,0.0856,894.32,,34834.0
3937.0,,LinkedIn,903046.0,5.0,0.0986,380.39,0.0127,20806.0
3938.0,edwardschristina,Twitter,139001.0,5.0,0.0642,670.27,0.0494,11026.0
3939.0,marissa77,LinkedIn,217917.0,4.0,0.0856,340.95,0.0233,13039.0
3940.0,brittney04,TikTok,,7.0,0.0834,400.61,0.0255,21990.0
3941.0,patrick62,Twitter,672542.0,3.0,0.0642,214.12,0.0245,13299.0
3942.0,ahayes,TikTok,761921.0,4.0,0.0856,987.85,0.0142,16700.0
3943.0,ashley65,TikTok,19230.0,6.0,0.0856,428.86,0.0337,45417.0
3944.0,christineclark,TikTok,378094.0,1.0,0.0856,851.98,0.05,48736.0
3945.0,huberharold,Instagram,499063.0,7.0,0.0642,,0.0221,37802.0
3946.0,fwade,TikTok,77297.0,1.0,0.102,356.29,0.0121,
3947.0,westjustin,TikTok,128322.0,4.0,0.0856,362.24,0.0454,42378.0
3948.0,jenniferreilly,Instagram,116765.0,1.0,0.0834,257.56,0.0326,21496.0
3949.0,perezjacqueline,,770840.0,7.0,0.102,277.01,0.0133,23288.0
3950.0,stacey77,Facebook,8216.0,2.0,0.0856,822.81,,14392.0
3951.0,smack,LinkedIn,306264.0,4.0,0.0856,150.36,0.0297,33142.0
3952.0,ntaylor,TikTok,950974.0,,0.102,853.64,0.019,22441.0
3953.0,hunterbriana,Instagram,970377.0,6.0,0.0834,196.71,0.025,46353.0
3954.0,tiffany99,Twitter,278527.0,,0.0642,822.36,0.0325,24881.0
3955.0,zobrien,,127065.0,7.0,0.102,551.17,0.0304,3672.0
3956.0,,Instagram,377903.0,5.0,0.0856,70.91,0.0337,7222.0
,ojohnson,Facebook,75061.0,2.0,0.0642,458.75,0.0392,49976.0
3958.0,websterchristina,Facebook,715845.0,7.0,0.0856,489.75,0.0198,16966.0
3959.0,hernandezvanessa,TikTok,130743.0,6.0,0.0834,420.51,,15802.0
3960.0,matthewtaylor,LinkedIn,192562.0,,,,0.0252,38712.0
3961.0,kristinlynch,Instagram,38491.0,4.0,0.0834,578.37,0.0369,26669.0
3962.0,harrismichael,Instagram,407864.0,3.0,0.0856,,0.0106,39466.0
3963.0,combsstephanie,Instagram,285138.0,5.0,0.0856,,0.0397,6886.0
3964.0,adam31,Facebook,725706.0,5.0,0.0834,188.5,0.0172,29540.0
3965.0,stuartsmith,Twitter,310173.0,3.0,0.102,789.39,0.0325,8292.0
3966.0,lrodgers,Instagram,999351.0,1.0,,565.07,0.0335,12391.0
3967.0,william00,TikTok,199045.0,3.0,0.0642,824.16,0.0196,38980.0
3968.0,bradleymoore,Instagram,989904.0,5.0,0.102,969.09,0.0159,25815.0
3969.0,kevin83,LinkedIn,161051.0,3.0,0.0986,136.29,0.0308,2754.0
3970.0,kgraves,Facebook,431275.0,5.0,0.0856,728.88,0.0385,7021.0
3971.0,adamthomas,Facebook,767700.0,6.0,0.0856,965.86,0.0247,36018.0
3972.0,ashleyzuniga,LinkedIn,855333.0,,0.0642,500.37,0.0133,14977.0
3973.0,pblackwell,Instagram,,2.0,0.0642,563.74,0.0202,31246.0
3974.0,peter15,Facebook,744035.0,3.0,0.0834,558.4,0.0119,30767.0
3975.0,debbie61,,75360.0,2.0,0.0642,432.65,0.0205,14640.0
3976.0,rebekah51,Facebook,523890.0,3.0,0.0642,915.43,0.0334,22296.0
3977.0,eedwards,TikTok,103572.0,1.0,0.102,756.25,0.013,16573.0
3978.0,deandawn,Twitter,376795.0,,0.0986,156.13,0.0227,
3979.0,tonyarobertson,Instagram,85362.0,7.0,0.0856,277.01,0.0137,46778.0
3980.0,mckenzieadam,Twitter,738509.0,1.0,0.0856,516.5,0.04,8896.0
3981.0,alexandermckenzie,Instagram,147261.0,4.0,0.102,491.43,0.0397,41439.0
3982.0,kelleytina,TikTok,744514.0,1.0,0.0986,,0.0123,6781.0
3983.0,kimberly57,Facebook,518937.0,7.0,0.0986,869.5,0.0148,39082.0
3984.0,elizabethcombs,Facebook,,6.0,0.102,993.19,0.0245,32266.0
3985.0,ipark,TikTok,473687.0,1.0,0.0986,153.92,,14727.0
3986.0,lrodgers,Facebook,163002.0,1.0,0.0986,395.39,0.0486,48877.0
3987.0,millerjill,Twitter,961910.0,5.0,0.0642,250.33,0.0337,
3988.0,stuartsmith,Twitter,519741.0,2.0,0.0834,967.5,0.0417,17645.0
3989.0,victorsmith,Instagram,904894.0,,0.0834,214.12,0.0307,42742.0
3990.0,christophermartinez,TikTok,349652.0,3.0,0.0986,380.39,,34174.0
3991.0,cruzantonio,Facebook,931416.0,3.0,0.0856,948.58,0.0195,26025.0
3992.0,smithjulian,Facebook,770000.0,2.0,0.0834,456.74,0.0163,34367.0
3993.0,turnerchristopher,Instagram,,6.0,0.0642,640.24,0.0287,31709.0
3994.0,mariahbell,Twitter,774337.0,1.0,0.0834,408.67,0.045,28760.0
3995.0,,Instagram,684423.0,7.0,0.0856,651.28,0.0191,38265.0
3996.0,anne79,Facebook,234438.0,7.0,0.102,441.13,0.0445,39173.0
3997.0,simmonscarrie,Instagram,547556.0,7.0,0.0834,136.78,0.0148,6275.0
3998.0,uflowers,Instagram,896054.0,2.0,0.0834,208.07,0.0314,26583.0
3999.0,,Instagram,933743.0,4.0,0.0986,783.6,0.0307,
4000.0,carrolljames,LinkedIn,816376.0,3.0,0.0986,429.01,0.0392,29387.0
,angelsmith,Twitter,936744.0,5.0,0.0834,772.09,0.0327,10286.0
4002.0,juliepayne,Twitter,252641.0,1.0,0.102,858.44,0.0186,46975.0
4003.0,rjohnston,Twitter,736985.0,1.0,0.0834,864.63,0.0344,42609.0
,fordrichard,Twitter,83142.0,6.0,0.0834,,0.0174,7384.0
,claudiaferrell,LinkedIn,988263.0,4.0,0.0856,176.28,0.021,20850.0
4006.0,dmiller,Facebook,392582.0,3.0,0.0642,965.45,,4172.0
4007.0,pamelacollins,Facebook,764639.0,,0.0856,466.92,0.0275,7844.0
4008.0,racheldodson,TikTok,794948.0,6.0,0.0986,363.95,0.0272,49736.0
4009.0,vmorgan,Twitter,836978.0,3.0,0.102,763.11,0.0294,8930.0
4010.0,leonardkatherine,TikTok,735259.0,3.0,0.102,156.13,0.0278,49952.0
4011.0,josephjordan,LinkedIn,977105.0,5.0,0.102,998.2,0.0439,33821.0
4012.0,,TikTok,,4.0,,884.06,0.0391,15140.0
4013.0,peter15,Instagram,293582.0,5.0,0.0642,864.63,0.0143,39305.0
4014.0,,TikTok,900577.0,2.0,0.0642,511.32,0.0326,48986.0
4015.0,brookegalloway,Instagram,269391.0,4.0,0.0834,323.63,0.0341,14664.0
4016.0,dylansmith,Instagram,695159.0,,0.0642,,0.024,29939.0
4017.0,william00,Facebook,249973.0,2.0,0.0834,555.7,0.0266,6210.0
4018.0,brandon78,Twitter,509666.0,1.0,0.0986,603.07,0.0413,37496.0
4019.0,friley,LinkedIn,797757.0,2.0,0.0986,214.7,0.0113,17670.0
4020.0,bpham,,562858.0,,0.0642,485.02,0.0381,10332.0
,rachelgutierrez,LinkedIn,91754.0,3.0,0.0856,97.88,0.0304,
4022.0,paularios,Twitter,466023.0,6.0,0.0642,285.16,0.0375,19289.0
4023.0,paularios,,779842.0,6.0,0.0856,789.0,0.047,13342.0
4024.0,mitchellpatrick,Twitter,883784.0,6.0,0.0856,389.68,0.038,8425.0
4025.0,mary32,LinkedIn,977967.0,7.0,0.102,892.99,0.0269,10372.0
4026.0,bbarber,Facebook,158649.0,2.0,0.0642,,0.0496,28251.0
4027.0,alexandersamuel,Twitter,324015.0,1.0,0.0856,282.81,,46363.0
4028.0,ntodd,LinkedIn,42337.0,5.0,0.0834,269.7,0.0385,10114.0
4029.0,davismichael,Instagram,891829.0,1.0,0.0642,202.23,0.0142,22018.0
4030.0,justin17,,72453.0,,0.102,997.04,0.047,12741.0
4031.0,michael40,TikTok,586237.0,5.0,0.0856,914.72,0.0325,25442.0
4032.0,mark69,Facebook,519937.0,1.0,0.0834,81.9,0.0188,25125.0
,jstevens,LinkedIn,185895.0,4.0,,,0.0175,49202.0
,shawn32,Facebook,691056.0,4.0,0.0642,376.76,0.0255,43306.0
4035.0,hellis,Instagram,942934.0,,0.102,384.1,0.0146,17136.0
4036.0,stephaniebrennan,Instagram,192556.0,6.0,0.102,369.37,0.0353,11539.0
4037.0,garciasarah,Instagram,56736.0,6.0,0.0986,385.8,0.0348,5824.0
4038.0,michael40,Facebook,770557.0,4.0,0.0856,356.29,0.0332,47052.0
4039.0,justin17,Twitter,551735.0,4.0,0.0986,741.67,0.0269,37140.0
4040.0,henry84,TikTok,955973.0,5.0,0.0642,322.9,0.0493,26053.0
4041.0,nhoffman,LinkedIn,989201.0,1.0,0.0856,257.85,0.029,16261.0
4042.0,morgancook,TikTok,257522.0,1.0,0.0642,393.76,0.0219,43687.0
4043.0,conradlaura,LinkedIn,456175.0,4.0,0.0856,253.21,0.0285,25527.0
4044.0,belinda51,Facebook,975467.0,7.0,0.102,522.77,0.05,32578.0
4045.0,shanejohnson,Instagram,282400.0,4.0,0.0986,767.52,0.0427,44425.0
4046.0,ngray,Twitter,907503.0,5.0,0.0642,230.6,,
4047.0,fletcheralexis,LinkedIn,771888.0,3.0,0.102,742.16,0.0338,44051.0
4048.0,xcruz,TikTok,,7.0,0.0856,891.71,0.0103,44292.0
4049.0,chenjoseph,LinkedIn,410622.0,1.0,0.0642,783.6,0.0341,37342.0
4050.0,kdavis,TikTok,458706.0,3.0,0.0986,765.21,0.0499,33338.0
4051.0,markgray,Instagram,378204.0,7.0,0.0986,510.95,,18245.0
4052.0,gabriellashort,TikTok,369443.0,1.0,0.0834,865.43,,41036.0
4053.0,garrettelizabeth,Twitter,942637.0,5.0,0.0834,783.6,0.0104,35450.0
,fullerchristine,TikTok,162678.0,1.0,0.0642,68.93,0.0274,30881.0
4055.0,deannathompson,,628734.0,,,245.68,0.0496,48126.0
4056.0,dylansmith,Twitter,629106.0,3.0,0.0856,804.4,0.047,11215.0
4057.0,adam31,Facebook,313746.0,3.0,0.0856,974.35,0.0137,16507.0
4058.0,adamjohnson,Twitter,498548.0,3.0,0.0856,369.37,0.0442,48582.0
4059.0,elizabethwilson,TikTok,77207.0,5.0,0.0986,715.37,0.0107,42627.0
4060.0,mtaylor,TikTok,515608.0,,,250.33,0.0142,33341.0
4061.0,michael40,Twitter,110262.0,6.0,0.0642,432.65,0.0161,36146.0
4062.0,tiffany99,TikTok,34502.0,5.0,0.0834,788.29,0.0196,20187.0
,ewilliams,Facebook,353097.0,5.0,0.0856,938.02,0.0402,22997.0
4064.0,mcintoshrobert,LinkedIn,483944.0,1.0,0.0642,516.5,0.0325,34491.0
4065.0,wcolon,Twitter,912641.0,1.0,0.0986,405.74,0.0272,15887.0
4066.0,michaelflores,Instagram,79497.0,5.0,0.0834,614.04,0.0219,28258.0
4067.0,kenneth67,TikTok,672666.0,1.0,0.102,919.28,0.0174,4403.0
4068.0,thomas49,TikTok,845488.0,6.0,0.102,905.43,0.0443,22770.0
4069.0,johnsonroberto,LinkedIn,356750.0,5.0,0.0642,987.3,0.0425,48666.0
4070.0,douglasalice,LinkedIn,976166.0,1.0,,966.97,0.0234,14090.0
4071.0,smcguire,LinkedIn,614032.0,3.0,0.102,303.16,0.0314,37457.0
4072.0,uluna,Instagram,443647.0,6.0,0.0834,967.5,0.0103,39429.0
4073.0,kayla25,LinkedIn,739192.0,4.0,0.0642,238.74,0.0112,44039.0
,melissa08,Twitter,479984.0,7.0,0.0834,429.58,0.0405,42901.0
4075.0,elizabethwade,Facebook,562639.0,4.0,0.0856,252.39,0.0196,17745.0
4076.0,sheila33,Instagram,305604.0,2.0,0.102,268.1,0.0329,48894.0
4077.0,samanthasmith,TikTok,175542.0,7.0,0.0986,948.58,0.0366,31314.0
4078.0,lauragarcia,LinkedIn,18390.0,6.0,0.0986,772.09,0.0176,47400.0
4079.0,keithkeith,LinkedIn,576226.0,3.0,,284.36,0.0175,47160.0
4080.0,sierrajohnson,LinkedIn,793460.0,3.0,0.0986,756.25,0.0375,29781.0
4081.0,ihernandez,Twitter,606366.0,3.0,0.0986,862.77,0.0145,
4082.0,anthonyanderson,Instagram,762795.0,1.0,,395.01,0.043,1310.0
4083.0,lisaallen,,213223.0,3.0,0.102,241.52,0.0193,5135.0
4084.0,james82,,712645.0,3.0,0.0642,665.33,,3300.0
4085.0,christopher68,Twitter,210551.0,2.0,0.0856,265.18,0.0193,
4086.0,carlosrivera,Facebook,953698.0,7.0,0.0834,710.34,0.0402,35291.0
4087.0,michael99,TikTok,911318.0,1.0,0.102,987.3,0.0143,39796.0
4088.0,xnelson,Twitter,898081.0,6.0,0.102,433.83,0.0225,
,gonzaleznicholas,Facebook,975734.0,1.0,0.0856,580.89,0.0136,3074.0
4090.0,amberhanson,Twitter,699254.0,2.0,0.0834,,0.0353,12962.0
4091.0,gstone,TikTok,498671.0,5.0,0.102,360.29,0.0287,40770.0
4092.0,jonathanjones,Facebook,335930.0,3.0,0.0986,526.82,0.0244,39258.0
4093.0,,,726383.0,7.0,0.0856,697.11,0.0393,46747.0
4094.0,baileykerry,Instagram,497244.0,3.0,0.0986,181.32,0.0285,3186.0
4095.0,kevinblack,LinkedIn,847194.0,2.0,0.0856,510.99,0.0186,11012.0
4096.0,hdavis,Facebook,444704.0,3.0,0.0642,982.66,0.041,22412.0
4097.0,,Twitter,62564.0,4.0,0.0986,431.19,0.0326,21742.0
4098.0,grobinson,Twitter,133759.0,7.0,0.0856,610.44,0.0219,15882.0
4099.0,michael16,Instagram,395832.0,,0.0986,637.73,0.0286,32286.0
4100.0,rshort,Facebook,616115.0,2.0,0.0856,507.39,0.0337,17759.0
4101.0,cbrown,TikTok,45490.0,3.0,0.0834,721.69,0.0477,20606.0
4102.0,dnguyen,Twitter,778799.0,1.0,0.0834,90.45,0.0306,27356.0
4103.0,krystal64,LinkedIn,,7.0,,310.39,0.0344,33269.0
4104.0,lrusso,LinkedIn,117635.0,1.0,0.0834,261.62,0.0274,7323.0
4105.0,elizabeth86,LinkedIn,602412.0,2.0,0.0986,907.05,0.0274,22950.0
4106.0,ijohnson,TikTok,160362.0,6.0,0.0834,540.64,0.0191,27395.0
4107.0,henrykendra,Instagram,915253.0,5.0,0.102,194.55,0.024,48732.0
4108.0,gsanchez,,239953.0,4.0,0.102,81.94,0.0105,48626.0
4109.0,,TikTok,703114.0,2.0,0.0642,277.98,0.0205,4363.0
4110.0,smithtimothy,LinkedIn,638164.0,7.0,0.0856,55.4,0.0397,10015.0
4111.0,davidanderson,Twitter,279338.0,4.0,0.0834,951.47,0.043,9127.0
4112.0,ellenmitchell,Twitter,193280.0,7.0,0.102,159.96,0.0479,35990.0
4113.0,gpayne,Facebook,890616.0,3.0,0.0834,74.11,0.0105,33094.0
4114.0,robert31,Facebook,,7.0,0.102,671.12,0.0342,37836.0
4115.0,blake06,LinkedIn,305732.0,3.0,0.0986,626.67,0.013,11912.0
4116.0,caitlin54,,,2.0,0.0986,408.93,0.0106,12086.0
4117.0,mcdonaldnancy,TikTok,152933.0,7.0,0.0642,387.68,0.0473,11713.0
,samanthasmith,TikTok,163662.0,5.0,0.0642,215.04,0.0103,45120.0
4119.0,jeffersonmason,Twitter,336586.0,4.0,0.102,878.87,0.0246,45796.0
4120.0,ladams,Facebook,593322.0,6.0,0.0856,587.97,0.044,45485.0
4121.0,reidkristine,Facebook,182447.0,7.0,0.0856,108.56,0.0107,17415.0
4122.0,bethgrimes,TikTok,351844.0,7.0,0.0642,989.88,0.0353,45394.0
4123.0,racheldodson,LinkedIn,289936.0,6.0,0.102,753.84,0.0176,
,cameron78,Facebook,927012.0,6.0,0.0642,254.87,0.0217,29671.0
4125.0,,TikTok,632519.0,2.0,0.0986,,0.0426,
4126.0,alexandersamuel,TikTok,712799.0,4.0,0.0642,888.27,0.0418,12333.0
4127.0,michaelperez,TikTok,,5.0,0.0856,754.87,0.0102,11137.0
4128.0,blackburnanthony,Facebook,680494.0,2.0,0.0986,946.08,0.0241,
4129.0,,Twitter,93877.0,2.0,0.0856,970.21,0.0119,34804.0
4130.0,canderson,TikTok,922601.0,3.0,0.0834,997.04,0.0358,12749.0
4131.0,williamskyle,Instagram,254265.0,6.0,0.0834,789.39,0.0273,2604.0
4132.0,brian17,Twitter,364374.0,7.0,0.0856,788.29,0.0334,32136.0
4133.0,ycole,,823771.0,3.0,0.0642,301.92,,5360.0
4134.0,websterchristina,Facebook,905346.0,5.0,0.102,565.07,0.0483,20865.0
4135.0,stephanie37,Instagram,712202.0,1.0,0.0642,845.29,0.047,38317.0
4136.0,carlosrivera,TikTok,351534.0,5.0,0.0986,738.77,0.0103,25182.0
4137.0,matthew40,LinkedIn,400502.0,6.0,0.102,162.02,,46280.0
4138.0,brianna64,Twitter,415269.0,,0.0856,763.66,0.0261,30557.0
4139.0,ogarcia,LinkedIn,194391.0,3.0,0.102,899.1,0.0285,24893.0
4140.0,crystalsharp,Twitter,382297.0,,0.0986,274.72,0.0321,40756.0
4141.0,,Facebook,292920.0,3.0,0.0856,625.62,0.0186,40826.0
4142.0,nicolereyes,LinkedIn,48342.0,,0.0856,103.15,0.0375,
4143.0,zpratt,,637021.0,,,890.31,0.0378,48034.0
4144.0,aryan,Facebook,266314.0,1.0,0.0856,522.77,0.0459,23711.0
4145.0,sriley,TikTok,775601.0,6.0,0.0856,920.89,0.0331,23029.0
4146.0,salazargarrett,,775426.0,4.0,0.0856,859.17,0.0193,33234.0
4147.0,tracy84,TikTok,807139.0,1.0,0.0642,262.51,0.0113,35283.0
4148.0,omorgan,Twitter,240894.0,7.0,0.0834,516.15,0.0253,49988.0
4149.0,conradlaura,LinkedIn,422308.0,1.0,0.0642,783.6,0.0313,13987.0
4150.0,dixonjulie,TikTok,283504.0,4.0,0.102,149.79,0.035,49775.0
4151.0,fullerchristine,Facebook,771222.0,2.0,0.0986,208.78,0.013,39251.0
4152.0,johnsoncourtney,Facebook,42562.0,5.0,0.0856,321.64,0.0478,45047.0
4153.0,mitchellpatrick,,918636.0,6.0,0.0642,100.35,0.0478,19142.0
4154.0,cboyd,Facebook,439121.0,1.0,0.0986,961.97,0.0159,6567.0
4155.0,wjohnson,Instagram,181412.0,5.0,0.0834,100.31,0.0212,22136.0
4156.0,toneill,LinkedIn,109593.0,7.0,0.102,275.71,0.0221,43540.0
4157.0,laurendurham,LinkedIn,609341.0,5.0,0.0856,457.25,0.0496,31700.0
,rmyers,Twitter,549027.0,7.0,0.0642,617.49,0.0167,33773.0
4159.0,revans,TikTok,775981.0,4.0,0.0834,541.86,0.0325,13083.0
4160.0,molinaisaac,Instagram,315392.0,3.0,0.0834,618.92,0.043,25889.0
4161.0,michellemcdaniel,Instagram,606261.0,1.0,0.0834,224.07,0.0391,33726.0
4162.0,anthonyanderson,Instagram,534237.0,7.0,0.0642,125.06,0.0465,6969.0
4163.0,leahcarter,TikTok,828369.0,4.0,0.0986,965.86,0.0175,49079.0
4164.0,robertsanders,Twitter,846853.0,3.0,0.0834,332.66,0.0334,6206.0
4165.0,jeffreymyers,Facebook,153899.0,4.0,0.0642,572.3,0.0464,47175.0
4166.0,jenniferthornton,TikTok,602682.0,4.0,0.0642,810.62,0.031,30799.0
4167.0,ruth02,LinkedIn,983937.0,5.0,0.102,841.85,0.0477,10106.0
,aflores,Twitter,106412.0,2.0,0.0856,947.76,0.046,27522.0
4169.0,jessica46,LinkedIn,89051.0,5.0,,83.53,0.0303,28864.0
4170.0,adam31,LinkedIn,833292.0,5.0,0.0834,353.04,0.0192,47663.0
4171.0,kevingarcia,TikTok,,1.0,0.0834,717.59,0.0233,3446.0
4172.0,medinanatalie,Facebook,496341.0,2.0,0.0986,187.13,0.0186,24748.0
4173.0,mccoykaren,Facebook,414425.0,,0.0642,685.4,0.0341,41191.0
4174.0,stephanie02,Facebook,,2.0,0.0834,913.39,0.0214,47045.0
4175.0,elizabethwilson,Facebook,452069.0,7.0,0.0986,630.21,0.0245,2170.0
4176.0,aandrade,Instagram,344824.0,6.0,0.0642,785.27,0.0233,7717.0
4177.0,michael40,TikTok,147625.0,5.0,,795.29,0.0384,31755.0
4178.0,edwardthomas,LinkedIn,741597.0,5.0,0.0986,895.84,0.0329,28513.0
4179.0,jonathan26,TikTok,757349.0,1.0,,656.5,0.0225,31409.0
4180.0,michael61,LinkedIn,753306.0,7.0,0.0856,270.91,0.0436,4186.0
4181.0,tlee,TikTok,361030.0,1.0,0.0834,216.91,0.0493,12260.0
4182.0,francojoseph,Twitter,255699.0,5.0,0.0856,468.93,0.0371,8171.0
4183.0,tiffanycaldwell,TikTok,243451.0,5.0,0.0856,944.87,0.0133,27285.0
4184.0,muellerolivia,LinkedIn,705181.0,1.0,0.102,971.23,0.0112,2943.0
4185.0,blakebell,LinkedIn,234179.0,1.0,0.0986,376.11,0.0319,25603.0
4186.0,uzhang,Twitter,534801.0,1.0,0.0834,467.01,0.0471,42128.0
4187.0,perezjacqueline,TikTok,788466.0,7.0,0.0856,801.28,0.0304,41402.0
4188.0,ian14,LinkedIn,271442.0,4.0,0.0834,808.94,0.0102,26152.0
4189.0,garciaaudrey,Twitter,245408.0,5.0,,104.47,0.0461,48814.0
4190.0,vanessa81,Facebook,135566.0,2.0,0.0986,787.7,0.0108,16294.0
4191.0,sharonmiller,Facebook,724774.0,4.0,0.0856,718.41,,43156.0
4192.0,vvega,TikTok,938582.0,1.0,0.0856,343.96,0.0319,25869.0
4193.0,scott72,Facebook,277383.0,6.0,0.0834,972.33,,
4194.0,,TikTok,783571.0,2.0,0.0834,617.22,0.0194,13769.0
4195.0,rodgerszachary,LinkedIn,471515.0,5.0,0.102,907.05,0.0216,
4196.0,jason52,Instagram,727284.0,6.0,0.0834,881.85,0.0417,15407.0
4197.0,simmonscarrie,TikTok,676517.0,1.0,0.0834,973.62,0.0426,38027.0
4198.0,sonya64,LinkedIn,498678.0,7.0,0.0986,177.32,0.0175,12579.0
4199.0,mullinsalicia,LinkedIn,403748.0,4.0,0.0642,540.02,,17904.0
4200.0,morgan06,TikTok,734195.0,2.0,0.0856,801.17,0.0314,27597.0
4201.0,dmanning,TikTok,662836.0,4.0,0.0834,188.5,0.0404,9699.0
4202.0,stephen81,TikTok,218057.0,5.0,0.0834,966.47,,22072.0
4203.0,edwardthomas,Instagram,36029.0,3.0,0.102,279.32,0.0485,23956.0
4204.0,cody87,Twitter,522807.0,5.0,0.0856,,0.0479,31552.0
,francessullivan,LinkedIn,555061.0,3.0,0.102,555.7,0.0436,38533.0
4206.0,eugene39,Instagram,277650.0,1.0,,317.31,0.035,37766.0
4207.0,eric65,Instagram,341951.0,4.0,0.0856,389.68,0.0219,24851.0
4208.0,flemingrichard,Facebook,815015.0,5.0,,,0.0389,41244.0
4209.0,yangpamela,,,3.0,0.0856,899.76,0.0316,14628.0
4210.0,ipreston,Instagram,268309.0,2.0,0.0856,103.51,0.0469,33834.0
4211.0,david74,Twitter,40747.0,3.0,0.102,125.06,0.0303,35402.0
4212.0,jbrown,TikTok,127090.0,6.0,0.0642,334.54,0.0201,37603.0
4213.0,skinnerjacob,Twitter,866218.0,7.0,0.0642,577.15,0.047,15659.0
4214.0,charlescisneros,Twitter,871250.0,2.0,0.0834,367.56,0.0283,10753.0
4215.0,ashleyzuniga,Instagram,,4.0,0.102,867.57,0.0115,35860.0
4216.0,pbarrett,LinkedIn,933412.0,2.0,0.0856,,0.0158,49157.0
4217.0,jconner,Twitter,781572.0,4.0,0.0642,115.57,0.0186,19503.0
4218.0,gregoryrodriguez,Facebook,378464.0,4.0,0.0834,129.24,0.0175,17557.0
4219.0,browndarryl,LinkedIn,821715.0,2.0,0.0856,973.44,0.0241,35972.0
4220.0,stuartsmith,TikTok,468347.0,5.0,0.0856,,0.0153,38975.0
4221.0,lisa30,LinkedIn,478388.0,2.0,0.0986,893.81,0.0471,
4222.0,jeffersonmason,LinkedIn,83222.0,6.0,0.102,615.99,0.0325,5800.0
4223.0,david22,Twitter,922594.0,6.0,0.0856,265.18,0.0303,44140.0
4224.0,mary05,Facebook,936733.0,1.0,0.102,395.39,0.0148,42363.0
4225.0,jordanmartin,Twitter,846770.0,3.0,0.102,182.74,0.048,41684.0
,lisa91,Twitter,716604.0,4.0,0.102,968.85,0.0427,22717.0
4227.0,jeff87,LinkedIn,46211.0,3.0,0.0986,810.62,0.0287,12575.0
4228.0,nhoffman,,37502.0,3.0,0.0642,373.18,0.0255,19887.0
4229.0,melendezpamela,LinkedIn,252115.0,2.0,0.0856,533.08,0.0436,22785.0
4230.0,tammy73,LinkedIn,47852.0,3.0,0.0856,892.8,0.0282,22080.0
4231.0,barbarabranch,Instagram,262881.0,5.0,0.0642,548.5,0.0282,
4232.0,woodjodi,LinkedIn,760465.0,6.0,0.0642,520.67,0.044,7107.0
4233.0,lauragarcia,Facebook,279396.0,5.0,0.0986,74.11,0.0481,34805.0
4234.0,emily36,LinkedIn,498968.0,,0.0986,390.34,0.0498,44834.0
4235.0,andradewesley,TikTok,999234.0,5.0,0.0834,872.77,0.0481,17188.0
4236.0,besparza,Facebook,672569.0,5.0,0.0856,515.08,0.0273,47298.0
4237.0,parsonsmichael,LinkedIn,243923.0,7.0,0.0986,920.89,0.0159,33555.0
4238.0,cody87,TikTok,272446.0,3.0,0.102,587.97,0.0304,49566.0
4239.0,calebramsey,TikTok,611959.0,2.0,0.0856,825.62,0.0111,13263.0
4240.0,paularios,Twitter,172853.0,2.0,,,0.0486,25269.0
4241.0,toddkenneth,LinkedIn,109037.0,6.0,0.0834,216.91,0.0402,5617.0
4242.0,bbarber,TikTok,193530.0,6.0,0.0642,224.65,0.049,39079.0
4243.0,,Instagram,822463.0,5.0,0.0986,142.09,0.0274,24024.0
4244.0,nicole57,Instagram,158149.0,5.0,0.0642,926.61,0.0337,39091.0
4245.0,evanssteven,Twitter,598031.0,5.0,0.102,376.23,,37035.0
4246.0,mitchellpatrick,LinkedIn,384814.0,3.0,0.0856,276.36,0.0223,16176.0
4247.0,carrolljames,TikTok,336084.0,2.0,0.0642,825.22,0.0452,14602.0
4248.0,pjones,Instagram,964862.0,5.0,0.102,671.12,0.0381,46359.0
4249.0,meghan87,Instagram,857884.0,7.0,0.0986,846.82,0.0132,2024.0
4250.0,kenneth65,LinkedIn,268626.0,3.0,0.0834,,,26568.0
4251.0,ashleycooper,,618373.0,2.0,0.0834,208.07,0.035,25479.0
4252.0,smithmatthew,TikTok,658717.0,5.0,,516.81,0.0417,29061.0
4253.0,ian14,LinkedIn,416694.0,7.0,0.0642,321.64,0.0427,
4254.0,markhiggins,Instagram,232982.0,6.0,0.0856,,,
4255.0,ipark,LinkedIn,527503.0,5.0,0.102,935.93,0.0163,16794.0
4256.0,deandawn,Twitter,575707.0,3.0,0.0642,330.78,0.0334,11023.0
4257.0,patrick62,Facebook,103945.0,5.0,0.102,777.68,0.0347,7290.0
4258.0,christineclark,Twitter,451392.0,2.0,0.0986,,0.0351,30068.0
4259.0,clementsdevin,TikTok,830911.0,1.0,0.0856,454.63,0.0372,4575.0
4260.0,michael30,Twitter,376401.0,6.0,0.102,678.02,0.0122,20685.0
4261.0,nolancorey,TikTok,133544.0,5.0,0.102,385.8,0.0442,21484.0
4262.0,blackwellandrew,TikTok,798682.0,2.0,0.0642,252.29,0.0385,
4263.0,hbrooks,TikTok,474426.0,3.0,0.0834,878.37,0.0371,12668.0
4264.0,qlopez,TikTok,53728.0,6.0,0.0642,853.64,0.0332,24673.0
4265.0,virginia09,Instagram,4710.0,6.0,0.0642,763.66,0.0361,28362.0
,ipark,LinkedIn,112977.0,6.0,0.0642,,0.0179,49808.0
4267.0,ibrock,TikTok,984086.0,5.0,0.0986,52.41,0.0378,44726.0
4268.0,lisaallen,Instagram,169565.0,4.0,0.0986,358.83,0.0345,13794.0
4269.0,ryan83,LinkedIn,631967.0,6.0,0.0856,636.6,0.019,5793.0
4270.0,bpham,LinkedIn,582329.0,3.0,0.0642,98.99,0.0274,21879.0
4271.0,jeffreymyers,Facebook,459089.0,6.0,0.0986,62.71,0.0171,31988.0
4272.0,keith55,TikTok,791447.0,3.0,0.0986,789.0,0.0354,38740.0
4273.0,kaitlynvalentine,Instagram,72758.0,3.0,0.0986,637.48,0.0395,16632.0
4274.0,lisaallen,Instagram,334239.0,5.0,0.0642,184.93,0.0201,14192.0
4275.0,,Instagram,143017.0,5.0,0.0986,222.59,0.0375,10331.0
4276.0,wongrichard,Instagram,422992.0,2.0,0.102,827.47,0.0278,38825.0
4277.0,sthompson,Instagram,338222.0,2.0,0.102,363.0,0.0417,11446.0
4278.0,alicechavez,LinkedIn,715114.0,6.0,0.0856,233.99,0.0268,43233.0
4279.0,petersonkristie,Instagram,837898.0,4.0,0.102,176.28,0.0375,8017.0
4280.0,jonathanherman,TikTok,510597.0,5.0,0.0856,864.3,0.0306,23396.0
4281.0,,Instagram,261507.0,1.0,0.0642,,0.0189,19314.0
4282.0,barneskimberly,Twitter,208084.0,5.0,0.0856,428.02,0.0477,8915.0
4283.0,cody87,Instagram,751498.0,3.0,0.0986,919.28,0.0172,35806.0
,tinajones,Twitter,33489.0,5.0,0.102,377.8,0.0293,14534.0
4285.0,,LinkedIn,671405.0,7.0,0.0986,947.76,0.0264,24466.0
4286.0,xzavala,LinkedIn,807516.0,7.0,0.102,612.01,0.0283,5533.0
4287.0,robertsjared,LinkedIn,492451.0,7.0,,783.6,0.044,36182.0
4288.0,meghan87,Instagram,227407.0,7.0,0.102,362.24,0.0148,11241.0
4289.0,bowenamanda,,388895.0,4.0,0.0986,612.01,0.0315,3842.0
4290.0,,LinkedIn,161498.0,2.0,0.102,81.51,0.0196,37859.0
4291.0,blake06,Instagram,112702.0,6.0,0.0986,817.09,0.0499,1724.0
4292.0,,Twitter,50917.0,2.0,0.0834,962.84,0.0486,21142.0
4293.0,davidanderson,Instagram,873957.0,7.0,0.102,413.32,0.0422,42630.0
,nwalsh,Instagram,681139.0,7.0,0.0834,727.33,0.0275,22653.0
4295.0,schmittjason,Facebook,44798.0,4.0,0.0834,733.6,0.025,16099.0
4296.0,kevinblack,Twitter,396566.0,2.0,0.102,517.59,0.0253,37974.0
4297.0,carterelizabeth,Twitter,678414.0,6.0,,250.31,0.0455,38357.0
4298.0,michaelgonzales,TikTok,602479.0,5.0,0.0642,692.69,0.0283,28135.0
4299.0,,TikTok,792225.0,1.0,0.0642,826.39,0.0155,27414.0
4300.0,lrodgers,Facebook,752934.0,7.0,0.0986,363.95,0.04,7316.0
4301.0,victorsmith,TikTok,934106.0,7.0,0.0834,352.48,,13903.0
4302.0,joe98,Instagram,754180.0,2.0,0.0834,277.01,,18589.0
4303.0,jeffreysalazar,,229738.0,1.0,0.0642,643.57,,11711.0
4304.0,ashley37,Twitter,539681.0,5.0,0.0986,493.46,0.0329,9409.0
4305.0,francessullivan,Instagram,798156.0,3.0,0.0642,129.94,0.0171,8458.0
4306.0,michelle11,Instagram,843422.0,4.0,0.102,303.16,0.0201,40029.0
4307.0,jbrown,Instagram,317513.0,3.0,0.0642,100.31,0.0219,16399.0
4308.0,lesliepennington,TikTok,374813.0,5.0,0.0856,743.52,0.0325,40930.0
4309.0,,Twitter,647458.0,4.0,0.0986,630.47,0.011,13034.0
4310.0,romerocalvin,Facebook,937850.0,5.0,,971.23,0.0304,4483.0
4311.0,markhiggins,Instagram,411448.0,6.0,0.0642,129.24,,32136.0
4312.0,lauragarcia,Instagram,238560.0,6.0,0.0986,268.1,0.046,2193.0
4313.0,lrusso,,131806.0,4.0,0.0834,682.47,0.0358,24329.0
,shanejohnson,Twitter,748087.0,4.0,0.0986,845.29,0.0301,47728.0
4315.0,timothyrandall,Twitter,510909.0,4.0,0.0856,387.68,0.0105,42076.0
4316.0,samanthajohnson,,269268.0,1.0,0.102,699.97,0.0225,12715.0
4317.0,cody87,LinkedIn,754375.0,2.0,0.0642,899.1,0.0348,43546.0
4318.0,wjohnson,Twitter,492427.0,5.0,0.102,474.46,0.0193,46512.0
4319.0,ricardo38,LinkedIn,785839.0,,0.0986,479.24,,23740.0
,slambert,Instagram,420301.0,5.0,0.0834,356.3,0.0479,49583.0
4321.0,williamwyatt,Twitter,339932.0,5.0,0.0986,164.09,0.0468,44979.0
4322.0,nathaniel06,Twitter,796121.0,4.0,0.0986,491.43,0.0208,6486.0
4323.0,diana02,Facebook,647142.0,6.0,0.0856,972.62,0.0123,21655.0
4324.0,nperez,Instagram,652060.0,6.0,0.0856,752.14,0.015,1813.0
4325.0,,Facebook,755737.0,3.0,0.0642,569.7,0.0442,3727.0
4326.0,charlescisneros,Twitter,367009.0,,,68.52,0.0307,24936.0
4327.0,kevinblack,Twitter,913771.0,1.0,0.0986,656.5,0.0153,41390.0
4328.0,xroberts,Facebook,962572.0,5.0,0.102,461.85,0.019,3353.0
4329.0,wreed,Twitter,997240.0,3.0,0.0856,899.04,0.0285,37146.0
4330.0,patriciamorse,Facebook,580067.0,2.0,0.102,560.62,0.0328,2218.0
4331.0,dunndaniel,LinkedIn,210025.0,4.0,0.0856,,0.0119,38193.0
4332.0,morganmelanie,Twitter,29850.0,1.0,0.102,600.46,0.0285,6887.0
4333.0,tammy29,LinkedIn,,3.0,0.0834,712.81,0.023,43721.0
4334.0,jmiller,Instagram,421868.0,3.0,0.0986,987.85,0.0105,
4335.0,williamrodriguez,Facebook,64302.0,5.0,0.0642,916.1,0.0174,
,michelle11,Twitter,,2.0,0.0856,282.81,0.0364,47628.0
4337.0,qcannon,,57541.0,5.0,0.102,254.87,0.0314,31577.0
4338.0,ryan83,,743599.0,2.0,0.0856,907.34,0.0361,13145.0
4339.0,alisonrobertson,Facebook,872063.0,3.0,0.0642,682.58,0.0416,5031.0
4340.0,jmcgee,LinkedIn,486921.0,7.0,0.0856,676.94,0.02,44907.0
4341.0,nicholas41,TikTok,764097.0,2.0,0.0986,672.02,0.0458,26873.0
4342.0,valentinetammy,Twitter,748834.0,4.0,0.0642,122.95,0.0229,47445.0
4343.0,anthonyrobinson,Instagram,254640.0,5.0,0.0856,817.09,0.0198,37309.0
,smithdanielle,Instagram,386324.0,5.0,0.0642,890.31,0.0103,32296.0
4345.0,jaimeedwards,Twitter,685206.0,6.0,0.0986,252.29,0.0318,41635.0
4346.0,kelleytina,LinkedIn,811642.0,6.0,0.0642,890.31,0.0472,8105.0
4347.0,cooklinda,Facebook,964228.0,,,421.56,0.0273,36868.0
4348.0,michael16,LinkedIn,41429.0,4.0,0.102,796.42,0.0493,15067.0
4349.0,vday,LinkedIn,495192.0,4.0,0.0986,578.37,,16690.0
4350.0,francojoseph,Facebook,544587.0,1.0,0.0834,806.51,0.0207,
,qthomas,Instagram,,6.0,0.0856,481.13,0.0248,14198.0
4352.0,robinsonsandra,,678435.0,2.0,0.0856,636.6,0.03,47454.0
4353.0,mauricecalderon,Facebook,182920.0,4.0,0.0856,,0.0106,14823.0
4354.0,meghan87,Facebook,705948.0,,0.102,331.37,0.0307,6195.0
4355.0,qsmith,Instagram,740927.0,6.0,0.0642,993.14,0.0214,7268.0
4356.0,mariewilliams,,870417.0,5.0,0.0856,268.92,0.0106,30909.0
4357.0,tjohnson,Instagram,808156.0,5.0,0.102,945.21,0.0313,7868.0
4358.0,smithjulian,,146780.0,6.0,0.0856,940.9,0.0348,27929.0
,elizabethwilson,,293403.0,5.0,0.0642,907.34,0.0326,10424.0
4360.0,novakjennifer,Instagram,705528.0,5.0,0.102,878.87,0.0186,36812.0
4361.0,brian17,Twitter,,5.0,0.0856,150.31,0.0375,1298.0
4362.0,shawnallen,Twitter,34560.0,4.0,0.0642,516.15,0.0272,45231.0
4363.0,nicolereyes,TikTok,349398.0,2.0,0.0642,798.96,0.0293,4084.0
4364.0,herbertallen,TikTok,933556.0,5.0,0.0986,,0.0315,28900.0
4365.0,shermanjoshua,TikTok,57520.0,2.0,0.102,504.44,0.0224,38764.0
4366.0,wilsonrobert,Instagram,609496.0,1.0,0.0986,,,1087.0
4367.0,erikthomas,TikTok,881994.0,3.0,0.0834,932.62,0.0111,46408.0
4368.0,alexandermckenzie,Instagram,874240.0,,0.0834,987.85,0.0375,41114.0
4369.0,lsaunders,LinkedIn,119723.0,5.0,0.102,,0.023,35911.0
4370.0,kathrynsingh,LinkedIn,221834.0,3.0,0.0856,411.63,0.015,46781.0
4371.0,cscott,Twitter,439814.0,1.0,0.0856,881.41,0.0369,48572.0
4372.0,lisa91,Instagram,996702.0,7.0,0.102,804.4,0.0344,
4373.0,nicholaspeters,TikTok,648066.0,4.0,0.0856,652.74,0.0262,34894.0
4374.0,cynthiagraham,LinkedIn,574627.0,2.0,0.0834,969.88,0.0152,5658.0
4375.0,royharper,,6279.0,4.0,0.0834,984.35,0.0183,11032.0
4376.0,,Twitter,702739.0,,0.102,454.84,0.021,15697.0
4377.0,kristinlynch,TikTok,799256.0,,0.0642,973.44,0.0466,6482.0
4378.0,colleen63,Instagram,530561.0,5.0,0.0834,973.44,0.0114,14256.0
4379.0,hlong,LinkedIn,523159.0,3.0,,104.47,0.0324,23039.0
,gabriellashort,Instagram,392388.0,3.0,0.102,575.94,0.0439,46553.0
4381.0,mackeric,Twitter,288495.0,6.0,0.0986,690.0,0.0318,33948.0
4382.0,zbriggs,Instagram,126807.0,6.0,0.0642,519.52,0.0443,15628.0
4383.0,uluna,Twitter,864312.0,7.0,0.0986,995.14,0.049,37774.0
4384.0,logan51,TikTok,413193.0,,0.0642,587.97,0.04,19098.0
4385.0,crosslaura,TikTok,265161.0,4.0,0.0834,360.29,0.0426,14070.0
4386.0,hrobinson,TikTok,173568.0,6.0,0.0834,125.06,,16859.0
,michael40,TikTok,759040.0,5.0,0.102,878.87,,17828.0
4388.0,kellie00,Twitter,717145.0,3.0,0.102,363.95,0.0186,31740.0
4389.0,samantha64,Twitter,677200.0,6.0,0.0834,282.65,,25830.0
4390.0,jmiller,Facebook,139106.0,2.0,0.102,539.58,,43219.0
4391.0,,Twitter,817064.0,5.0,0.0834,177.92,0.0459,2744.0
4392.0,kaitlynvalentine,Twitter,297077.0,5.0,0.0642,956.1,0.0394,21004.0
4393.0,nwalsh,TikTok,,3.0,0.0834,612.29,0.0219,13332.0
4394.0,gstone,TikTok,414014.0,1.0,0.0856,842.79,0.035,22734.0
,david22,LinkedIn,75688.0,1.0,0.0986,563.74,0.0163,12523.0
4396.0,qperkins,Instagram,18637.0,2.0,0.0856,238.51,0.0245,14106.0
4397.0,corydavis,Instagram,418883.0,1.0,0.102,871.89,0.0431,47230.0
4398.0,jesse39,LinkedIn,468964.0,3.0,0.0986,98.2,0.0245,45114.0
4399.0,kathymacias,TikTok,531142.0,5.0,0.0856,594.15,0.0486,32536.0
4400.0,michelleriggs,Facebook,440807.0,2.0,0.0856,237.74,0.019,43810.0
4401.0,,TikTok,731392.0,2.0,0.0856,83.53,0.0282,38399.0
4402.0,jjones,Facebook,269862.0,3.0,0.102,265.18,0.0477,11639.0
4403.0,michael16,Twitter,643075.0,7.0,0.0856,192.99,0.0172,25505.0
4404.0,,Instagram,134262.0,1.0,0.0986,85.8,0.0196,
4405.0,aandrade,TikTok,247770.0,,0.0856,77.54,0.0225,24218.0
,fordrichard,Twitter,952534.0,4.0,0.0642,584.37,0.0255,38345.0
4407.0,amanda20,Facebook,172508.0,7.0,0.102,541.86,0.0244,10774.0
4408.0,bryanfisher,Facebook,835289.0,7.0,0.0856,557.58,0.0338,40545.0
4409.0,ericmiller,,928808.0,5.0,0.0834,742.16,0.0273,39351.0
4410.0,grayrachel,TikTok,700758.0,1.0,0.102,516.15,0.0192,
4411.0,conradlaura,LinkedIn,625650.0,6.0,0.0986,514.6,0.0312,14960.0
4412.0,,Facebook,324932.0,6.0,0.0834,371.62,0.0312,22416.0
4413.0,graymelinda,LinkedIn,797460.0,7.0,0.0642,827.47,0.0307,20138.0
,leonardkatherine,TikTok,373209.0,5.0,0.0856,787.99,0.0136,44087.0
4415.0,ryan83,Facebook,503081.0,3.0,0.0856,177.41,0.0101,7114.0
4416.0,corymann,Twitter,504003.0,3.0,0.0834,630.77,0.0145,26799.0
4417.0,gonzaleznicholas,TikTok,,1.0,,938.98,0.0105,48709.0
4418.0,erin92,TikTok,700555.0,,0.0834,638.08,0.0425,24646.0
4419.0,,Instagram,,7.0,0.102,940.02,,
4420.0,owensnatalie,TikTok,688064.0,1.0,,262.66,0.0283,34557.0
4421.0,elizabethwade,Twitter,444703.0,5.0,0.102,881.41,0.0391,8902.0
4422.0,hunterbriana,Facebook,381479.0,4.0,0.0856,395.39,0.0235,42027.0
4423.0,,Instagram,131805.0,3.0,0.0986,644.12,0.0378,15429.0
4424.0,alexandra95,TikTok,278911.0,1.0,0.0986,516.5,0.0404,32100.0
4425.0,hdavis,Facebook,84788.0,1.0,0.0856,574.29,0.0315,35823.0
4426.0,brady22,Facebook,659776.0,,0.0642,976.76,0.0186,9641.0
4427.0,samanthajohnson,Facebook,579001.0,4.0,,955.42,0.0367,48532.0
4428.0,flowerschristine,LinkedIn,436865.0,7.0,0.0834,264.48,,4106.0
,brian16,TikTok,779492.0,5.0,0.0834,449.39,0.0164,32270.0
4430.0,dennismichael,Facebook,885580.0,2.0,0.0834,428.86,0.0106,
4431.0,kwright,TikTok,487228.0,3.0,0.0642,371.62,0.0311,37446.0
4432.0,eric65,Twitter,939445.0,7.0,0.102,150.31,0.0202,33027.0
4433.0,donaldthompson,Instagram,742613.0,3.0,0.0986,827.47,0.0174,16665.0
4434.0,david74,Instagram,706755.0,,0.0834,333.93,0.0341,13427.0
4435.0,ryan83,Instagram,927326.0,7.0,0.102,352.46,0.0233,33051.0
4436.0,fsanchez,Facebook,302392.0,3.0,0.102,323.9,0.0294,29280.0
4437.0,thomassherri,Twitter,58680.0,7.0,0.0986,551.17,0.0303,15694.0
4438.0,riverakevin,Instagram,843224.0,4.0,0.102,783.6,0.049,1683.0
4439.0,mosleymark,Twitter,518658.0,5.0,0.102,946.08,0.0175,10708.0
4440.0,lisa73,TikTok,127081.0,1.0,0.0986,287.49,,40266.0
4441.0,qramos,Instagram,873826.0,3.0,0.0642,370.17,0.0325,6468.0
4442.0,susanbrown,Facebook,892496.0,7.0,0.0642,474.87,,20611.0
4443.0,christianmiller,Facebook,52747.0,2.0,0.0834,494.5,0.042,38186.0
,michael65,Facebook,269388.0,3.0,0.0834,152.61,0.0161,31207.0
4445.0,tommy65,Facebook,840384.0,7.0,0.0986,836.59,0.0397,39003.0
4446.0,robinsonsandra,Twitter,365841.0,2.0,0.0986,270.31,0.02,39310.0
4447.0,wilsonrobert,Instagram,130190.0,3.0,0.0834,893.56,0.046,23186.0
4448.0,bbarber,TikTok,829181.0,4.0,0.0642,907.34,0.0392,2962.0
4449.0,andrewgregory,,,6.0,0.0856,356.3,0.0196,19191.0
4450.0,wmaxwell,,161339.0,5.0,0.0642,800.15,0.0334,10661.0
4451.0,clementsdevin,Facebook,377607.0,6.0,0.0834,788.29,0.049,17551.0
4452.0,fshaw,Facebook,270587.0,6.0,0.0834,940.02,0.0174,11219.0
4453.0,reneecontreras,Instagram,892442.0,1.0,0.0834,131.64,0.0156,27295.0
4454.0,mcculloughedward,Instagram,873873.0,4.0,0.0986,882.09,0.0196,44383.0
,lsherman,LinkedIn,841436.0,3.0,0.102,892.6,0.0348,43148.0
4456.0,michaelpatrick,Facebook,198694.0,3.0,0.102,134.83,0.0176,43636.0
4457.0,kdavis,Instagram,,5.0,0.0834,,0.0171,15932.0
4458.0,,Facebook,509329.0,2.0,0.0642,357.45,0.0146,29327.0
4459.0,juarezcassandra,Instagram,186054.0,6.0,0.0642,230.6,0.0497,31057.0
4460.0,colestevens,Facebook,734420.0,4.0,0.0986,,,4445.0
,jeffersonmason,TikTok,313412.0,1.0,0.0642,99.67,0.0163,
4462.0,jwallace,TikTok,883858.0,,0.0856,604.48,0.0136,31439.0
4463.0,ritalynch,Instagram,607103.0,1.0,0.0986,946.08,0.0161,8560.0
4464.0,xshort,Twitter,518227.0,5.0,0.0986,356.29,0.0244,26228.0
,alexandermckenzie,Facebook,804379.0,1.0,0.0642,913.44,0.0214,12743.0
4466.0,perryrichard,LinkedIn,417862.0,4.0,0.102,903.94,0.0175,5805.0
4467.0,asantos,Instagram,825222.0,7.0,,569.7,0.0492,49377.0
4468.0,susanbrown,Instagram,847077.0,3.0,0.0642,177.92,0.0335,32604.0
4469.0,wongyesenia,LinkedIn,430637.0,5.0,0.102,382.74,0.0229,9071.0
4470.0,marissa77,Instagram,778481.0,3.0,0.0856,362.24,0.034,23302.0
4471.0,ngray,Facebook,98971.0,1.0,0.102,609.25,0.0402,15047.0
4472.0,qhood,TikTok,483209.0,3.0,0.0856,810.62,0.0286,28137.0
4473.0,carpenterpamela,Instagram,276237.0,5.0,0.0986,539.69,0.0193,26333.0
4474.0,eryan,Twitter,942761.0,7.0,0.0856,270.31,0.0244,
4475.0,maysmeghan,Twitter,553402.0,3.0,0.0986,537.16,0.0156,28087.0
4476.0,wmaxwell,Facebook,655796.0,7.0,0.102,572.98,0.0315,2304.0
4477.0,lrusso,TikTok,192234.0,7.0,0.0834,612.01,0.0274,6851.0
4478.0,kbass,Instagram,,3.0,,379.97,0.0492,12744.0
4479.0,brenda52,,567036.0,4.0,0.0986,238.74,0.0367,24641.0
4480.0,hlong,Facebook,312934.0,4.0,0.0642,478.69,0.0454,44375.0
4481.0,hobrien,Twitter,980801.0,2.0,0.0642,170.85,0.0214,3827.0
4482.0,medinanatalie,TikTok,509312.0,5.0,0.0856,514.07,0.0297,8707.0
4483.0,margaret57,Twitter,176317.0,6.0,0.102,551.25,0.0249,20905.0
4484.0,ryanchambers,Facebook,97303.0,6.0,0.102,825.22,0.0148,29490.0
4485.0,rhicks,TikTok,49150.0,1.0,0.0986,869.5,0.0312,4277.0
4486.0,sharondillon,LinkedIn,461722.0,5.0,,871.89,0.0267,39506.0
4487.0,ashley37,Twitter,14874.0,2.0,0.0986,510.99,0.0304,49437.0
4488.0,zhobbs,Twitter,443420.0,,0.0986,972.62,0.0191,8671.0
,samanthaallen,TikTok,218217.0,1.0,0.0834,801.17,0.0132,
4490.0,rodgerszachary,Facebook,548830.0,2.0,0.0834,537.38,0.0474,45752.0
4491.0,patricia15,Instagram,870847.0,7.0,0.0642,742.16,0.0228,27896.0
4492.0,cbrown,LinkedIn,881396.0,,0.0986,625.62,0.0389,43177.0
4493.0,campbellross,Twitter,115673.0,,0.0834,279.32,0.0174,7972.0
4494.0,jeffreybennett,Facebook,150143.0,7.0,0.102,390.34,0.0454,17206.0
4495.0,nelsonalfred,LinkedIn,439226.0,7.0,0.0856,516.91,0.0393,16109.0
4496.0,harrislisa,TikTok,989050.0,,0.0834,277.01,,26966.0
4497.0,brandoncooper,Instagram,421101.0,,0.0834,526.7,0.0432,36409.0
4498.0,dmanning,Twitter,995872.0,3.0,0.0642,146.95,0.016,1528.0
,aprilwilliams,Twitter,82549.0,1.0,0.0642,81.9,0.0346,25174.0
4500.0,bethholt,TikTok,428425.0,5.0,0.0986,892.8,0.0494,38297.0
4501.0,alexandra95,Facebook,579750.0,3.0,0.0642,310.36,0.0139,49132.0
4502.0,qthomas,TikTok,963048.0,3.0,0.0986,695.81,0.0454,16073.0
,gtorres,Instagram,146803.0,7.0,0.0642,694.21,0.0102,44418.0
4504.0,asimon,TikTok,158906.0,5.0,0.0856,450.62,0.0392,4981.0
4505.0,acevedoryan,LinkedIn,694759.0,3.0,0.102,333.93,0.0314,27967.0
4506.0,jeremy87,LinkedIn,901115.0,7.0,0.0986,952.28,0.0273,46083.0
4507.0,patriciamorse,TikTok,444883.0,3.0,0.0834,512.18,0.0466,41740.0
4508.0,kharris,LinkedIn,331942.0,3.0,0.102,278.42,0.0496,44196.0
4509.0,bethgrimes,Twitter,68920.0,4.0,0.0856,982.29,0.0283,18153.0
4510.0,gmcintosh,,697184.0,2.0,0.0834,454.63,0.0381,5380.0
4511.0,yrodriguez,TikTok,758922.0,1.0,0.0642,274.72,0.0159,37957.0
4512.0,christine40,Facebook,190404.0,2.0,0.102,182.74,0.0171,37696.0
4513.0,jacksongerald,Instagram,613282.0,7.0,0.0856,124.95,0.0455,
4514.0,thayes,TikTok,966210.0,2.0,0.102,,0.043,38374.0
4515.0,bradleymoore,Instagram,584871.0,3.0,0.102,875.2,0.0443,14290.0
4516.0,hawkinskelly,Twitter,425298.0,1.0,0.0856,182.75,0.0409,18882.0
4517.0,perezjacqueline,Instagram,824646.0,,0.0834,507.99,0.049,27784.0
4518.0,wrightaudrey,,803591.0,6.0,0.0642,452.91,0.0494,30265.0
4519.0,xgarcia,Facebook,214739.0,5.0,0.102,989.55,0.0143,23861.0
4520.0,wrightnorman,LinkedIn,29410.0,5.0,0.0834,766.12,0.0315,25785.0
4521.0,wongyesenia,LinkedIn,565834.0,4.0,0.102,851.98,0.0425,23925.0
4522.0,romerocalvin,Facebook,166867.0,5.0,,374.56,0.0424,6924.0
4523.0,nrodriguez,LinkedIn,845856.0,3.0,0.0834,186.45,0.0439,34874.0
4524.0,wolfejoshua,Instagram,,6.0,0.0986,574.29,0.0186,42117.0
4525.0,brenda00,Twitter,983962.0,4.0,0.102,651.68,0.0273,31072.0
4526.0,,LinkedIn,261705.0,2.0,0.0642,934.87,0.0198,
4527.0,powelljoseph,TikTok,745245.0,6.0,0.0856,94.05,0.0361,40482.0
4528.0,smcguire,Instagram,99618.0,7.0,0.0834,57.19,0.0137,23571.0
4529.0,karenbarron,LinkedIn,407730.0,6.0,0.0642,699.97,0.0281,
4530.0,william00,TikTok,464920.0,6.0,0.0642,737.59,,6467.0
4531.0,andrewberg,Twitter,327899.0,6.0,0.0834,796.42,0.0241,19719.0
,wstevens,Instagram,844108.0,,0.0834,166.55,,
,mtaylor,Instagram,715874.0,5.0,0.0642,938.98,0.0363,39263.0
4534.0,jjones,Facebook,245288.0,3.0,0.0856,796.42,0.0343,13471.0
4535.0,williamrodriguez,Facebook,655009.0,4.0,,955.42,0.0313,46731.0
4536.0,francessullivan,TikTok,873260.0,1.0,0.0856,,0.0225,30342.0
4537.0,sparksshane,Instagram,769470.0,4.0,0.102,975.52,0.0464,11905.0
4538.0,briannataylor,Twitter,181108.0,1.0,,846.43,0.0161,42652.0
4539.0,perryrichard,LinkedIn,990363.0,,0.0642,892.99,0.0378,38620.0
4540.0,,Facebook,830385.0,6.0,0.0986,182.75,0.0424,24404.0
4541.0,qramos,Twitter,809033.0,,0.102,,0.0165,13811.0
4542.0,smithedward,TikTok,172632.0,3.0,0.0856,719.56,0.0488,24302.0
4543.0,garrettelizabeth,Twitter,172801.0,4.0,0.0986,906.88,0.0369,22570.0
4544.0,elizabethwade,,632777.0,6.0,0.0642,153.65,0.0323,7256.0
,,LinkedIn,142047.0,2.0,0.0834,383.19,0.0239,18235.0
,,TikTok,599895.0,4.0,0.0642,826.95,0.0365,7047.0
4547.0,cboyd,Facebook,171324.0,1.0,,728.88,0.044,17700.0
4548.0,,TikTok,930556.0,1.0,0.0986,966.97,0.0274,
4549.0,dgarza,Instagram,589462.0,3.0,0.0986,550.71,0.0235,34529.0
,ctorres,Facebook,458760.0,7.0,0.0834,421.56,0.0267,1293.0
4551.0,adamjohnson,Instagram,268004.0,1.0,0.0856,730.24,0.0499,23387.0
4552.0,ronnieperry,Instagram,965472.0,4.0,0.102,697.11,0.0494,7287.0
4553.0,adunn,Facebook,,3.0,0.102,190.5,0.0296,10614.0
4554.0,dunndaniel,Instagram,390999.0,,0.0642,152.4,0.0415,13777.0
4555.0,stephaniebrennan,Facebook,186305.0,,0.0642,479.24,0.042,
4556.0,,Twitter,444750.0,5.0,0.0856,,0.0485,19303.0
4557.0,aliciajohns,Instagram,307706.0,1.0,0.102,955.42,0.0239,8648.0
4558.0,shawn32,LinkedIn,735469.0,1.0,0.0856,194.99,0.047,
4559.0,xberg,Instagram,271285.0,4.0,0.0834,170.85,0.0379,4579.0
4560.0,roger15,Twitter,717714.0,2.0,0.0986,,0.0477,3917.0
4561.0,tshaw,Instagram,,6.0,0.0834,184.52,0.0493,14763.0
4562.0,teresataylor,Facebook,770754.0,5.0,0.0834,646.61,,30774.0
4563.0,tylerwilliams,Twitter,,5.0,0.0856,985.34,0.0362,20618.0
4564.0,sriley,Instagram,640789.0,1.0,0.0856,817.09,0.046,3791.0
4565.0,kaylasmith,Twitter,342770.0,5.0,0.0856,83.12,0.0276,45964.0
4566.0,uluna,LinkedIn,301666.0,7.0,0.0642,55.4,0.0121,23506.0
4567.0,alicechavez,Instagram,25397.0,1.0,0.0642,618.92,0.0266,42534.0
4568.0,ojenkins,Instagram,315105.0,5.0,0.0986,587.66,0.0112,25362.0
4569.0,nblake,LinkedIn,551744.0,7.0,0.0856,959.49,0.0402,49087.0
4570.0,jeffreymyers,LinkedIn,852425.0,4.0,0.102,429.58,0.0223,9258.0
4571.0,,Twitter,883417.0,3.0,,690.0,0.0425,15216.0
4572.0,kharris,,760680.0,5.0,0.102,993.19,0.0477,
4573.0,teresataylor,Twitter,207071.0,4.0,0.0856,893.56,0.0439,4129.0
4574.0,daltonmichael,TikTok,242474.0,3.0,0.0834,669.64,0.0349,39326.0
4575.0,wolfejoshua,Instagram,770990.0,4.0,0.0986,540.64,0.0461,49616.0
4576.0,ryan83,Facebook,333362.0,3.0,0.0856,719.56,0.0375,45327.0
4577.0,tracy84,Facebook,222791.0,3.0,0.0856,397.29,0.0186,4499.0
4578.0,brenda00,LinkedIn,551554.0,4.0,0.0642,789.0,0.0217,37443.0
4579.0,smithjulian,Twitter,271703.0,7.0,0.0856,257.67,0.0444,40617.0
4580.0,scott72,TikTok,621548.0,4.0,0.0642,993.52,0.0428,49037.0
4581.0,wsmith,Facebook,390503.0,7.0,0.0856,257.56,0.0499,20795.0
4582.0,pblackwell,Twitter,712816.0,5.0,0.0834,794.46,0.0295,38154.0
4583.0,andradewesley,TikTok,76205.0,6.0,0.0642,879.58,0.0483,19007.0
4584.0,michaelbaker,Instagram,815936.0,4.0,0.0856,641.6,,26452.0
4585.0,,Twitter,764664.0,1.0,0.0856,872.61,0.0255,21743.0
4586.0,caitlin54,Twitter,559717.0,6.0,0.0856,513.6,0.0243,22518.0
4587.0,johnsonjeffrey,TikTok,235031.0,1.0,0.0642,479.24,0.0108,14675.0
4588.0,gonzaleznicholas,Twitter,632087.0,2.0,0.0986,90.45,0.0279,36270.0
4589.0,grahamallison,LinkedIn,948409.0,5.0,0.0856,693.78,,4619.0
4590.0,ricardo38,Twitter,714119.0,7.0,0.102,906.88,0.0233,38899.0
4591.0,taylornewman,LinkedIn,953803.0,1.0,,997.04,0.0245,35391.0
4592.0,whunt,LinkedIn,671489.0,6.0,0.0986,748.28,0.044,1425.0
4593.0,ibrock,LinkedIn,690530.0,7.0,0.0986,380.5,0.046,
4594.0,vliu,Facebook,99935.0,1.0,0.0834,899.1,0.0342,22255.0
4595.0,bbarber,TikTok,651159.0,1.0,0.0834,682.58,0.0379,38689.0
4596.0,williamskyle,Instagram,371598.0,2.0,0.0856,400.82,0.0182,7520.0
4597.0,kevinblack,Twitter,347369.0,7.0,0.0642,340.95,0.0186,9998.0
4598.0,robin74,Instagram,774624.0,6.0,0.0856,799.04,0.0153,41277.0
4599.0,davisjose,Facebook,547489.0,7.0,0.0642,602.23,0.011,49479.0
4600.0,elizabeth54,Facebook,264260.0,3.0,0.0642,268.1,0.0494,44206.0
4601.0,jennifervaughn,LinkedIn,925673.0,6.0,,,0.0448,17442.0
4602.0,nicolereyes,Twitter,,6.0,0.0834,916.1,0.044,34414.0
4603.0,martinjoseph,LinkedIn,760853.0,4.0,0.102,124.3,0.0299,28176.0
,rmyers,Twitter,683105.0,6.0,0.0834,82.92,0.0221,2909.0
4605.0,friley,Twitter,973995.0,6.0,0.0986,687.61,0.0335,21981.0
,gilbertdavid,Twitter,,3.0,,919.28,0.0492,38224.0
4607.0,christie73,Instagram,797806.0,3.0,0.102,,0.0281,35131.0
4608.0,gene05,TikTok,,1.0,0.0986,626.67,0.0378,30150.0
4609.0,patriciabutler,Facebook,485569.0,5.0,0.0986,203.52,0.0409,42043.0
4610.0,kristy65,Facebook,529016.0,3.0,0.0642,162.16,0.0156,1306.0
4611.0,rmyers,LinkedIn,781429.0,6.0,0.0986,804.4,0.0398,7752.0
4612.0,ljensen,LinkedIn,604791.0,,0.102,609.25,0.0111,41587.0
4613.0,sharris,Twitter,874833.0,5.0,0.0834,431.19,0.0343,30286.0
4614.0,scott25,TikTok,366497.0,3.0,0.102,277.98,0.015,21426.0
4615.0,tonyaevans,Instagram,306421.0,5.0,0.0856,147.17,0.0123,34580.0
4616.0,manuel94,Instagram,423249.0,5.0,0.102,827.71,0.0102,28642.0
4617.0,xcruz,Instagram,921785.0,1.0,0.0856,926.81,0.0381,48238.0
4618.0,voconnor,LinkedIn,749427.0,,0.0642,765.21,0.0182,7450.0
4619.0,uzhang,Facebook,537934.0,3.0,0.0834,899.04,,17214.0
4620.0,markhiggins,Instagram,421885.0,4.0,0.102,753.13,0.0261,1268.0
4621.0,carterelizabeth,TikTok,82813.0,2.0,0.0834,669.64,0.0163,34300.0
4622.0,rachelsnyder,TikTok,,7.0,0.0834,195.91,0.0193,10289.0
4623.0,erin92,LinkedIn,504721.0,2.0,0.102,287.49,0.0202,9035.0
4624.0,jennifer41,TikTok,750166.0,6.0,0.0642,646.61,0.037,4537.0
4625.0,garrettelizabeth,Twitter,133168.0,5.0,0.0642,362.91,0.0354,33247.0
4626.0,tlee,Instagram,555326.0,4.0,0.0986,878.68,0.0494,27072.0
4627.0,romeroallison,Twitter,790367.0,1.0,0.102,287.9,0.0378,36614.0
4628.0,andrewgregory,Twitter,475429.0,2.0,0.0834,482.45,0.0358,26772.0
4629.0,kennedykayla,TikTok,954274.0,6.0,0.0642,76.36,0.0162,48729.0
4630.0,fullerchristine,Instagram,151521.0,1.0,0.102,528.64,0.024,
4631.0,susan22,LinkedIn,395386.0,6.0,0.0834,555.43,0.0381,7035.0
4632.0,michael22,Facebook,586247.0,5.0,0.0834,966.01,0.0413,26148.0
4633.0,sriley,TikTok,802765.0,4.0,0.0834,,0.0335,6074.0
4634.0,snyderryan,LinkedIn,92848.0,2.0,0.0642,603.07,0.0154,16203.0
4635.0,kristinlynch,Instagram,570617.0,1.0,0.102,221.45,0.0373,22514.0
4636.0,mary05,LinkedIn,930729.0,6.0,0.0986,542.96,0.03,14858.0
4637.0,blackwellandrew,LinkedIn,552472.0,6.0,0.0642,604.48,0.0138,31655.0
4638.0,richardmiller,LinkedIn,221612.0,7.0,0.0986,177.41,0.0156,13983.0
4639.0,vmorales,LinkedIn,406425.0,5.0,0.0856,298.05,0.0273,31158.0
4640.0,ctorres,Twitter,739789.0,2.0,0.0642,363.95,0.011,43048.0
4641.0,dunndaniel,Facebook,55970.0,4.0,0.0856,678.02,0.0206,39785.0
4642.0,william00,,263595.0,6.0,0.102,878.37,0.0142,35895.0
4643.0,huberharold,Instagram,853015.0,1.0,0.0834,52.48,0.0262,4474.0
4644.0,garciasarah,Instagram,90822.0,4.0,0.0856,,0.0463,5360.0
4645.0,mary32,Twitter,134346.0,6.0,0.0834,630.21,0.0261,9791.0
4646.0,lesliepennington,Instagram,297865.0,6.0,0.0856,53.32,0.0265,10196.0
4647.0,medinanatalie,LinkedIn,196683.0,2.0,0.0856,450.94,0.0107,45948.0
4648.0,kevin83,Instagram,420517.0,7.0,0.0642,466.51,0.0424,7921.0
4649.0,ryan18,TikTok,529971.0,2.0,0.0642,541.86,0.0264,18293.0
,uluna,TikTok,,4.0,0.0986,97.1,0.0311,14338.0
4651.0,pjones,TikTok,73397.0,1.0,,715.37,0.0283,15522.0
4652.0,keithseth,TikTok,9443.0,6.0,0.0856,136.15,0.0209,1480.0
4653.0,tyler94,Twitter,694670.0,6.0,0.0856,265.2,0.0244,10697.0
4654.0,gtorres,LinkedIn,102135.0,3.0,0.0642,270.38,0.0335,22353.0
4655.0,,,479625.0,3.0,0.0986,603.08,0.032,23982.0
4656.0,jonathanreynolds,TikTok,,5.0,0.102,789.0,0.0156,26815.0
4657.0,michael16,Facebook,962881.0,4.0,0.0834,278.81,0.046,30163.0
4658.0,smallsteven,Twitter,561374.0,,0.0856,422.75,0.0174,14319.0
4659.0,margaret57,Facebook,498899.0,5.0,0.0856,652.74,0.0319,18574.0
4660.0,montgomeryjaime,TikTok,895329.0,3.0,0.102,370.17,,39925.0
,kjohns,TikTok,163025.0,6.0,0.0834,752.11,,32868.0
4662.0,murphydebbie,Twitter,947327.0,6.0,0.0986,541.86,0.0401,27874.0
4663.0,jonathan39,Twitter,133554.0,6.0,0.0986,878.68,0.0331,32615.0
4664.0,micheleshaw,,311528.0,6.0,0.0642,555.48,0.0258,
4665.0,melissa08,Twitter,101162.0,2.0,0.0834,310.39,0.0424,14239.0
4666.0,dunndaniel,TikTok,160942.0,5.0,0.0834,184.93,0.0318,9109.0
4667.0,larryperez,LinkedIn,24753.0,7.0,0.0642,785.4,0.0306,
4668.0,ctorres,Twitter,720792.0,7.0,,,0.0439,49367.0
4669.0,,Twitter,269169.0,3.0,0.0834,772.09,0.0483,6691.0
4670.0,tlawson,TikTok,591262.0,,0.0834,252.29,0.0175,1596.0
,holmesjohn,Twitter,258762.0,2.0,0.102,396.19,0.0275,20847.0
4672.0,timothy62,LinkedIn,627674.0,5.0,0.0856,825.62,0.03,3544.0
,christineclark,Facebook,514182.0,4.0,0.102,925.27,,41007.0
4674.0,,Twitter,849674.0,7.0,,926.97,0.0362,
4675.0,hughesmatthew,Twitter,343578.0,7.0,0.0642,331.37,0.0244,29002.0
4676.0,andersonjuan,LinkedIn,63819.0,3.0,0.0986,888.13,0.0238,15216.0
4677.0,davisjose,Facebook,,7.0,0.0986,395.01,0.0363,35987.0
,reidkristine,Facebook,146462.0,6.0,0.0834,427.57,0.0402,13123.0
4679.0,mary32,Twitter,624565.0,4.0,0.102,868.22,0.0136,23523.0
4680.0,barbarabranch,Facebook,411691.0,6.0,0.0642,,0.0309,14832.0
4681.0,jade86,,268865.0,4.0,0.0642,239.32,0.0236,12644.0
4682.0,blackburnanthony,LinkedIn,119155.0,7.0,,176.0,0.0311,31611.0
4683.0,lisa91,LinkedIn,989187.0,3.0,0.0642,557.58,0.0257,8947.0
4684.0,rachelgutierrez,Twitter,718560.0,5.0,0.0834,643.4,0.0174,47232.0
4685.0,irice,TikTok,453154.0,3.0,0.102,276.36,0.0107,25311.0
4686.0,patricia15,Instagram,519893.0,6.0,0.0834,270.91,0.0259,2069.0
4687.0,jjones,Instagram,403959.0,1.0,0.0642,166.55,0.0118,28883.0
4688.0,smithtimothy,,416573.0,7.0,0.0642,64.51,0.0165,48659.0
4689.0,vgriffith,Facebook,752206.0,2.0,0.102,182.74,0.0344,1546.0
4690.0,davisjose,Instagram,58885.0,7.0,,192.45,0.0128,16151.0
4691.0,johnsongregory,LinkedIn,493171.0,6.0,0.102,826.39,0.048,45586.0
4692.0,hernandezvanessa,Facebook,936595.0,1.0,0.0834,97.88,0.0335,33799.0
4693.0,andrew53,Instagram,837119.0,6.0,0.0642,878.68,0.0287,25919.0
4694.0,sharris,Instagram,637606.0,6.0,0.0834,370.17,0.0225,31954.0
4695.0,qperkins,Twitter,476991.0,6.0,0.0834,594.15,0.0172,8885.0
4696.0,yrodriguez,Instagram,122916.0,5.0,0.0834,696.43,0.0307,11749.0
4697.0,stephen98,Instagram,642527.0,4.0,0.102,969.88,0.0131,47322.0
4698.0,ljensen,LinkedIn,704122.0,4.0,0.0986,83.53,0.0424,43908.0
,brittney04,TikTok,716189.0,4.0,0.0856,995.14,0.0405,9541.0
4700.0,bettyray,TikTok,507516.0,7.0,0.0986,52.41,0.0332,42332.0
4701.0,xmartinez,Instagram,197961.0,6.0,0.0856,965.45,0.0112,21990.0
4702.0,michael40,Facebook,714936.0,7.0,0.0834,777.68,0.0127,47449.0
4703.0,bstanton,LinkedIn,264297.0,4.0,0.0834,439.08,0.0324,23807.0
4704.0,yvettepotts,TikTok,450754.0,5.0,0.0834,966.84,0.0352,33501.0
4705.0,travis06,Facebook,891183.0,5.0,0.0986,738.77,0.0454,16006.0
4706.0,nathandouglas,Instagram,811950.0,6.0,0.0986,429.01,0.0444,
4707.0,klee,Instagram,545739.0,2.0,0.0642,422.75,0.0255,14447.0
4708.0,simoncarolyn,Twitter,19997.0,4.0,0.0642,575.94,0.0219,4248.0
4709.0,williambell,Facebook,102734.0,3.0,0.0834,286.17,0.0172,7095.0
4710.0,nicholasmontgomery,LinkedIn,589076.0,6.0,0.0986,776.31,0.0278,32001.0
4711.0,robert05,Twitter,,5.0,0.0834,497.57,0.0273,26469.0
4712.0,samanthasmith,LinkedIn,132197.0,6.0,0.0834,100.31,0.0337,11279.0
4713.0,xlindsey,Facebook,226737.0,6.0,0.0986,804.4,0.0293,29989.0
4714.0,xgarcia,Instagram,359508.0,2.0,0.0834,667.59,0.0117,34064.0
4715.0,eric95,Twitter,106992.0,1.0,0.0986,152.25,0.0244,11774.0
4716.0,mackenziedaniels,Twitter,790899.0,3.0,0.0986,553.49,0.0456,37306.0
4717.0,mariapatel,LinkedIn,858900.0,3.0,0.0642,853.81,0.0257,9178.0
4718.0,browndouglas,Twitter,290675.0,6.0,0.0642,,0.0459,2718.0
4719.0,huberharold,LinkedIn,412754.0,6.0,,845.29,0.0327,
4720.0,cynthia04,Twitter,748993.0,4.0,0.102,325.81,0.0178,16578.0
4721.0,ritalynch,Twitter,492368.0,6.0,0.0986,645.84,0.0347,35698.0
4722.0,jesse39,Instagram,828638.0,4.0,0.0986,261.62,0.0417,2237.0
4723.0,llopez,TikTok,940980.0,4.0,0.0642,479.34,0.016,38117.0
4724.0,leemorales,TikTok,490618.0,2.0,0.0834,276.5,0.0331,31383.0
4725.0,vincentwang,TikTok,781153.0,7.0,0.0834,925.27,0.0485,6489.0
4726.0,mtaylor,Twitter,642504.0,,0.102,224.95,0.0283,24755.0
4727.0,stuartsmith,TikTok,747258.0,5.0,0.0834,170.04,0.0295,43976.0
4728.0,wrightaudrey,Twitter,537127.0,3.0,0.0986,376.76,0.0261,16486.0
,andrew08,LinkedIn,921975.0,7.0,0.0642,237.74,0.0172,5295.0
4730.0,,Instagram,503386.0,6.0,0.0642,139.38,0.0238,21795.0
4731.0,rebekah51,Facebook,984806.0,,0.0834,643.4,0.0304,5960.0
4732.0,kellidaniel,Facebook,38723.0,2.0,0.0642,238.14,0.0434,21676.0
4733.0,gary91,Instagram,911891.0,6.0,0.0834,989.55,0.0479,2624.0
4734.0,smithtimothy,LinkedIn,840589.0,5.0,0.0834,925.27,0.0442,1650.0
4735.0,taylornewman,LinkedIn,276956.0,1.0,0.0834,376.76,0.0413,48702.0
4736.0,joe98,Facebook,351708.0,3.0,0.0834,756.77,0.0411,34546.0
4737.0,johncarpenter,Twitter,553598.0,5.0,0.0834,450.62,0.0392,16931.0
,jonathan39,Facebook,516002.0,7.0,0.102,482.45,0.0279,42815.0
4739.0,garciaaudrey,Facebook,848049.0,6.0,,131.64,0.021,18884.0
4740.0,ntodd,Facebook,242597.0,5.0,0.102,57.23,0.0149,3388.0
4741.0,bradleyfox,Twitter,161027.0,2.0,0.102,97.88,0.0193,19177.0
4742.0,jenniferreilly,Twitter,762690.0,3.0,0.0834,402.45,0.03,29740.0
4743.0,rebeccapatrick,Instagram,585814.0,5.0,0.0834,396.53,0.0273,41827.0
4744.0,crosslaura,LinkedIn,12421.0,5.0,0.102,715.11,0.0459,1960.0
4745.0,danielanderson,Twitter,429205.0,1.0,0.0856,,0.0464,31089.0
4746.0,qreyes,Facebook,,7.0,0.0856,626.67,0.0318,30985.0
4747.0,russellcynthia,TikTok,197652.0,5.0,0.0856,582.66,0.0178,48618.0
4748.0,marquezedward,LinkedIn,546839.0,2.0,0.102,450.62,0.0318,48169.0
4749.0,,LinkedIn,707249.0,3.0,0.0856,955.85,0.0352,30968.0
4750.0,tiffanyferrell,TikTok,761151.0,4.0,0.0834,431.53,0.0279,14736.0
4751.0,vanessa81,Instagram,219068.0,5.0,0.0856,134.83,0.0114,20989.0
4752.0,jeffrey25,Twitter,589773.0,3.0,0.0642,456.61,0.0221,21293.0
4753.0,ewilliams,Facebook,434099.0,7.0,0.0834,516.15,,21091.0
4754.0,,Twitter,120089.0,2.0,0.0856,780.39,0.0225,33321.0
4755.0,gsanchez,Facebook,507347.0,5.0,0.0642,195.91,0.0225,4389.0
4756.0,kennedykayla,Facebook,895725.0,7.0,0.102,203.52,0.0196,8419.0
4757.0,manuel94,Facebook,618278.0,4.0,0.0986,526.7,0.0105,
4758.0,grayrachel,,636089.0,3.0,0.102,279.32,0.03,22056.0
4759.0,jennifer41,Twitter,68442.0,6.0,0.0856,204.59,0.0283,12594.0
4760.0,ftrevino,Facebook,312497.0,4.0,0.0834,287.9,0.0105,19480.0
4761.0,matthew17,LinkedIn,522658.0,5.0,0.0986,170.85,0.0225,13135.0
4762.0,diana02,LinkedIn,506639.0,5.0,0.0642,395.01,0.0353,45161.0
4763.0,yvettepotts,LinkedIn,279862.0,7.0,0.102,898.66,0.0283,42487.0
4764.0,kfowler,LinkedIn,649089.0,6.0,0.0834,129.94,0.013,13016.0
4765.0,henrykendra,,488559.0,1.0,,379.97,0.0161,25402.0
4766.0,toddkenneth,LinkedIn,662436.0,1.0,0.0986,103.15,0.0103,1254.0
4767.0,cthompson,Twitter,433729.0,2.0,0.102,998.2,0.0145,24485.0
4768.0,nicholaspeters,LinkedIn,761677.0,6.0,0.102,972.62,0.0318,14354.0
4769.0,deandawn,Instagram,962048.0,5.0,0.0986,,0.0417,41357.0
4770.0,stephanievasquez,TikTok,97665.0,3.0,0.0834,966.97,0.049,33454.0
4771.0,grahamallison,LinkedIn,670314.0,7.0,0.102,667.05,0.0167,26204.0
4772.0,nicholaspeters,Facebook,534716.0,6.0,0.0834,175.75,0.0326,28125.0
4773.0,graymelinda,Instagram,925655.0,1.0,0.0856,582.88,0.0317,7897.0
4774.0,john57,LinkedIn,136612.0,6.0,0.0642,408.93,0.0283,49436.0
,toddkenneth,TikTok,535982.0,5.0,0.0856,380.39,0.0197,7820.0
4776.0,jeffreymcneil,Instagram,707848.0,7.0,0.0834,763.11,0.0292,24647.0
,pbrooks,TikTok,585200.0,,0.102,352.46,0.0359,38829.0
4778.0,matthew70,Facebook,19196.0,5.0,0.0986,893.56,0.0461,48754.0
4779.0,,TikTok,544376.0,2.0,0.0856,558.4,0.0268,19258.0
4780.0,jeffreyrice,TikTok,175379.0,2.0,0.0834,694.21,0.0392,41736.0
4781.0,elizabeth54,Twitter,913473.0,4.0,0.0986,176.47,0.0351,24383.0
4782.0,nicolereyes,LinkedIn,666331.0,2.0,0.0834,735.9,0.0303,36242.0
4783.0,andrewberg,LinkedIn,506487.0,5.0,0.0986,76.36,0.0258,17360.0
4784.0,katieking,LinkedIn,709948.0,3.0,0.0986,985.34,,43041.0
4785.0,francojoseph,LinkedIn,984478.0,4.0,0.0834,869.72,0.0416,42120.0
4786.0,baileykerry,Facebook,979121.0,6.0,0.0856,500.37,0.034,23938.0
4787.0,hardyalexander,,965008.0,7.0,0.0834,982.29,0.0195,10208.0
4788.0,stephaniebrennan,Twitter,679492.0,4.0,0.102,,0.0301,21917.0
4789.0,jeffreybennett,LinkedIn,835466.0,1.0,0.102,879.58,0.0359,20593.0
4790.0,jade86,TikTok,561836.0,6.0,0.0856,139.38,0.0213,2373.0
4791.0,hannah30,Twitter,734686.0,1.0,0.0642,718.41,0.0455,4856.0
4792.0,katiewolfe,TikTok,801501.0,6.0,0.0834,546.44,0.0417,14464.0
4793.0,hayespamela,,972271.0,3.0,0.0834,539.69,0.023,
4794.0,valdezjessica,TikTok,581005.0,5.0,0.0834,903.94,0.0469,47209.0
4795.0,catherine31,Facebook,454035.0,6.0,0.0986,321.64,0.0262,30801.0
4796.0,kathymacias,TikTok,146742.0,4.0,0.0642,722.82,0.0101,21036.0
4797.0,fwade,Instagram,748782.0,1.0,0.0642,710.67,0.0304,
4798.0,christine40,LinkedIn,307375.0,6.0,0.102,800.44,0.0133,17764.0
4799.0,lesliepennington,LinkedIn,596025.0,6.0,0.0856,431.53,0.0303,16982.0
,allison03,Facebook,947378.0,7.0,0.0856,796.42,0.0226,46607.0
4801.0,michael40,Facebook,129133.0,3.0,0.102,630.47,0.0223,
4802.0,lori07,,877766.0,5.0,0.0834,270.38,0.0391,9078.0
4803.0,smithtimothy,Facebook,8432.0,6.0,0.0642,965.86,0.0457,7306.0
4804.0,jennifer41,TikTok,55883.0,1.0,0.0986,966.01,0.0307,29685.0
4805.0,smcguire,Twitter,,3.0,0.0986,386.94,0.0464,21558.0
4806.0,hayespamela,LinkedIn,334821.0,4.0,0.0986,869.72,0.0172,15216.0
4807.0,kstewart,TikTok,228574.0,7.0,0.0986,672.02,0.021,32388.0
4808.0,fkelly,Instagram,609013.0,4.0,0.0986,789.0,0.0161,1826.0
4809.0,mackeric,LinkedIn,940832.0,2.0,0.0642,600.01,0.0499,27322.0
4810.0,samantha64,Twitter,,3.0,0.0834,446.68,0.0286,19466.0
4811.0,bondrebecca,Instagram,347037.0,4.0,0.0642,877.89,0.0391,35156.0
4812.0,wmaxwell,LinkedIn,989943.0,5.0,0.0642,881.85,0.042,4956.0
,patty20,LinkedIn,398098.0,1.0,0.0642,681.35,0.0205,44871.0
4814.0,yhahn,LinkedIn,972346.0,4.0,0.0986,600.46,0.0345,42782.0
4815.0,vvega,Twitter,43924.0,5.0,0.102,925.27,0.0311,40433.0
4816.0,gstone,LinkedIn,980770.0,5.0,,577.15,,43556.0
4817.0,combsstephanie,Twitter,711874.0,5.0,0.102,867.57,0.0361,28992.0
4818.0,iorozco,TikTok,289380.0,4.0,0.0856,859.17,0.0393,17645.0
4819.0,melissacordova,LinkedIn,191559.0,2.0,0.0642,356.29,0.0335,41943.0
4820.0,pblackwell,TikTok,837329.0,4.0,0.0986,692.69,0.03,33102.0
,michaelbaker,TikTok,929434.0,7.0,0.0642,995.14,0.0227,20918.0
4822.0,joe98,Twitter,329604.0,5.0,0.0642,195.91,0.0136,30526.0
4823.0,kstewart,Facebook,775537.0,1.0,0.0642,539.58,0.0276,21012.0
,,Twitter,314396.0,3.0,0.0856,820.13,0.0459,4040.0
4825.0,qhood,Instagram,92385.0,5.0,0.0986,973.44,0.0275,47945.0
4826.0,jeffreyrice,TikTok,891201.0,6.0,0.0642,846.82,0.0131,28489.0
4827.0,jconner,Instagram,220597.0,3.0,0.0642,959.49,0.0274,3823.0
4828.0,,Instagram,,1.0,0.0856,459.37,0.0293,46280.0
4829.0,alexis09,Facebook,13810.0,1.0,0.0834,955.42,0.0201,2067.0
4830.0,richardspatrick,TikTok,459046.0,7.0,0.0834,651.18,,31009.0
4831.0,stephanielopez,Facebook,301694.0,5.0,0.0642,602.6,0.0314,34137.0
4832.0,qthompson,Instagram,172314.0,1.0,0.0834,811.74,0.0318,34595.0
4833.0,anne79,LinkedIn,326272.0,,0.0642,310.36,0.011,1097.0
4834.0,romeroallison,Instagram,116265.0,2.0,0.0834,741.67,0.0191,30374.0
4835.0,perryrichard,TikTok,507925.0,5.0,0.0856,756.44,0.0209,30802.0
4836.0,mosleymark,Twitter,317286.0,5.0,0.0642,630.21,0.0214,14951.0
4837.0,brenda00,LinkedIn,111434.0,2.0,0.0986,538.1,0.04,5331.0
4838.0,vday,Twitter,375702.0,7.0,0.0642,422.61,0.0114,16110.0
4839.0,thomasherman,TikTok,917989.0,1.0,0.0642,721.69,0.0107,14265.0
4840.0,murphydebbie,Instagram,390359.0,6.0,0.102,612.95,0.0226,14927.0
4841.0,gtorres,Twitter,434465.0,2.0,0.102,216.01,0.0245,28421.0
4842.0,smithmatthew,Facebook,425307.0,7.0,0.0642,203.52,0.0314,31005.0
4843.0,tammyhowell,,159878.0,2.0,0.102,148.05,0.0216,2796.0
4844.0,fkelly,Twitter,942460.0,2.0,0.102,139.18,0.047,26536.0
4845.0,melendezpamela,Facebook,481469.0,6.0,0.0856,719.56,0.0231,36075.0
4846.0,simoncarolyn,Facebook,33013.0,4.0,0.102,825.22,0.0111,45910.0
4847.0,mullinsalicia,TikTok,694328.0,5.0,0.0986,535.84,0.0473,46411.0
4848.0,cooperpaul,LinkedIn,960916.0,1.0,0.0856,323.63,0.0277,29157.0
4849.0,jasonrichard,Twitter,182519.0,2.0,0.102,391.97,0.0283,18275.0
4850.0,jaclyn79,,771560.0,7.0,0.0856,129.24,0.021,31265.0
4851.0,lisa91,Instagram,147962.0,5.0,0.0642,430.92,0.0105,13464.0
4852.0,shawnallen,LinkedIn,670354.0,2.0,0.102,539.58,0.0413,24661.0
4853.0,jennifersanchez,LinkedIn,389792.0,6.0,0.0642,,0.0175,30113.0
4854.0,michael30,Twitter,324968.0,2.0,0.0986,872.61,0.0178,12086.0
4855.0,brianna64,,526389.0,2.0,0.0856,99.67,0.04,13784.0
4856.0,browndouglas,Facebook,638422.0,2.0,0.102,461.85,0.0102,8616.0
4857.0,katherine30,TikTok,1449.0,7.0,0.0986,481.13,0.0427,28209.0
4858.0,molly66,Instagram,12948.0,3.0,0.0856,546.44,0.0393,38703.0
,mike15,Facebook,451706.0,3.0,0.0834,379.82,0.0332,10067.0
,morgan06,Twitter,178770.0,6.0,0.102,572.3,,22862.0
4861.0,aliciajohns,Twitter,101044.0,7.0,0.102,966.47,0.011,40757.0
4862.0,mckenzieadam,Twitter,736784.0,5.0,0.102,,0.0481,
4863.0,jordanmartin,LinkedIn,72849.0,1.0,0.0856,449.39,0.0232,28600.0
4864.0,tristanpearson,Twitter,245612.0,7.0,,303.16,0.0172,20567.0
4865.0,,Twitter,290284.0,1.0,0.0642,192.99,0.0279,39986.0
4866.0,jstevens,LinkedIn,42865.0,3.0,0.0986,558.4,0.0313,
,royharper,LinkedIn,14205.0,3.0,0.0834,966.47,0.0162,
4868.0,kimberly47,Twitter,611109.0,2.0,0.0986,510.99,,25770.0
4869.0,paul43,LinkedIn,384072.0,3.0,0.0642,710.67,0.0416,27250.0
4870.0,,,638591.0,5.0,0.102,505.51,0.0114,37661.0
4871.0,morgancook,Facebook,569716.0,4.0,0.0642,214.78,0.0406,23283.0
4872.0,ghall,Instagram,162726.0,5.0,0.0856,146.95,0.0352,42397.0
,keithseth,Instagram,419881.0,6.0,0.0834,,0.0361,34925.0
4874.0,zhobbs,Twitter,544276.0,6.0,0.0834,82.89,,39011.0
4875.0,corydavis,Instagram,346550.0,3.0,0.0834,,0.0331,28202.0
4876.0,lisamorrow,LinkedIn,717407.0,,0.0834,959.49,0.0216,17498.0
4877.0,thompsonlisa,TikTok,637696.0,5.0,0.0642,502.29,0.0348,18974.0
4878.0,ihernandez,LinkedIn,456600.0,6.0,0.0986,85.08,0.0334,25565.0
4879.0,jeremy87,TikTok,953609.0,2.0,0.0642,400.61,0.0297,40443.0
4880.0,lrusso,Facebook,653439.0,1.0,0.0856,241.52,0.0385,8828.0
4881.0,,Instagram,968151.0,3.0,0.0834,467.01,0.018,36235.0
4882.0,bradleymoore,LinkedIn,516466.0,1.0,0.0856,899.76,0.0204,11605.0
4883.0,johnhawkins,Instagram,244428.0,4.0,,76.36,0.0137,44309.0
4884.0,mary05,,63605.0,5.0,0.0856,261.62,0.0146,13170.0
4885.0,asantos,TikTok,531094.0,5.0,0.0834,827.63,0.0478,30663.0
4886.0,bobbystrickland,TikTok,567372.0,4.0,0.0642,,0.0307,39633.0
4887.0,nvincent,Twitter,740851.0,5.0,0.0834,932.47,,46746.0
4888.0,millerjill,Twitter,372549.0,6.0,0.0986,648.02,0.0485,22740.0
4889.0,cscott,Facebook,71633.0,1.0,0.102,652.74,0.0426,13936.0
4890.0,ahayes,LinkedIn,282375.0,5.0,0.0642,840.87,0.0226,3307.0
,crystalsharp,Instagram,910547.0,,0.102,238.51,0.0219,19861.0
4892.0,crosslaura,Instagram,869509.0,6.0,0.0642,228.19,0.0402,7132.0
4893.0,smithedward,Instagram,785207.0,3.0,0.102,217.73,0.0283,6449.0
4894.0,tyler31,TikTok,572221.0,4.0,0.0642,755.58,0.0146,32291.0
4895.0,jonathanjones,Twitter,554603.0,1.0,0.0856,159.96,0.0153,9184.0
4896.0,aramos,TikTok,557660.0,7.0,,787.7,0.0492,38956.0
4897.0,jennifervaughn,LinkedIn,93826.0,3.0,0.0856,776.31,0.0178,20238.0
4898.0,hgonzalez,Twitter,253031.0,5.0,0.0642,595.24,0.0137,41028.0
4899.0,palmerjeffrey,LinkedIn,242237.0,3.0,0.0834,737.59,0.0242,
4900.0,trobinson,LinkedIn,141334.0,4.0,0.0834,649.02,,3696.0
4901.0,,LinkedIn,578866.0,6.0,0.0856,820.13,0.0354,
4902.0,jasonrichard,LinkedIn,650041.0,6.0,,787.99,0.0115,15553.0
4903.0,nicholas41,Facebook,138612.0,7.0,0.0642,,0.0321,44725.0
4904.0,jordanmartin,Twitter,294486.0,4.0,0.0986,539.69,0.0162,40332.0
4905.0,sara29,LinkedIn,793287.0,6.0,,382.74,0.0183,5953.0
4906.0,smithsusan,Instagram,193551.0,4.0,0.0856,931.61,0.0424,47909.0
4907.0,brianna64,LinkedIn,363360.0,6.0,0.0986,587.66,0.0258,17460.0
4908.0,jonathanjones,Twitter,631224.0,1.0,0.0986,602.27,0.019,24143.0
4909.0,,Facebook,553040.0,4.0,0.0642,370.17,0.0478,21507.0
4910.0,yangpamela,TikTok,587535.0,7.0,0.0642,209.6,0.0477,16366.0
4911.0,brookegalloway,,785873.0,7.0,0.0834,683.21,0.0343,40698.0
4912.0,thomas49,LinkedIn,298110.0,4.0,0.0834,611.1,,21623.0
4913.0,julianfisher,Facebook,813996.0,6.0,0.0856,864.3,0.0398,26751.0
4914.0,brian06,LinkedIn,185721.0,5.0,0.102,361.46,0.015,37611.0
4915.0,murphydebbie,LinkedIn,156519.0,7.0,0.0986,204.59,0.0102,14123.0
4916.0,anthonyanderson,Instagram,823609.0,1.0,0.0834,132.5,0.0476,13736.0
4917.0,millerrobert,,629741.0,3.0,0.0834,817.09,0.023,39176.0
4918.0,mcculloughedward,Twitter,362685.0,5.0,0.0856,717.59,0.0163,33231.0
4919.0,lewisjessica,Facebook,,1.0,0.0642,277.01,0.0118,
4920.0,boothjacob,LinkedIn,,6.0,0.0642,317.31,0.0179,49360.0
4921.0,teresaellis,Twitter,999919.0,6.0,0.0834,411.63,0.046,3975.0
4922.0,vday,LinkedIn,992379.0,3.0,0.0642,796.42,0.0397,22924.0
4923.0,clarkdavid,Facebook,744523.0,3.0,0.0856,894.32,0.0113,30511.0
4924.0,christopherbarnes,Instagram,751536.0,7.0,0.0834,557.76,0.0437,18940.0
4925.0,shannon54,TikTok,447317.0,2.0,0.0856,728.89,0.0115,41730.0
4926.0,lpierce,Twitter,,4.0,0.0834,160.86,0.0152,49024.0
4927.0,ahayes,Facebook,300775.0,1.0,0.0856,780.56,0.0379,39271.0
4928.0,stephen98,Twitter,166619.0,7.0,,222.59,0.0267,38730.0
,kimryan,TikTok,210612.0,7.0,0.0642,955.8,0.0189,18605.0
4930.0,robinsonlindsey,Facebook,451500.0,2.0,0.0834,510.8,0.0344,48310.0
4931.0,brenda00,Instagram,276739.0,5.0,0.0856,283.03,0.0299,22003.0
4932.0,hayespamela,TikTok,251183.0,5.0,0.0986,858.82,0.0191,28897.0
4933.0,andrewgregory,Instagram,840904.0,1.0,0.0642,526.82,0.0234,
4934.0,jessica26,,780938.0,1.0,0.0986,,0.0121,9119.0
4935.0,lopezsusan,Instagram,658796.0,6.0,0.0986,682.47,,5146.0
4936.0,ipreston,Facebook,868513.0,1.0,0.0986,548.5,,19396.0
4937.0,feliciabrown,Facebook,674173.0,2.0,0.0856,548.59,0.0413,3313.0
4938.0,amandahenry,Twitter,518737.0,2.0,0.0986,217.72,0.0412,19372.0
4939.0,elizabeth54,LinkedIn,429321.0,4.0,0.0834,672.69,0.0362,20593.0
4940.0,maysmeghan,TikTok,677948.0,7.0,0.0834,423.76,0.0175,12341.0
4941.0,peggymunoz,TikTok,572885.0,1.0,0.0834,966.47,0.0112,1900.0
4942.0,tommy65,,764366.0,5.0,0.0642,610.44,0.0276,45797.0
4943.0,mthomas,Twitter,621440.0,4.0,0.102,817.67,0.0191,16612.0
4944.0,grahamallison,Instagram,727493.0,1.0,0.0834,967.56,0.0385,44754.0
4945.0,stephen98,LinkedIn,671416.0,7.0,0.102,278.42,0.0318,18546.0
4946.0,margaret57,Twitter,472850.0,6.0,0.0986,439.08,0.0137,49079.0
4947.0,julianfisher,Instagram,884900.0,4.0,0.0834,427.92,0.0233,6711.0
4948.0,masonjames,Twitter,817406.0,,0.102,846.82,0.0216,33747.0
4949.0,ericajohns,Instagram,,6.0,0.0642,969.09,0.0186,11673.0
4950.0,hdavis,LinkedIn,322592.0,6.0,0.0986,489.75,0.0142,16351.0
4951.0,henrydominique,Facebook,77753.0,6.0,0.102,802.17,0.0189,35081.0
4952.0,melissa93,Twitter,880031.0,,0.102,188.5,0.0429,23746.0
4953.0,anthonyrobinson,LinkedIn,972209.0,2.0,0.102,380.5,0.0287,4692.0
4954.0,zrivers,LinkedIn,947367.0,3.0,0.0834,162.16,,28168.0
4955.0,john06,LinkedIn,316515.0,5.0,0.0856,799.04,0.0258,28329.0
4956.0,murphytabitha,Twitter,517845.0,2.0,0.0642,211.61,0.0215,28319.0
4957.0,ladams,Instagram,234120.0,5.0,0.0856,878.68,0.0464,35317.0
4958.0,johnmartinez,Facebook,13459.0,4.0,0.0986,221.5,0.0261,6005.0
,,LinkedIn,160534.0,3.0,0.102,860.13,0.0111,28352.0
4960.0,uflowers,TikTok,661414.0,3.0,0.0856,871.89,0.0417,43319.0
4961.0,smallsteven,Instagram,329975.0,3.0,0.0642,,0.0286,13034.0
4962.0,gclark,LinkedIn,940139.0,6.0,0.102,511.26,0.0296,24312.0
4963.0,petersonjerry,Instagram,499556.0,4.0,0.102,951.11,0.0255,2297.0
4964.0,bobbystrickland,Twitter,374447.0,1.0,0.0642,117.15,0.0103,28093.0
4965.0,ghouse,Instagram,797670.0,7.0,0.0986,129.24,0.0319,27272.0
4966.0,twagner,Facebook,801055.0,5.0,0.0856,192.45,0.0132,39382.0
4967.0,armstrongjuan,Facebook,234264.0,5.0,,317.82,0.0286,25651.0
4968.0,robertsjennifer,Instagram,779995.0,4.0,0.0986,96.71,0.0285,35600.0
4969.0,dylanriley,,570265.0,2.0,,176.47,0.0474,42808.0
4970.0,gpayne,Instagram,546455.0,6.0,0.0856,924.61,0.0389,
4971.0,victoria86,,309300.0,3.0,0.102,224.65,0.0319,39807.0
4972.0,jacksonberry,Twitter,,3.0,,287.9,0.0222,2025.0
4973.0,kimberlymorales,Facebook,685198.0,,0.102,379.97,0.0478,9671.0
4974.0,david74,Twitter,308784.0,4.0,,608.81,0.0402,34606.0
4975.0,gpayne,Facebook,288470.0,3.0,,719.56,0.0392,39782.0
4976.0,ojenkins,TikTok,805719.0,7.0,0.0856,894.7,0.0398,3306.0
4977.0,ujones,Facebook,170376.0,,0.0856,731.75,0.0163,47467.0
4978.0,sarah70,Twitter,25351.0,7.0,0.102,82.89,0.0394,25038.0
,corymann,LinkedIn,940333.0,6.0,,182.75,0.0317,48769.0
4980.0,skinnerjacob,TikTok,904880.0,3.0,0.0986,189.36,0.0108,26244.0
4981.0,nathaniel06,,27398.0,1.0,0.0642,356.29,0.0499,9263.0
4982.0,meghan87,TikTok,516247.0,1.0,0.0834,916.32,0.0353,49188.0
,mcculloughedward,Instagram,969940.0,5.0,0.0856,261.62,0.0175,19607.0
4984.0,deandawn,Twitter,857140.0,6.0,0.0834,441.13,0.0397,37359.0
4985.0,qcannon,TikTok,606948.0,7.0,0.0834,878.68,,4855.0
,destinymartinez,TikTok,717352.0,4.0,0.0986,411.63,0.0261,22676.0
4987.0,tiffany99,TikTok,367164.0,1.0,,,0.0442,
4988.0,shawn32,Twitter,57005.0,5.0,0.0856,987.3,0.0454,
4989.0,asimon,Instagram,965581.0,2.0,0.0642,375.55,,7082.0
4990.0,tjohnson,Instagram,537178.0,5.0,0.0986,,0.0436,
4991.0,eric95,Facebook,636210.0,7.0,0.0856,589.66,0.0301,
4992.0,ipark,Facebook,260323.0,1.0,0.0856,637.48,0.0191,29236.0
4993.0,schmittjason,,855137.0,2.0,0.0856,931.61,0.0381,24274.0
4994.0,iorozco,Twitter,510525.0,5.0,0.0986,76.36,0.0488,49985.0
4995.0,,Instagram,99498.0,2.0,0.0834,953.16,0.0163,28942.0
4996.0,logan51,LinkedIn,230483.0,3.0,0.0642,174.81,0.0412,42574.0
4997.0,sarahowen,TikTok,678750.0,7.0,0.0856,323.15,0.0432,
4998.0,grahamallison,Facebook,252704.0,6.0,0.0834,176.28,0.0319,49759.0
4999.0,millerrobert,LinkedIn,392438.0,6.0,0.0642,596.41,0.0309,18717.0
5000.0,debbieharris,Twitter,521930.0,4.0,0.0856,578.63,0.0262,3760.0
5001.0,elizabethwade,,747750.0,5.0,0.0986,363.0,0.0486,29553.0
,dgarza,Twitter,239216.0,5.0,0.0986,600.01,0.0314,10865.0
5003.0,toddbryan,Instagram,796641.0,7.0,0.0834,52.48,0.0318,34548.0
5004.0,lori07,,575912.0,3.0,0.0642,517.59,0.0381,7589.0
5005.0,marquezedward,Twitter,721447.0,,0.102,617.22,0.0369,38719.0
5006.0,ngray,Facebook,587190.0,,0.0834,630.47,0.0424,45865.0
,brenda00,Twitter,966445.0,5.0,0.0834,156.13,0.0236,36590.0
,edwardthomas,Twitter,749569.0,6.0,,715.96,0.0196,16837.0
5009.0,,LinkedIn,335315.0,6.0,0.0834,139.18,0.0321,48822.0
5010.0,jmcgee,Twitter,218127.0,5.0,0.0986,160.86,0.0439,19795.0
5011.0,smack,Twitter,688944.0,6.0,0.0834,308.89,0.0307,13092.0
5012.0,,TikTok,310411.0,6.0,0.0986,987.3,0.0209,4705.0
5013.0,jasonrichard,Twitter,263601.0,3.0,0.102,888.27,0.015,19901.0
5014.0,robertpalmer,Facebook,593223.0,7.0,0.102,,0.0326,5392.0
5015.0,dmanning,Instagram,602325.0,6.0,0.0642,431.19,0.0143,13944.0
5016.0,scott25,TikTok,576064.0,3.0,0.0986,678.02,0.0471,15535.0
5017.0,john77,Instagram,867607.0,6.0,0.0986,799.49,0.0259,32015.0
5018.0,lisa73,LinkedIn,509849.0,4.0,0.0642,882.09,0.0123,11018.0
5019.0,lisamorrow,Facebook,958205.0,7.0,0.0642,176.47,0.0306,47800.0
5020.0,robinsonlindsey,Twitter,724891.0,1.0,0.0834,109.81,0.0214,41096.0
5021.0,molinaisaac,Instagram,467814.0,2.0,0.0642,860.13,0.05,22885.0
5022.0,scott72,LinkedIn,492305.0,2.0,0.0986,993.2,0.0359,38748.0
5023.0,twagner,Facebook,76557.0,5.0,0.102,184.52,,6074.0
5024.0,rgarrison,LinkedIn,,7.0,0.102,902.41,0.0143,16017.0
5025.0,pamelagonzalez,Instagram,863838.0,2.0,0.0834,853.81,0.0283,17468.0
5026.0,jennifer53,LinkedIn,93533.0,5.0,0.0986,865.43,0.0472,7044.0
5027.0,,LinkedIn,537396.0,4.0,0.0856,791.91,0.0174,46308.0
5028.0,aprilwilliams,TikTok,922582.0,4.0,0.0856,810.62,0.024,30144.0
5029.0,michael22,LinkedIn,624064.0,3.0,0.0642,266.98,0.0223,19990.0
5030.0,,LinkedIn,189055.0,3.0,0.0856,770.73,0.0198,5055.0
5031.0,andrew24,Instagram,330681.0,5.0,0.0856,695.81,0.0493,41663.0
5032.0,lance30,Instagram,624785.0,1.0,0.102,955.85,0.0353,35795.0
5033.0,gclark,TikTok,778058.0,6.0,0.0856,269.91,0.0453,6926.0
5034.0,robertharrington,TikTok,393866.0,5.0,0.102,602.23,0.0394,36699.0
5035.0,nvincent,LinkedIn,604149.0,5.0,0.0834,742.16,0.0118,24674.0
5036.0,laurendurham,TikTok,790049.0,7.0,0.102,261.62,0.0358,5996.0
5037.0,hlong,Facebook,512997.0,1.0,0.102,584.37,0.0475,47555.0
5038.0,johnsonjeffrey,Facebook,981616.0,4.0,0.0642,,0.0186,37468.0
5039.0,johnmartinez,LinkedIn,,5.0,0.0986,640.55,0.0244,41578.0
5040.0,aryan,TikTok,472375.0,,0.0834,827.47,0.0142,13573.0
5041.0,wstevens,TikTok,633977.0,4.0,0.102,836.59,0.0128,30426.0
5042.0,ruizguy,,954564.0,3.0,0.0642,555.43,,11192.0
5043.0,stephaniehouse,,313465.0,4.0,0.0986,270.31,0.012,31741.0
5044.0,,TikTok,42505.0,5.0,0.102,756.25,0.0315,32126.0
5045.0,jstevens,LinkedIn,786727.0,6.0,0.0642,672.02,0.0274,41300.0
5046.0,tiffanycaldwell,TikTok,123418.0,5.0,0.0986,864.15,0.0421,
5047.0,jason52,TikTok,818894.0,5.0,0.0986,846.82,0.0126,24315.0
5048.0,williamrodriguez,Twitter,664694.0,6.0,0.0856,75.54,0.0316,30224.0
5049.0,lisaallen,Twitter,456965.0,4.0,0.0986,274.15,0.0471,38472.0
5050.0,mikaylataylor,LinkedIn,367058.0,6.0,0.102,612.01,0.0172,42075.0
5051.0,juliepayne,Facebook,779950.0,6.0,0.0642,245.74,0.0319,2251.0
5052.0,victoria05,Twitter,588784.0,2.0,0.0642,867.62,0.0262,4316.0
5053.0,hawkinskelly,TikTok,945171.0,2.0,0.102,262.51,0.0328,12636.0
5054.0,thomaschristian,,408491.0,6.0,0.0834,491.43,0.0418,37141.0
5055.0,juliepayne,LinkedIn,657134.0,4.0,0.0642,626.67,0.0262,41614.0
5056.0,bhamilton,TikTok,,4.0,0.102,767.4,0.0342,17815.0
5057.0,angelsmith,Twitter,217377.0,5.0,0.102,150.36,0.0392,1604.0
,hernandezvanessa,TikTok,780398.0,1.0,0.102,797.64,0.0424,48340.0
5059.0,shannon54,Instagram,841099.0,5.0,0.0986,618.92,,8010.0
5060.0,valentinetammy,Twitter,37214.0,3.0,0.0834,671.12,0.0353,47544.0
5061.0,muellerolivia,Facebook,,5.0,0.0856,390.34,0.04,44898.0
,rhicks,LinkedIn,402366.0,5.0,0.0856,373.18,0.0239,19876.0
5063.0,ggonzalez,Instagram,,5.0,0.0856,488.49,0.0124,15064.0
5064.0,rachel74,Facebook,,1.0,0.0986,,0.0222,47115.0
5065.0,muellerolivia,LinkedIn,356417.0,1.0,0.0642,,0.0103,9571.0
5066.0,jbrown,Instagram,934773.0,5.0,0.0986,184.93,0.0338,10455.0
5067.0,adunn,,,,0.102,,0.042,39725.0
5068.0,mcurtis,Instagram,488196.0,2.0,0.0856,298.05,0.0261,40318.0
5069.0,donaldthompson,TikTok,452037.0,2.0,0.102,270.91,0.0131,25064.0
5070.0,chenjoseph,Facebook,956151.0,5.0,0.102,868.53,0.0272,39390.0
5071.0,qhood,LinkedIn,903093.0,7.0,0.0642,879.58,0.0196,12773.0
5072.0,ojenkins,Instagram,970113.0,6.0,0.0834,,0.0234,23957.0
5073.0,uclark,Instagram,17161.0,2.0,0.0856,948.58,0.0165,44252.0
5074.0,uzhang,Instagram,,6.0,0.0642,569.7,0.0451,7760.0
5075.0,,Instagram,884754.0,1.0,0.0642,,0.0204,39921.0
5076.0,destinymartinez,Instagram,954363.0,2.0,0.0642,350.68,0.0205,18430.0
5077.0,rachelgutierrez,TikTok,857586.0,6.0,0.0856,466.51,0.0428,29956.0
5078.0,wmercado,Facebook,636399.0,4.0,0.0834,825.22,,24114.0
5079.0,elizabethcombs,Twitter,141056.0,4.0,0.102,98.2,0.025,49604.0
5080.0,xfreeman,LinkedIn,903925.0,1.0,0.0986,582.66,0.046,32399.0
5081.0,tshaw,Twitter,85819.0,4.0,0.0834,798.55,0.0192,33366.0
5082.0,tmarquez,Twitter,815004.0,6.0,0.102,208.78,0.0454,
5083.0,donaldthompson,LinkedIn,250174.0,2.0,0.0834,334.87,0.0175,
5084.0,alvarezdanielle,Twitter,88998.0,6.0,0.0642,429.58,0.0387,18397.0
5085.0,lauragarcia,Instagram,852851.0,6.0,,966.84,0.0287,
5086.0,olopez,Twitter,,1.0,0.0986,667.05,0.0402,5551.0
5087.0,olopez,Twitter,9844.0,5.0,0.102,555.7,0.044,40465.0
5088.0,molly66,Twitter,311653.0,5.0,,267.79,0.0304,12592.0
5089.0,qhood,,291628.0,4.0,0.0986,225.29,0.0272,15910.0
5090.0,wwatson,Instagram,628383.0,1.0,0.102,810.62,,
5091.0,kbass,Facebook,134708.0,7.0,0.0856,174.81,0.0148,41060.0
5092.0,michael16,TikTok,153451.0,7.0,0.102,372.21,0.0118,22928.0
5093.0,tinajones,TikTok,8303.0,1.0,0.0834,713.93,0.0318,25180.0
5094.0,calhounrenee,TikTok,969612.0,4.0,0.0642,643.57,0.0466,6605.0
5095.0,karenbarron,,325688.0,5.0,0.0834,842.79,0.049,43646.0
5096.0,,Facebook,775364.0,6.0,0.102,987.0,0.0354,27104.0
5097.0,kaitlyn63,Facebook,820774.0,1.0,0.0834,,0.013,23362.0
5098.0,christophermartinez,,308231.0,5.0,0.0856,920.89,0.0314,41868.0
5099.0,friley,LinkedIn,138008.0,,0.0986,890.31,0.0202,24437.0
5100.0,romerojorge,LinkedIn,791821.0,1.0,0.0856,387.68,0.0413,6189.0
5101.0,stephen98,LinkedIn,515902.0,2.0,0.0642,617.25,0.0439,23427.0
5102.0,sullivanalexis,Instagram,645938.0,4.0,0.0856,377.8,0.0418,27911.0
5103.0,susanbrown,Facebook,976946.0,7.0,0.0642,616.12,0.0363,7298.0
5104.0,fsanchez,Instagram,562864.0,1.0,0.0834,584.81,0.0405,48695.0
5105.0,garciasarah,Instagram,773157.0,5.0,,422.75,0.0172,11650.0
5106.0,jonesjerry,Twitter,,3.0,0.102,693.78,0.0143,2857.0
5107.0,bbarber,Instagram,770516.0,7.0,0.0642,993.19,0.0205,13782.0
5108.0,kathleenmason,TikTok,258761.0,2.0,0.0642,730.24,0.049,32633.0
5109.0,alexandra71,Facebook,935805.0,5.0,0.102,74.72,0.0219,12984.0
5110.0,dennismichael,Twitter,453656.0,1.0,0.0856,233.99,0.0227,28866.0
5111.0,,LinkedIn,946038.0,1.0,0.0834,864.3,0.0133,22860.0
5112.0,stephanie37,Instagram,463880.0,5.0,0.102,956.1,0.0238,17650.0
5113.0,nicholas61,TikTok,792391.0,1.0,,270.91,0.0364,30119.0
5114.0,tyler31,LinkedIn,81202.0,1.0,0.102,175.95,0.0143,8137.0
5115.0,ricardo38,Facebook,542388.0,5.0,0.0642,244.23,0.041,49791.0
5116.0,gmcintosh,LinkedIn,,3.0,0.0856,753.13,0.0474,30904.0
5117.0,wstevens,Facebook,957031.0,2.0,0.0856,276.5,0.0418,18440.0
5118.0,aramos,Instagram,774885.0,4.0,0.102,257.67,0.0273,23736.0
5119.0,cynthia25,Instagram,581979.0,4.0,0.0856,533.08,0.0105,3479.0
5120.0,jordanmartin,Facebook,761219.0,4.0,0.0986,695.52,0.0143,5243.0
5121.0,crystalsharp,LinkedIn,660642.0,6.0,0.0856,474.87,0.0213,8491.0
5122.0,jeffreysalazar,Twitter,,5.0,0.0642,94.05,0.0273,38975.0
5123.0,matthewtaylor,LinkedIn,806311.0,7.0,0.0986,262.66,0.0444,10930.0
5124.0,bakerchristina,LinkedIn,7499.0,4.0,0.0834,400.82,0.0201,47214.0
5125.0,,Twitter,313348.0,7.0,0.0986,897.3,0.0259,20076.0
5126.0,qhood,Instagram,266009.0,5.0,0.0834,869.72,0.0393,44724.0
5127.0,yangpamela,Facebook,116146.0,6.0,0.102,778.33,0.0352,15892.0
5128.0,fshaw,TikTok,785466.0,6.0,0.0856,234.79,,
5129.0,valdezjessica,Facebook,525432.0,3.0,0.102,133.68,0.0276,37822.0
5130.0,jacksonsuzanne,LinkedIn,246017.0,6.0,0.0986,789.39,0.028,30303.0
5131.0,williamskyle,LinkedIn,574575.0,2.0,0.0642,422.04,0.0335,46727.0
5132.0,elizabethwade,Twitter,633045.0,5.0,0.0856,421.56,0.0193,
,ysmith,Instagram,314870.0,2.0,0.0986,644.12,0.025,48551.0
5134.0,hbrooks,Facebook,354615.0,4.0,0.0986,505.51,0.0398,33000.0
5135.0,crosslaura,Twitter,818173.0,5.0,0.102,987.0,0.0415,37946.0
5136.0,canderson,Facebook,948840.0,3.0,0.0856,511.43,0.0334,12925.0
5137.0,ewilliams,Twitter,107467.0,,0.0856,,0.0296,31711.0
5138.0,bpham,TikTok,434876.0,6.0,0.102,626.67,0.0102,5247.0
5139.0,elizabeth86,LinkedIn,764496.0,4.0,0.0834,808.23,0.0191,10033.0
5140.0,charles14,LinkedIn,633262.0,3.0,0.0986,160.84,0.0372,41040.0
5141.0,stephen63,LinkedIn,526348.0,5.0,0.102,310.36,0.044,24956.0
5142.0,canderson,Instagram,581246.0,5.0,0.102,827.63,0.0391,14982.0
5143.0,megan53,Twitter,391653.0,6.0,0.0834,820.13,0.0118,40645.0
5144.0,,Instagram,348534.0,3.0,0.0986,787.99,0.0214,11019.0
5145.0,andrewgregory,Instagram,,4.0,0.0856,429.01,,40223.0
5146.0,johnhawkins,Facebook,120907.0,6.0,0.0856,474.46,0.038,30239.0
5147.0,cooklinda,Instagram,425401.0,7.0,0.0834,956.1,0.0431,28388.0
5148.0,justinpatel,Facebook,346144.0,5.0,0.0834,252.39,0.0269,2826.0
5149.0,,Twitter,18032.0,6.0,0.0834,859.17,0.0422,16920.0
5150.0,elizabethwade,Instagram,,2.0,0.0986,,0.042,14715.0
5151.0,steven51,LinkedIn,739946.0,1.0,0.0856,995.14,0.0174,22244.0
5152.0,eedwards,Facebook,777893.0,3.0,0.0642,948.58,0.0279,47466.0
5153.0,nbutler,LinkedIn,58617.0,6.0,0.0986,94.05,0.0478,17076.0
,,LinkedIn,546611.0,2.0,0.0642,584.95,0.0109,38373.0
5155.0,elizabethwilson,LinkedIn,624624.0,2.0,0.0856,268.92,0.0372,28137.0
5156.0,nblake,Facebook,331728.0,4.0,0.0834,376.23,0.0133,33932.0
5157.0,erika95,Twitter,594951.0,7.0,0.0834,105.12,0.0275,47179.0
5158.0,jbonilla,,925726.0,2.0,0.0856,630.97,0.0241,26228.0
5159.0,morrisonheidi,LinkedIn,441288.0,4.0,0.0642,612.83,0.041,25982.0
5160.0,smithkristin,LinkedIn,388527.0,2.0,0.0834,350.68,0.0406,13058.0
5161.0,marycrawford,Twitter,740027.0,3.0,0.0642,965.86,,29593.0
5162.0,jonathanjones,TikTok,361780.0,1.0,0.102,969.81,0.0201,11123.0
5163.0,sarahyang,Facebook,50566.0,1.0,0.0834,356.29,0.0266,49766.0
5164.0,rebekah51,LinkedIn,784810.0,3.0,0.0834,221.5,0.0221,34338.0
5165.0,patrick36,Instagram,305928.0,5.0,0.0834,493.46,0.0444,34394.0
5166.0,alyssa15,,575877.0,4.0,0.0986,645.84,0.0175,
5167.0,leemorales,Instagram,585758.0,1.0,0.0642,869.5,0.0329,20746.0
5168.0,stephanie37,,531557.0,5.0,0.0856,119.48,0.0344,37869.0
5169.0,larryperez,Instagram,770638.0,5.0,0.0642,511.76,0.0281,12684.0
5170.0,hevans,,50557.0,7.0,0.0856,209.6,0.0175,33646.0
5171.0,thomasherman,TikTok,889922.0,2.0,0.102,942.87,0.0339,19517.0
5172.0,ihernandez,Twitter,842682.0,5.0,,408.67,0.0332,16996.0
5173.0,jmcgee,Instagram,344802.0,5.0,0.0642,433.83,,30742.0
5174.0,stephanievasquez,LinkedIn,987138.0,6.0,0.0642,104.69,0.0106,25186.0
5175.0,matthew40,LinkedIn,926622.0,1.0,0.0856,907.34,0.0424,1398.0
5176.0,tylerwilliams,Instagram,723738.0,3.0,0.0642,237.74,0.0231,37024.0
5177.0,whunt,Twitter,,3.0,0.0642,851.98,,2030.0
5178.0,diazmisty,Instagram,496547.0,3.0,0.0856,951.11,0.021,7323.0
5179.0,clementsdevin,LinkedIn,767959.0,4.0,0.0834,241.52,0.0111,17735.0
5180.0,gpayne,Instagram,487667.0,2.0,0.0986,728.88,0.0304,39698.0
5181.0,christophermartinez,TikTok,753750.0,5.0,0.0986,254.87,0.0439,31763.0
5182.0,xberg,TikTok,275553.0,2.0,0.0642,872.77,0.0328,5001.0
5183.0,pittmanfrank,LinkedIn,133593.0,2.0,0.102,152.61,0.0415,
5184.0,ewilliams,TikTok,312440.0,4.0,0.0642,152.25,0.0161,45021.0
5185.0,sarahyang,Facebook,425255.0,,0.0856,62.71,0.0371,31912.0
5186.0,carpenterthomas,TikTok,399350.0,7.0,0.0856,211.96,0.0158,14660.0
5187.0,johnsongregory,TikTok,719819.0,1.0,0.0986,589.66,0.0405,
5188.0,michaelflores,Facebook,481359.0,1.0,,142.77,0.0237,12060.0
5189.0,uluna,TikTok,976545.0,2.0,0.0856,915.05,0.0107,36922.0
5190.0,hamiltonjessica,TikTok,806663.0,6.0,0.0856,449.39,,46619.0
5191.0,fmolina,LinkedIn,718947.0,7.0,0.0834,215.04,0.047,10785.0
5192.0,,Facebook,569013.0,3.0,0.0834,466.94,0.0375,39231.0
5193.0,paulprice,Facebook,348627.0,4.0,0.0834,899.1,0.0311,10667.0
5194.0,garciaaudrey,Twitter,364611.0,7.0,0.0834,798.27,0.0217,34408.0
5195.0,zwilliams,,912924.0,6.0,0.0986,278.81,0.0209,28835.0
5196.0,john06,Instagram,535211.0,4.0,0.0834,681.66,0.0334,9631.0
5197.0,bberry,TikTok,649190.0,3.0,0.0856,516.5,0.0222,26823.0
5198.0,elizabethcombs,Instagram,496531.0,5.0,0.0986,136.15,0.0278,32571.0
5199.0,mark69,TikTok,593330.0,2.0,0.0856,712.81,0.0312,40629.0
5200.0,smcguire,TikTok,54792.0,1.0,0.0856,985.46,0.02,34237.0
5201.0,,LinkedIn,185224.0,3.0,0.0856,537.42,0.0496,5487.0
5202.0,wrightaudrey,LinkedIn,951465.0,7.0,0.0986,402.13,0.0204,38838.0
5203.0,hobrien,TikTok,315516.0,3.0,0.0642,651.68,0.0335,44431.0
5204.0,nhoffman,LinkedIn,563199.0,4.0,,,0.0191,29096.0
5205.0,,LinkedIn,503584.0,2.0,0.0856,433.83,0.0166,21261.0
5206.0,ejones,TikTok,478384.0,5.0,0.0834,817.67,0.0315,13594.0
5207.0,,Twitter,571297.0,4.0,0.102,710.67,,18057.0
5208.0,ftrevino,,926637.0,7.0,0.0986,924.61,0.0332,40258.0
5209.0,ntaylor,Instagram,382448.0,5.0,0.0986,82.89,0.0417,34446.0
5210.0,smack,LinkedIn,727392.0,7.0,0.0642,291.47,0.0105,7847.0
5211.0,qramos,Twitter,522961.0,,0.0834,826.28,0.0284,7487.0
5212.0,tshaw,Facebook,591475.0,4.0,0.0834,573.41,0.04,29814.0
5213.0,joshua92,Facebook,771491.0,3.0,0.102,187.74,0.045,21492.0
5214.0,,,208462.0,7.0,0.0856,899.1,0.0385,45858.0
5215.0,garciaaudrey,Facebook,161266.0,5.0,0.0834,400.82,0.0186,40867.0
5216.0,,LinkedIn,607566.0,4.0,,497.17,0.0108,
5217.0,ejones,Instagram,196273.0,3.0,,142.77,0.0444,6627.0
5218.0,angelsmith,Twitter,910240.0,2.0,0.0986,372.21,0.032,35164.0
5219.0,david22,Instagram,244851.0,2.0,0.0642,68.89,0.0181,15607.0
5220.0,jenniferwaller,Twitter,219523.0,,0.0834,831.69,0.0313,4471.0
5221.0,stephanie02,Instagram,961233.0,3.0,0.0856,53.32,,42571.0
5222.0,andrew37,Twitter,320982.0,3.0,0.102,824.16,0.0267,47822.0
5223.0,schmittjason,,802089.0,1.0,0.0834,789.0,,29092.0
5224.0,robert31,TikTok,112510.0,4.0,0.0856,222.46,0.0439,11853.0
5225.0,omorgan,LinkedIn,621270.0,6.0,0.0856,836.59,0.0427,14912.0
5226.0,salazargarrett,TikTok,829332.0,3.0,0.102,826.28,0.0261,20495.0
5227.0,cooksteven,Facebook,649426.0,7.0,0.0856,572.98,0.0189,
5228.0,ejones,Instagram,154992.0,1.0,0.0834,,0.031,21054.0
5229.0,jeff87,Instagram,433612.0,4.0,0.0986,454.63,0.0381,1869.0
5230.0,tammy29,Instagram,,5.0,0.0856,648.02,0.0466,3703.0
5231.0,lauragarcia,Twitter,336665.0,1.0,0.0856,831.16,0.0417,10415.0
5232.0,,TikTok,776224.0,7.0,0.0856,952.79,0.0299,27587.0
5233.0,nponce,TikTok,510295.0,7.0,0.0856,651.68,0.0195,16452.0
5234.0,evanscarrie,LinkedIn,644224.0,5.0,0.102,899.04,0.0412,19721.0
5235.0,ericajohns,Twitter,814550.0,4.0,0.0642,387.96,0.0448,18701.0
5236.0,hellis,TikTok,694729.0,7.0,0.102,969.81,0.0439,41755.0
5237.0,morrisonheidi,Twitter,551045.0,2.0,0.0986,602.6,0.024,3001.0
5238.0,michael65,,849211.0,3.0,0.102,602.27,0.0107,1192.0
5239.0,eric98,Facebook,313971.0,6.0,0.0642,176.0,0.0488,44015.0
5240.0,patty20,Twitter,865783.0,1.0,0.102,,0.0119,
5241.0,ghall,Instagram,254853.0,6.0,0.0856,898.66,0.0192,23326.0
5242.0,kimberly19,Instagram,36059.0,6.0,0.0986,331.37,0.0466,40618.0
5243.0,qramos,Instagram,148779.0,6.0,0.0834,,0.0214,9049.0
5244.0,sarah18,LinkedIn,8792.0,1.0,0.0834,969.88,0.0201,24454.0
5245.0,mnolan,LinkedIn,454069.0,7.0,0.102,682.99,0.0326,6412.0
5246.0,ojenkins,,,1.0,0.0856,853.81,0.035,2068.0
5247.0,qfisher,Facebook,909483.0,3.0,,741.69,0.012,4309.0
5248.0,toneill,LinkedIn,,3.0,0.102,184.52,0.0426,2610.0
5249.0,asimon,,995889.0,2.0,0.102,411.63,0.0237,36048.0
5250.0,juliepayne,Twitter,122158.0,4.0,0.102,826.28,0.0337,47418.0
5251.0,iorozco,TikTok,87606.0,4.0,0.102,899.04,0.0242,18882.0
5252.0,sriley,LinkedIn,816670.0,,0.0642,408.93,0.03,13541.0
5253.0,kimberly47,TikTok,505975.0,2.0,0.0642,817.09,0.0281,31749.0
5254.0,,Twitter,552224.0,6.0,0.0642,53.62,,29906.0
5255.0,corydavis,TikTok,758165.0,1.0,0.0642,903.94,0.0274,37061.0
5256.0,michael40,TikTok,837127.0,1.0,0.0834,478.69,0.0213,14418.0
5257.0,ipreston,TikTok,998247.0,4.0,0.0834,238.74,0.015,30636.0
5258.0,sierrajohnson,Instagram,657248.0,6.0,0.0834,557.76,0.021,47955.0
5259.0,johnwilson,Instagram,149648.0,5.0,0.0834,808.23,0.0262,1936.0
5260.0,rgarrison,Instagram,239182.0,4.0,0.102,789.28,0.0421,17934.0
5261.0,markguzman,Twitter,171613.0,6.0,0.0986,847.14,0.0483,2834.0
5262.0,tracy84,Instagram,831446.0,2.0,0.0642,126.13,0.0423,8986.0
5263.0,cooperpaul,Instagram,,1.0,,496.08,0.0379,35922.0
5264.0,christianmiller,Twitter,619932.0,3.0,0.0642,344.14,0.0234,29435.0
5265.0,qperkins,Twitter,599450.0,6.0,,903.94,0.0345,45840.0
5266.0,petersonjerry,Instagram,61424.0,5.0,0.0834,467.01,0.0202,24887.0
5267.0,qhood,LinkedIn,946012.0,5.0,0.0986,718.41,0.0191,29555.0
,jamescohen,TikTok,253666.0,1.0,0.0986,712.81,0.0152,47468.0
5269.0,awilkins,Facebook,112690.0,6.0,0.0834,497.29,0.038,46070.0
5270.0,laura55,Instagram,847287.0,6.0,0.0642,970.21,0.0187,28301.0
5271.0,amyperez,TikTok,338026.0,4.0,0.0986,485.02,0.0402,20391.0
,williamcoffey,Instagram,876665.0,6.0,0.102,694.21,,15455.0
5273.0,qramos,Facebook,410084.0,7.0,0.0834,902.41,0.0166,49757.0
5274.0,lisa32,Instagram,671006.0,7.0,0.0986,119.48,0.0178,39682.0
,victorsmith,,909746.0,5.0,0.102,340.68,0.0329,45201.0
5276.0,davistammy,LinkedIn,182495.0,5.0,0.102,263.63,0.034,29358.0
5277.0,bradleyfox,Instagram,601696.0,5.0,0.102,738.77,0.0496,
5278.0,timothyrandall,Twitter,79588.0,6.0,0.0834,142.09,0.0174,23182.0
5279.0,plindsey,Instagram,590489.0,5.0,0.0642,264.98,0.0102,42796.0
5280.0,keycarol,Facebook,636837.0,2.0,,763.11,0.0167,24855.0
5281.0,jeffersonmason,Instagram,442987.0,,0.0856,176.28,0.0325,28162.0
5282.0,stephen98,Twitter,530968.0,1.0,0.102,423.83,0.0418,26176.0
5283.0,jennifer98,LinkedIn,373268.0,7.0,0.0986,,0.0353,28219.0
5284.0,matthewcampos,Instagram,867201.0,3.0,,521.24,0.0193,16337.0
5285.0,,Instagram,327715.0,4.0,0.0642,196.71,0.0465,31982.0
5286.0,thomassherri,Instagram,662909.0,6.0,0.102,816.11,0.0442,46903.0
5287.0,andrewgregory,Instagram,878998.0,3.0,,510.63,0.0496,
5288.0,larryperez,TikTok,572058.0,5.0,,507.13,0.0379,41956.0
5289.0,crystalsharp,TikTok,622400.0,2.0,0.0856,878.37,,44557.0
5290.0,ipark,Twitter,190631.0,3.0,0.0986,753.84,0.0213,36053.0
5291.0,gene05,LinkedIn,274299.0,6.0,0.0986,822.81,0.0249,38025.0
5292.0,,Twitter,406188.0,7.0,0.102,371.62,0.0424,17868.0
5293.0,mjones,LinkedIn,773836.0,3.0,0.0856,358.78,0.0315,25587.0
5294.0,elizabethcombs,Instagram,890080.0,6.0,0.0642,64.51,0.0244,37137.0
5295.0,kjohns,LinkedIn,709969.0,4.0,0.0986,690.0,0.0313,4757.0
5296.0,lisa32,LinkedIn,805733.0,2.0,0.0986,150.36,0.0326,5271.0
,ysmith,Facebook,52895.0,4.0,0.0642,439.08,0.013,9933.0
5298.0,,LinkedIn,288197.0,2.0,0.0856,516.81,0.0145,43126.0
,erinowens,Instagram,503725.0,,0.0986,428.86,0.0272,30185.0
5300.0,stephen98,Facebook,,,,864.3,0.0138,35651.0
5301.0,ahayes,TikTok,55496.0,3.0,0.102,500.73,0.0234,49592.0
5302.0,vdavila,LinkedIn,127552.0,4.0,0.0856,948.68,0.0131,44407.0
5303.0,timothynavarro,TikTok,851964.0,1.0,0.0986,511.43,0.0208,34801.0
5304.0,fmolina,TikTok,794091.0,6.0,0.0642,970.21,,37922.0
5305.0,uclark,Facebook,538104.0,5.0,0.0834,952.28,0.0294,16768.0
5306.0,benjamin31,LinkedIn,107732.0,5.0,0.0856,433.83,0.0191,16887.0
5307.0,sierrajohnson,Facebook,418695.0,5.0,0.0834,124.3,0.0327,40896.0
5308.0,xgarcia,Facebook,401318.0,1.0,0.0642,100.35,0.0145,45434.0
,nolancorey,TikTok,775180.0,7.0,0.0856,698.14,0.0406,33398.0
5310.0,joe98,Facebook,653006.0,2.0,0.0986,496.72,0.0231,18923.0
5311.0,mckenzieadam,TikTok,438956.0,3.0,0.0986,85.1,0.0228,32019.0
5312.0,xshort,LinkedIn,682979.0,4.0,0.0986,177.41,0.0477,7789.0
5313.0,toddkenneth,TikTok,,2.0,0.0834,537.42,0.0353,13709.0
5314.0,,TikTok,630415.0,5.0,,138.75,0.0418,37328.0
5315.0,cruzantonio,LinkedIn,,1.0,0.102,390.34,0.0212,13666.0
5316.0,lrusso,LinkedIn,475293.0,5.0,0.0834,553.49,0.0164,14428.0
5317.0,,TikTok,850913.0,1.0,0.102,777.68,0.0299,40925.0
5318.0,petersonkristie,Twitter,902473.0,7.0,0.102,565.07,,47576.0
5319.0,medinanatalie,Instagram,453542.0,3.0,0.0856,494.5,0.0415,10866.0
5320.0,larry14,Instagram,973800.0,1.0,0.0834,432.08,0.0166,21591.0
5321.0,simpsonsarah,Facebook,493431.0,4.0,0.0986,130.29,0.0125,10195.0
5322.0,emily58,LinkedIn,4899.0,7.0,0.0856,555.7,0.0427,43059.0
5323.0,jessica46,TikTok,350369.0,1.0,0.0986,600.46,0.0108,48488.0
5324.0,smithsusan,TikTok,454104.0,6.0,0.0986,397.29,0.0237,
5325.0,alisonrobertson,Twitter,672735.0,6.0,0.0986,408.93,0.0385,34375.0
5326.0,jeremiah03,Facebook,188032.0,3.0,0.0642,614.04,0.0306,49171.0
5327.0,emily36,Instagram,50064.0,4.0,0.102,985.34,0.0127,9332.0
5328.0,tjohnson,Twitter,819658.0,4.0,0.0834,,,14096.0
5329.0,woodjodi,TikTok,883920.0,,0.0834,482.45,0.0171,38331.0
5330.0,ejones,,813659.0,3.0,0.0834,800.44,0.0102,37278.0
5331.0,bbarber,LinkedIn,571827.0,7.0,0.0856,450.62,0.0327,6284.0
5332.0,morrisonheidi,Twitter,962244.0,4.0,0.0986,765.21,0.0118,
5333.0,edward01,Twitter,67063.0,2.0,0.0834,952.79,0.0107,25771.0
5334.0,qthomas,Twitter,224823.0,1.0,0.102,551.25,0.0341,3109.0
5335.0,vmorales,LinkedIn,302780.0,6.0,0.0834,330.78,0.0465,7428.0
5336.0,herbertallen,LinkedIn,710920.0,1.0,0.102,868.53,0.0376,46976.0
5337.0,evanscarrie,Facebook,552598.0,1.0,0.0642,247.27,0.0385,14757.0
5338.0,jonathan39,LinkedIn,,2.0,0.0834,852.45,0.0313,12117.0
5339.0,richardmiller,LinkedIn,24897.0,4.0,0.0834,599.73,0.0175,6421.0
5340.0,graymelinda,Instagram,522737.0,5.0,0.0834,100.31,0.0232,48016.0
5341.0,timothyrandall,Instagram,324611.0,7.0,0.0986,514.6,0.0135,16176.0
5342.0,jeremy87,LinkedIn,872946.0,2.0,0.0834,604.48,0.0337,12568.0
5343.0,,TikTok,20753.0,3.0,0.0986,975.52,0.0484,19886.0
5344.0,johnhawkins,LinkedIn,400663.0,1.0,0.0834,846.43,,2002.0
5345.0,katherinechristian,Twitter,616083.0,1.0,0.0642,98.99,,34360.0
5346.0,xlindsey,Instagram,775510.0,3.0,0.0856,,0.0375,40181.0
5347.0,yweaver,TikTok,593496.0,6.0,0.102,497.17,0.0417,19133.0
5348.0,mnolan,Facebook,278563.0,6.0,0.0642,960.27,0.0148,27232.0
5349.0,teresa99,Facebook,250727.0,3.0,0.0986,608.81,0.0318,23810.0
5350.0,andersonnina,Instagram,189211.0,5.0,0.0986,997.04,0.013,41791.0
5351.0,emily36,TikTok,356561.0,4.0,0.102,563.74,0.0328,49895.0
5352.0,parsonsashley,Instagram,449725.0,4.0,0.0856,578.37,0.0278,33218.0
5353.0,melissacordova,Twitter,,6.0,0.0834,216.91,0.0432,45272.0
,nathandouglas,TikTok,557614.0,5.0,0.0642,429.01,0.0174,29657.0
5355.0,marycrawford,TikTok,703954.0,2.0,0.0642,398.1,0.0227,39920.0
5356.0,harrislisa,LinkedIn,284775.0,4.0,0.0986,766.12,0.0275,48159.0
5357.0,walterkennedy,,502045.0,7.0,0.102,481.13,0.0324,3761.0
5358.0,garrettelizabeth,TikTok,788134.0,,0.0834,849.11,0.013,2986.0
5359.0,robinsonmark,Instagram,657933.0,3.0,0.0834,643.57,0.0337,21064.0
5360.0,michaeldavis,LinkedIn,469274.0,1.0,0.0856,139.9,0.0267,7473.0
5361.0,fullerchristine,TikTok,403290.0,1.0,0.0986,406.54,0.0309,31941.0
5362.0,nicolereyes,Twitter,279864.0,5.0,0.0642,695.81,0.0137,24413.0
5363.0,michaelflores,Facebook,580251.0,1.0,0.0856,879.58,0.0297,17090.0
5364.0,mullinsalicia,LinkedIn,297588.0,3.0,0.0986,139.18,0.0266,43331.0
5365.0,kathrynsingh,Twitter,2173.0,3.0,0.0642,383.19,0.0186,7236.0
5366.0,johnsongregory,LinkedIn,753256.0,1.0,0.0856,800.44,0.0473,32211.0
5367.0,johnsonjeffrey,TikTok,182550.0,5.0,0.102,561.63,0.0266,1314.0
5368.0,cunninghamkevin,Instagram,254189.0,4.0,0.102,126.13,0.0255,39839.0
5369.0,zobrien,Instagram,487369.0,,0.0856,169.32,0.0476,17127.0
5370.0,mackeric,Instagram,929271.0,7.0,0.0986,693.78,0.0115,33432.0
5371.0,alexis09,Facebook,424166.0,4.0,0.0642,146.95,0.0306,44347.0
5372.0,tiffanyferrell,Facebook,929978.0,4.0,0.102,435.65,0.0189,34818.0
5373.0,deannathompson,Facebook,535901.0,3.0,0.0856,633.93,0.0379,25174.0
5374.0,uflowers,LinkedIn,451698.0,,0.0834,352.12,0.0191,37952.0
,nicholasmontgomery,LinkedIn,519209.0,6.0,0.0986,789.0,0.0239,37588.0
5376.0,kwright,TikTok,736730.0,7.0,0.0986,452.19,0.0278,4129.0
5377.0,kellie00,Twitter,831522.0,7.0,0.0986,202.23,0.013,46363.0
5378.0,keith55,Twitter,121217.0,2.0,0.0642,160.86,0.0354,38523.0
5379.0,skinnerjacob,Twitter,279803.0,5.0,0.0856,617.49,0.0133,1729.0
,zhobbs,Instagram,105459.0,3.0,0.0834,377.8,0.0119,10672.0
5381.0,pierceaaron,Twitter,814344.0,6.0,0.0642,710.34,0.0466,23477.0
5382.0,williamsongarrett,Facebook,337093.0,,0.102,356.3,0.012,46202.0
5383.0,baileykerry,TikTok,366161.0,4.0,0.0642,893.56,0.0493,48440.0
5384.0,dgarza,TikTok,140317.0,3.0,0.0834,431.53,0.0245,27530.0
5385.0,tprice,Instagram,343379.0,,0.0986,842.79,0.0314,18600.0
5386.0,coxricardo,Facebook,898819.0,5.0,0.0986,77.54,0.0442,33863.0
5387.0,lisa14,LinkedIn,566942.0,6.0,0.0986,474.87,0.0176,6876.0
5388.0,jonesangela,LinkedIn,55492.0,4.0,0.0834,625.62,0.0175,21074.0
5389.0,leemorales,,7413.0,7.0,0.0986,221.45,0.0239,30040.0
5390.0,roger15,Twitter,840489.0,6.0,0.0856,730.24,0.027,17131.0
5391.0,yvettepotts,Instagram,421804.0,6.0,0.0834,413.32,0.0274,
5392.0,,TikTok,461312.0,3.0,0.0642,867.62,0.0227,32658.0
5393.0,sbyrd,TikTok,145307.0,5.0,0.0986,263.63,0.0196,11004.0
5394.0,allison03,Facebook,296394.0,5.0,0.0834,884.1,0.0109,4879.0
5395.0,ryan99,,887204.0,,0.0856,961.97,,3567.0
5396.0,,Twitter,659020.0,2.0,0.0856,,0.0488,8061.0
5397.0,,Facebook,600250.0,3.0,0.0986,948.68,0.0118,4356.0
5398.0,xberg,Facebook,684116.0,5.0,0.0986,557.76,0.0286,42845.0
5399.0,hardyjames,,28960.0,1.0,0.102,649.02,0.0413,49790.0
5400.0,rjohnston,Instagram,606065.0,3.0,0.0642,924.61,,27615.0
5401.0,xshort,Instagram,88795.0,3.0,0.0986,816.11,0.0283,38518.0
5402.0,jefferygarcia,Twitter,414442.0,5.0,0.0986,134.83,0.0283,23642.0
5403.0,christophermartinez,Twitter,809138.0,1.0,0.102,400.61,0.0482,28323.0
5404.0,whitedanielle,LinkedIn,210031.0,1.0,0.0834,466.94,0.0278,8860.0
5405.0,katiewolfe,Twitter,905764.0,5.0,0.0986,551.17,0.0332,46180.0
5406.0,johnsoncourtney,Facebook,516534.0,3.0,0.0834,902.41,0.0364,10832.0
5407.0,robertpalmer,Twitter,201957.0,,0.0642,748.78,0.0392,2506.0
5408.0,thammond,TikTok,249127.0,1.0,0.0856,695.81,0.0312,29232.0
5409.0,jamiejones,Instagram,348831.0,1.0,0.0642,991.96,0.0493,27865.0
5410.0,romerocalvin,LinkedIn,278414.0,6.0,0.0642,802.17,0.0153,42003.0
5411.0,brenda85,LinkedIn,46290.0,1.0,0.0856,788.29,0.0477,44340.0
5412.0,zwhite,LinkedIn,271966.0,1.0,0.0642,383.32,0.0369,18875.0
5413.0,jordanmartin,Twitter,128065.0,4.0,0.0856,270.38,0.0488,29323.0
5414.0,erodriguez,Twitter,277488.0,1.0,0.102,608.81,0.0222,
5415.0,kimberlymorales,TikTok,881356.0,3.0,0.0986,497.57,0.044,47039.0
5416.0,michaelchung,Facebook,537213.0,7.0,0.0834,878.68,0.0153,33303.0
5417.0,adam63,Instagram,570323.0,6.0,0.0856,616.12,,46219.0
5418.0,aflores,LinkedIn,335703.0,1.0,0.0834,356.3,0.0354,17116.0
5419.0,,,928877.0,3.0,0.0642,555.48,0.0242,36827.0
5420.0,melissa08,Instagram,662478.0,2.0,0.0834,719.56,0.0496,40628.0
5421.0,gpayne,TikTok,376604.0,5.0,0.102,62.71,0.0261,
5422.0,jessica26,,754449.0,1.0,0.0856,727.33,0.0329,6549.0
5423.0,nancy96,Facebook,907111.0,7.0,0.0986,496.08,0.0123,26103.0
5424.0,teresageorge,LinkedIn,447156.0,2.0,0.0986,394.17,0.0477,5145.0
5425.0,simpsonsarah,LinkedIn,422803.0,6.0,0.0834,68.93,0.0246,
5426.0,ewilliams,Instagram,949543.0,4.0,0.0856,192.99,0.0458,29913.0
5427.0,aryan,Facebook,986752.0,5.0,,745.68,0.041,49581.0
5428.0,ucooper,Facebook,616320.0,6.0,0.0834,608.81,0.0188,2558.0
5429.0,stephanielopez,Twitter,299954.0,7.0,0.0642,573.41,0.0262,26510.0
5430.0,debbieharris,Twitter,87414.0,3.0,0.102,745.68,0.0244,8905.0
5431.0,charlescisneros,LinkedIn,964403.0,3.0,0.0834,953.16,0.0373,8050.0
5432.0,chavezcourtney,TikTok,238565.0,1.0,0.0642,916.1,0.0261,
5433.0,john57,TikTok,744039.0,5.0,0.0642,154.35,0.0143,37050.0
5434.0,joe98,Twitter,213509.0,4.0,0.0642,724.29,0.0469,1602.0
,luislove,TikTok,964909.0,3.0,0.0986,595.24,0.0191,42762.0
5436.0,ntaylor,Twitter,218418.0,5.0,0.0642,919.28,0.0432,24600.0
5437.0,lancerios,Twitter,705525.0,1.0,0.0642,440.37,0.0249,
5438.0,klee,Instagram,914594.0,3.0,0.102,131.64,0.0489,45802.0
5439.0,cassandra28,LinkedIn,142764.0,5.0,0.0834,153.92,0.0137,28983.0
5440.0,gracegay,LinkedIn,977574.0,3.0,0.0834,74.11,0.0375,
5441.0,bryanfisher,Facebook,960100.0,5.0,0.102,798.27,0.0479,12687.0
5442.0,andrewgregory,Instagram,602555.0,5.0,0.0856,238.51,0.0426,19180.0
5443.0,bryanfisher,Facebook,887270.0,7.0,0.0834,208.78,0.0332,1792.0
,toddbryan,Twitter,834945.0,6.0,0.102,506.57,0.0156,6499.0
5445.0,elizabethwade,Instagram,853772.0,2.0,0.0834,597.33,0.024,1068.0
5446.0,tracistephens,Facebook,673347.0,6.0,0.0856,683.43,0.0131,37597.0
5447.0,johnwilkinson,LinkedIn,570020.0,1.0,0.102,775.38,0.0153,18424.0
,robert56,Facebook,394111.0,3.0,0.0986,678.02,0.0148,1747.0
5449.0,eugene39,TikTok,9428.0,,0.0834,439.08,0.0154,49782.0
5450.0,ian14,LinkedIn,734684.0,7.0,0.0986,888.27,0.0152,32821.0
5451.0,jonesjerry,Twitter,,7.0,0.102,496.72,0.0348,16326.0
5452.0,mitchellpatrick,Twitter,684159.0,3.0,0.0642,780.56,0.0387,10889.0
5453.0,peggymunoz,Twitter,225694.0,1.0,0.102,612.01,0.0191,9481.0
5454.0,morganmelanie,Facebook,247019.0,1.0,0.0642,,0.0372,49104.0
5455.0,,Twitter,552648.0,6.0,0.0642,652.74,0.018,44577.0
5456.0,jennifercummings,Facebook,,2.0,0.0834,756.44,0.0193,49533.0
5457.0,jamiejones,Facebook,212065.0,3.0,0.102,74.11,0.0453,20786.0
5458.0,michelle11,Instagram,156074.0,4.0,0.0642,432.08,0.0286,27729.0
5459.0,nolancorey,LinkedIn,59317.0,4.0,0.102,100.35,0.0386,32096.0
5460.0,simmonscarrie,TikTok,423010.0,6.0,0.102,965.17,0.0381,34129.0
5461.0,ian14,LinkedIn,34440.0,1.0,0.0642,90.38,0.0485,45313.0
5462.0,,LinkedIn,128390.0,2.0,0.102,52.41,0.0127,31177.0
5463.0,asimon,Twitter,919166.0,2.0,0.0856,109.81,0.0262,30048.0
5464.0,virginia09,LinkedIn,136639.0,2.0,0.0642,993.14,0.0325,41135.0
5465.0,ipreston,Twitter,535112.0,2.0,0.102,914.72,0.0246,6176.0
5466.0,michael16,Instagram,836253.0,7.0,0.0642,612.29,,44325.0
5467.0,rjohnston,Facebook,418599.0,3.0,0.0986,906.88,0.0251,45415.0
5468.0,debbie61,TikTok,814900.0,7.0,0.0986,514.07,0.0285,3682.0
5469.0,benjamin31,Twitter,940482.0,6.0,0.0856,506.57,0.0453,18454.0
5470.0,evanssteven,Twitter,605130.0,5.0,0.0856,969.88,0.0201,20762.0
5471.0,manuel94,LinkedIn,215722.0,7.0,0.0834,176.47,0.0332,45632.0
5472.0,christophermartinez,,423159.0,6.0,0.0856,402.13,0.0188,21903.0
,qthomas,Twitter,364986.0,7.0,0.102,888.27,0.0359,
5474.0,armstrongjuan,TikTok,516428.0,3.0,0.0986,618.92,0.0385,36027.0
5475.0,kwright,LinkedIn,482478.0,5.0,0.0986,822.36,0.0237,39508.0
5476.0,tmcdaniel,Twitter,,5.0,,800.44,,42291.0
5477.0,sara29,TikTok,850133.0,7.0,0.0856,217.73,0.0375,46713.0
5478.0,jade86,Twitter,854030.0,5.0,0.0642,972.33,0.0161,8529.0
5479.0,christie73,Twitter,988935.0,7.0,0.102,,0.0441,43397.0
5480.0,ojenkins,LinkedIn,704011.0,2.0,0.0986,120.74,0.0314,9708.0
5481.0,alisonrobertson,Twitter,249263.0,5.0,0.0986,321.35,0.0459,9388.0
5482.0,margaret57,TikTok,234111.0,4.0,0.0642,951.11,0.0285,48721.0
5483.0,ujohnson,Facebook,926844.0,4.0,0.102,233.99,0.0291,15717.0
5484.0,petersonkristie,Twitter,551556.0,4.0,0.0856,492.15,0.0353,19091.0
5485.0,justin99,Instagram,783232.0,5.0,0.0834,,0.0293,23263.0
5486.0,hgonzalez,Twitter,556958.0,4.0,0.0986,432.08,0.019,6405.0
5487.0,valdezjessica,Facebook,667957.0,6.0,0.0986,330.06,0.0452,44210.0
5488.0,uhobbs,TikTok,58177.0,7.0,0.0834,337.84,0.0222,36081.0
5489.0,thomassherri,Facebook,734102.0,1.0,0.0986,307.1,,22868.0
5490.0,cody87,Twitter,956549.0,5.0,0.0986,427.57,0.0105,44365.0
5491.0,muellerolivia,LinkedIn,848422.0,2.0,0.0856,265.2,0.0448,25379.0
,romerojorge,Twitter,303522.0,5.0,,578.37,0.0252,31862.0
5493.0,,Instagram,722940.0,2.0,0.102,225.29,0.0308,21124.0
5494.0,carlosrivera,Facebook,940281.0,3.0,0.0642,387.96,0.0272,12059.0
5495.0,rmendoza,TikTok,28023.0,3.0,0.0834,218.95,0.0405,6772.0
5496.0,royharper,LinkedIn,343572.0,7.0,0.0834,497.29,0.0196,34405.0
5497.0,kevingarcia,TikTok,820423.0,1.0,0.0986,206.84,0.041,8627.0
5498.0,omccann,Instagram,203231.0,4.0,0.0856,669.64,,13517.0
5499.0,murraykyle,Instagram,434622.0,4.0,0.102,362.24,0.0123,18904.0
5500.0,patricia15,TikTok,305838.0,5.0,0.102,262.66,0.0262,20843.0
5501.0,robinsonmark,,231168.0,2.0,0.0642,125.06,0.0134,9039.0
5502.0,treynolds,Twitter,564176.0,3.0,0.102,194.55,,45811.0
5503.0,stacey77,LinkedIn,756713.0,3.0,0.0986,303.26,0.024,15488.0
,wstevens,LinkedIn,321018.0,4.0,0.0856,450.62,0.0103,23813.0
5505.0,michaelchung,TikTok,664270.0,1.0,0.0834,916.1,0.029,24830.0
5506.0,xnelson,Instagram,150657.0,7.0,0.0986,765.21,0.0272,22729.0
5507.0,smallsteven,TikTok,905670.0,1.0,0.0834,872.61,0.0277,22374.0
5508.0,hernandezshawn,Instagram,814361.0,5.0,0.0856,625.62,0.048,31210.0
5509.0,tshaw,LinkedIn,54304.0,1.0,,,0.0409,36939.0
5510.0,rebekah51,LinkedIn,65898.0,3.0,0.0642,789.0,0.0276,9668.0
5511.0,peter15,Twitter,761815.0,4.0,0.0834,,0.0258,42953.0
5512.0,hernandezthomas,TikTok,346364.0,3.0,0.102,655.03,0.0228,17149.0
5513.0,patrick62,Facebook,6248.0,2.0,0.0834,387.68,0.0409,45888.0
5514.0,matthewcampos,Facebook,424036.0,4.0,0.0856,516.5,0.0264,20669.0
5515.0,teresa99,TikTok,277797.0,2.0,0.0834,491.99,0.0105,19088.0
5516.0,qlopez,Facebook,860386.0,3.0,0.0834,361.46,0.0418,3873.0
5517.0,ahoover,Instagram,145903.0,3.0,0.0642,105.12,0.0352,23935.0
5518.0,trobinson,Facebook,407728.0,6.0,,310.36,0.0156,25097.0
5519.0,paul43,Instagram,187167.0,5.0,0.0642,798.96,0.023,49872.0
5520.0,dylanriley,TikTok,464979.0,2.0,0.0856,879.58,0.0156,39293.0
5521.0,davisjose,LinkedIn,674866.0,1.0,0.102,878.87,0.049,25116.0
5522.0,amanda20,LinkedIn,395993.0,6.0,0.0856,842.79,0.0478,32609.0
5523.0,lauragarcia,Instagram,810915.0,5.0,0.102,541.86,0.0405,23993.0
5524.0,michaellee,,589561.0,7.0,0.102,97.88,0.0418,48234.0
5525.0,brittney04,Instagram,887349.0,7.0,0.0642,548.59,0.0418,35306.0
5526.0,smithdanielle,LinkedIn,729669.0,5.0,0.0642,428.02,0.036,2754.0
,brandon78,TikTok,,3.0,0.0856,245.68,0.0476,22085.0
5528.0,mariah21,LinkedIn,43171.0,2.0,0.0834,616.12,0.0154,45934.0
5529.0,patricknoble,TikTok,606642.0,3.0,0.0856,952.5,0.0272,49086.0
5530.0,tommy65,Twitter,457865.0,6.0,0.0856,190.5,0.0133,13496.0
5531.0,ibrock,Twitter,663766.0,6.0,0.0986,801.28,0.023,33033.0
5532.0,brianna64,Facebook,423278.0,3.0,0.0834,82.92,0.0301,30228.0
5533.0,gmeyer,Instagram,872123.0,3.0,0.0986,132.5,0.0274,31657.0
5534.0,carpenterpamela,Facebook,284795.0,6.0,0.0834,491.43,0.0201,46853.0
5535.0,johnsonjeffrey,Instagram,793081.0,5.0,0.102,533.08,0.0461,10973.0
5536.0,combsstephanie,LinkedIn,124614.0,1.0,0.0986,461.85,0.0255,23849.0
,awilkins,LinkedIn,741012.0,6.0,0.0834,817.09,0.0239,42489.0
5538.0,bondrebecca,Facebook,763708.0,,0.0642,444.48,0.0307,26412.0
5539.0,adamjohnson,LinkedIn,543642.0,5.0,0.102,431.19,0.0313,20743.0
5540.0,jordanmartin,LinkedIn,325904.0,3.0,0.0856,259.06,0.0186,23972.0
5541.0,margaret57,LinkedIn,662404.0,5.0,0.0856,767.52,0.032,22938.0
5542.0,gacosta,Facebook,294689.0,7.0,0.0856,731.75,0.0139,15901.0
5543.0,,Twitter,932295.0,7.0,0.0834,243.95,0.0137,41709.0
5544.0,,Facebook,37901.0,5.0,0.0642,200.82,0.0279,9997.0
5545.0,hobrien,TikTok,,3.0,0.0834,582.88,0.0134,31008.0
5546.0,stonecharles,Instagram,617693.0,5.0,0.0856,826.28,,39600.0
5547.0,vday,LinkedIn,206991.0,5.0,0.0642,915.05,,12906.0
5548.0,davisbrenda,Twitter,434204.0,6.0,0.0986,390.54,0.0486,43516.0
5549.0,lance30,Instagram,27838.0,2.0,0.0642,557.58,0.011,46532.0
5550.0,taylorcooper,LinkedIn,235605.0,6.0,0.0856,274.55,0.0481,
5551.0,brian11,Instagram,455627.0,5.0,,135.84,0.0278,44318.0
5552.0,wsmith,LinkedIn,921853.0,6.0,0.0856,185.21,0.0488,4144.0
5553.0,austingarza,Facebook,378995.0,,0.0642,469.53,0.0258,
5554.0,james60,Twitter,361827.0,3.0,0.0834,763.11,0.0286,49904.0
5555.0,samanthajohnson,Twitter,558227.0,1.0,0.0856,153.65,0.035,18104.0
5556.0,adamjohnson,LinkedIn,705000.0,2.0,0.0642,872.61,0.0164,23285.0
5557.0,fgamble,Instagram,657443.0,4.0,0.0834,919.05,0.023,29344.0
5558.0,henrykendra,Instagram,217170.0,2.0,0.0856,402.13,0.0164,31648.0
5559.0,zrivers,Twitter,853894.0,2.0,0.0986,396.53,0.0102,4606.0
5560.0,turnerchristopher,LinkedIn,60483.0,2.0,0.0856,214.78,0.0118,22599.0
5561.0,nicolereyes,Facebook,447085.0,7.0,0.102,995.79,0.0403,33323.0
5562.0,sbyrd,,979121.0,6.0,0.0986,799.49,0.0273,36553.0
,ybrock,TikTok,809632.0,3.0,0.0856,980.69,0.0432,20760.0
5564.0,sarahyang,Instagram,240328.0,4.0,,307.41,0.0456,21132.0
5565.0,simpsonsarah,Facebook,113783.0,2.0,0.102,154.35,0.0288,16223.0
5566.0,tyler31,Instagram,986895.0,6.0,0.102,276.5,0.0371,3457.0
5567.0,rachelfisher,Instagram,780512.0,5.0,0.102,239.32,0.0219,13648.0
5568.0,llopez,Instagram,214032.0,7.0,0.0834,123.52,0.0427,10265.0
5569.0,debbie61,,368783.0,7.0,0.0834,824.16,0.0353,47552.0
5570.0,nicholaspeters,TikTok,637939.0,4.0,0.0642,343.96,0.0126,2188.0
5571.0,coxricardo,Instagram,576082.0,6.0,0.0642,263.63,0.0257,21281.0
5572.0,yhahn,Instagram,470262.0,7.0,0.0834,615.99,0.0172,2886.0
5573.0,christianamy,LinkedIn,367289.0,2.0,0.102,851.98,0.031,9737.0
5574.0,tjohnson,TikTok,429091.0,4.0,0.0986,363.0,0.0473,29924.0
,mary32,Twitter,125903.0,6.0,0.102,630.77,0.0273,25507.0
5576.0,gbowman,LinkedIn,780298.0,2.0,,858.44,0.0466,42595.0
5577.0,silvaphillip,TikTok,121533.0,5.0,0.0642,962.84,0.0405,8566.0
5578.0,chavezjason,Twitter,,3.0,0.0856,220.8,0.0268,4036.0
5579.0,smurray,TikTok,401748.0,6.0,0.0856,270.91,0.0373,29992.0
5580.0,beth19,Facebook,15407.0,6.0,0.102,969.88,0.0106,48388.0
5581.0,xroberts,TikTok,,4.0,,767.52,0.0267,13805.0
5582.0,reidkristine,TikTok,485193.0,2.0,0.0856,228.19,0.048,9109.0
5583.0,kayla25,TikTok,993368.0,5.0,0.0856,123.52,0.0307,19866.0
5584.0,nrodriguez,TikTok,,1.0,0.0986,965.86,0.0493,37774.0
5585.0,ogarcia,LinkedIn,228443.0,7.0,0.0642,120.74,0.0447,24761.0
5586.0,jonathanherman,LinkedIn,657031.0,7.0,0.0834,536.5,0.0303,28691.0
5587.0,jeffreysalazar,Facebook,725414.0,7.0,0.102,609.25,0.0322,
5588.0,benjamin31,Instagram,904444.0,4.0,0.102,791.29,0.0159,33519.0
5589.0,novakjennifer,Facebook,474393.0,6.0,0.0856,968.85,0.0335,24037.0
,ugrant,Facebook,862575.0,6.0,0.0834,664.72,0.0397,31647.0
,jessica26,TikTok,278552.0,4.0,0.0856,,0.0434,3462.0
5592.0,iorozco,Facebook,913890.0,3.0,0.0834,405.74,0.0366,
5593.0,colemanbrooke,,352838.0,2.0,0.102,250.33,0.0143,33789.0
5594.0,randallmichael,Facebook,28562.0,5.0,0.102,473.76,0.0261,39710.0
5595.0,smack,LinkedIn,106131.0,4.0,0.102,550.71,0.0314,34811.0
5596.0,gmcintosh,TikTok,792248.0,,0.0856,885.8,0.0485,32548.0
5597.0,debbie61,Facebook,766026.0,4.0,0.0986,801.17,0.0453,31933.0
5598.0,,Facebook,918416.0,3.0,0.0986,500.37,0.0457,11095.0
5599.0,johnsonroberto,LinkedIn,620024.0,,0.102,,0.0181,5705.0
5600.0,parsonsmichael,Facebook,782002.0,5.0,0.0856,692.68,0.0423,18443.0
5601.0,caitlin54,Twitter,29336.0,4.0,0.0642,244.23,0.0118,34586.0
5602.0,rhicks,Instagram,577551.0,3.0,0.0834,397.7,0.0213,2123.0
5603.0,ryan77,Instagram,787206.0,3.0,0.0856,903.94,0.0371,20446.0
5604.0,eriknelson,Facebook,359158.0,1.0,0.0642,526.7,0.0246,34811.0
5605.0,elizabeth54,TikTok,17764.0,4.0,0.0986,715.11,0.0424,13776.0
5606.0,adamthomas,Twitter,812787.0,6.0,0.0642,539.03,0.0164,
5607.0,treynolds,Instagram,194760.0,7.0,0.0986,350.68,0.0392,39349.0
5608.0,edwardthomas,Facebook,259050.0,4.0,,756.77,0.0466,49770.0
5609.0,brady22,Twitter,960798.0,,0.102,801.17,,22805.0
,victoria05,TikTok,857214.0,6.0,0.0856,798.55,0.0419,3940.0
5611.0,dixonjulie,Instagram,649526.0,1.0,0.0834,743.52,0.0214,38264.0
5612.0,tammy32,Facebook,199308.0,7.0,0.0834,162.02,0.0195,1765.0
5613.0,browndarryl,Twitter,401554.0,5.0,0.0986,,0.0384,17864.0
5614.0,pblackwell,TikTok,953975.0,4.0,0.0834,451.91,0.0308,24814.0
5615.0,royharper,Instagram,452286.0,5.0,0.0856,212.36,0.0209,14435.0
5616.0,,Instagram,886539.0,1.0,0.0856,513.6,0.0297,33432.0
5617.0,bethholt,Instagram,,3.0,0.102,233.99,0.048,1402.0
5618.0,murraykyle,Instagram,813849.0,6.0,0.0642,966.97,0.0275,21523.0
5619.0,marissa77,,375049.0,3.0,,451.91,0.0278,14124.0
5620.0,,Facebook,73494.0,1.0,0.0642,,,34540.0
5621.0,gregory84,TikTok,62473.0,5.0,0.0834,555.43,0.0233,28268.0
5622.0,smallsteven,TikTok,511654.0,6.0,0.0834,715.11,0.038,42757.0
5623.0,georgeconnie,Facebook,902427.0,3.0,0.102,222.46,0.0343,17692.0
5624.0,ashley65,LinkedIn,337277.0,6.0,0.0986,678.02,0.0151,11431.0
5625.0,,LinkedIn,500392.0,2.0,0.0834,953.16,0.0379,22742.0
5626.0,mary46,TikTok,603443.0,4.0,0.0642,905.3,0.0385,23200.0
5627.0,jason52,Twitter,577745.0,,0.0834,,0.0361,
5628.0,gpayne,Twitter,829747.0,5.0,0.0856,386.33,0.0189,
5629.0,nicholasnorton,Twitter,667360.0,5.0,0.0834,148.83,0.014,29864.0
5630.0,jeffreybennett,LinkedIn,675709.0,3.0,0.0834,408.93,0.02,2782.0
5631.0,rachelsnyder,TikTok,416897.0,3.0,0.0834,764.67,0.0427,18413.0
,jstevens,Instagram,333710.0,1.0,0.0642,676.94,0.0226,17386.0
5633.0,andrewberg,TikTok,589954.0,3.0,0.0856,697.11,0.0424,2343.0
5634.0,beth19,TikTok,839020.0,6.0,0.0834,618.92,0.0175,14818.0
5635.0,ericmiller,TikTok,101786.0,6.0,0.0856,748.28,0.0381,9059.0
5636.0,zrivers,Instagram,432294.0,1.0,0.0642,913.44,,7812.0
5637.0,john06,LinkedIn,67858.0,3.0,0.102,869.07,0.0483,
5638.0,hardyalexander,Instagram,231641.0,4.0,0.102,713.93,0.0216,2455.0
5639.0,nicolegalloway,Instagram,216063.0,2.0,,741.67,0.0328,34408.0
5640.0,smithdanielle,TikTok,683172.0,3.0,0.0834,742.16,0.0375,26080.0
5641.0,lpierce,Instagram,734763.0,1.0,0.0642,741.67,0.0357,20712.0
5642.0,asimon,Facebook,622985.0,6.0,0.0642,960.27,0.0108,35933.0
5643.0,luislove,Facebook,289679.0,3.0,0.0834,152.4,0.0213,6178.0
5644.0,mtaylor,Twitter,317194.0,6.0,0.102,466.94,0.02,7310.0
5645.0,kevingarcia,LinkedIn,,6.0,0.102,989.55,0.0448,14271.0
5646.0,mcurtis,Twitter,173100.0,3.0,0.0856,511.26,0.0277,36706.0
5647.0,mullinsalicia,TikTok,330959.0,5.0,,428.98,0.0221,12831.0
5648.0,mariapatel,,576117.0,2.0,0.0986,270.31,0.0391,14343.0
5649.0,lisaallen,LinkedIn,244821.0,4.0,0.0986,62.71,,
5650.0,nicholas41,LinkedIn,690496.0,3.0,0.0834,325.81,0.0381,4201.0
5651.0,patrick62,Facebook,107901.0,4.0,0.0642,345.58,0.0176,41022.0
5652.0,michael61,LinkedIn,478598.0,4.0,0.0834,915.05,0.0213,6807.0
5653.0,eric98,,127445.0,6.0,0.102,903.99,0.0496,34513.0
5654.0,ucooper,Facebook,982158.0,5.0,0.102,785.4,0.0351,45946.0
5655.0,sparksshane,Facebook,874591.0,5.0,0.0856,257.85,0.0332,26217.0
5656.0,makaylahall,Facebook,455471.0,4.0,0.102,435.65,,
5657.0,jenniferreilly,Instagram,450071.0,7.0,0.0834,386.94,0.0419,15387.0
5658.0,pbarrett,Twitter,682832.0,2.0,0.102,617.25,0.0285,34878.0
5659.0,hardyjames,Facebook,797851.0,3.0,0.0834,413.32,0.0244,29924.0
5660.0,paul06,Twitter,842997.0,6.0,0.0986,738.77,0.0237,9021.0
5661.0,edwardthomas,Twitter,485663.0,3.0,0.0986,421.56,0.0334,49310.0
5662.0,andersonnina,TikTok,555212.0,1.0,0.0856,90.38,0.0486,20121.0
5663.0,zbriggs,Facebook,551962.0,1.0,0.0856,216.01,0.0375,24975.0
5664.0,ryan99,TikTok,,1.0,0.0856,262.51,0.0393,4842.0
5665.0,plindsey,Facebook,105709.0,7.0,0.0834,584.37,0.0237,30506.0
,thomaschristian,Instagram,202480.0,5.0,0.0856,131.64,0.0478,1941.0
5667.0,rjohnston,Facebook,294064.0,5.0,,142.77,0.0366,19220.0
5668.0,cynthiagraham,Instagram,732432.0,2.0,0.0642,551.25,0.0198,28205.0
5669.0,norma50,Instagram,104676.0,1.0,0.0642,899.76,0.0244,1138.0
,evanssteven,LinkedIn,475822.0,1.0,0.0834,160.86,0.0405,15432.0
5671.0,gary91,LinkedIn,,6.0,0.0834,,0.0236,39152.0
5672.0,gmeyer,LinkedIn,295472.0,6.0,0.0834,68.89,0.0411,37413.0
5673.0,tmarquez,Instagram,113485.0,5.0,0.0834,321.64,0.0209,48759.0
5674.0,tiffanyferrell,LinkedIn,809154.0,3.0,0.0642,57.19,0.0112,9441.0
5675.0,smack,Facebook,365009.0,4.0,0.0834,224.14,0.043,18188.0
5676.0,aandrade,Instagram,798705.0,5.0,0.0834,402.13,,35141.0
5677.0,nhoffman,LinkedIn,79212.0,1.0,0.102,110.12,0.0247,35208.0
5678.0,hellis,Twitter,79830.0,7.0,0.102,876.46,0.0285,19296.0
5679.0,lori07,Facebook,,7.0,0.0856,154.35,0.0112,25768.0
5680.0,ericmiller,Instagram,617184.0,6.0,0.102,991.41,0.0202,12489.0
5681.0,jilliannielsen,Instagram,703450.0,4.0,0.0856,510.99,0.0405,46231.0
,vday,Facebook,392383.0,5.0,0.0642,124.95,0.0163,10591.0
5683.0,,Twitter,459424.0,5.0,0.102,867.57,0.0444,17239.0
5684.0,tonyarobertson,Instagram,,4.0,,287.49,0.0248,34209.0
5685.0,,,288389.0,3.0,0.0986,135.84,0.021,15257.0
5686.0,johnmartinez,LinkedIn,789468.0,,0.102,718.41,0.0283,34171.0
5687.0,nvincent,TikTok,172292.0,5.0,0.102,651.28,,39822.0
5688.0,eric65,Twitter,688983.0,3.0,0.0986,408.67,0.028,39919.0
5689.0,lisa91,TikTok,967259.0,1.0,0.0834,646.61,0.0188,2672.0
5690.0,hughesjohn,TikTok,441192.0,5.0,0.0642,972.33,0.0357,20236.0
5691.0,xcruz,TikTok,504870.0,7.0,,452.19,0.0186,24349.0
,elaine15,TikTok,962405.0,6.0,,984.35,0.0115,23106.0
5693.0,omccann,Facebook,720476.0,3.0,0.0986,570.51,0.0244,6371.0
5694.0,cboyd,TikTok,472209.0,4.0,0.0834,114.01,0.0277,18659.0
5695.0,jamescohen,LinkedIn,383250.0,4.0,0.0642,560.62,0.0294,25480.0
5696.0,garciajustin,Facebook,45863.0,6.0,0.102,511.43,0.0398,8889.0
5697.0,gregoryrodriguez,Instagram,69597.0,4.0,0.102,287.9,0.0136,5224.0
5698.0,brian11,Twitter,741639.0,2.0,0.0986,528.03,0.0283,36162.0
5699.0,mackeric,Twitter,609249.0,3.0,0.0986,222.59,0.0351,11394.0
5700.0,laurendurham,Twitter,577186.0,2.0,0.0856,984.08,0.037,30988.0
5701.0,toddkenneth,Twitter,284822.0,2.0,0.0986,535.84,0.0283,29340.0
5702.0,qshannon,TikTok,,1.0,0.0986,521.24,0.0366,27111.0
5703.0,brandon78,Instagram,451797.0,2.0,0.0642,944.87,0.0269,32080.0
5704.0,amanda27,Instagram,310948.0,6.0,0.0986,718.41,0.0112,12423.0
5705.0,anthonyrobinson,Twitter,535553.0,3.0,0.0642,905.43,0.031,2164.0
5706.0,lawrencejulie,Twitter,461418.0,1.0,,779.45,0.0262,5115.0
5707.0,cynthia50,LinkedIn,650644.0,1.0,0.0834,129.24,0.024,43683.0
,sancheztroy,LinkedIn,185959.0,7.0,0.0834,595.24,0.011,36514.0
5709.0,dawnwilkerson,Twitter,83122.0,4.0,0.0856,789.39,0.0304,3099.0
,ireyes,LinkedIn,49851.0,7.0,,220.8,,32700.0
5711.0,sharonmiller,TikTok,219099.0,3.0,0.102,286.58,0.0102,10997.0
5712.0,royharper,Instagram,933934.0,6.0,0.0856,830.49,0.0133,7997.0
5713.0,rmendoza,Instagram,855187.0,1.0,0.0834,431.53,0.0351,22430.0
5714.0,jeffreyrice,LinkedIn,352827.0,6.0,0.0642,254.87,0.0434,28271.0
5715.0,brookegalloway,Facebook,269273.0,5.0,0.102,166.55,0.0418,14523.0
5716.0,,Facebook,569839.0,3.0,0.102,159.96,0.0392,18572.0
5717.0,danielharper,Instagram,,5.0,0.0986,135.84,0.0445,8658.0
5718.0,andradewesley,TikTok,282959.0,3.0,0.0986,73.0,0.0485,6422.0
5719.0,roger15,Instagram,104418.0,5.0,0.0834,335.78,0.0107,28832.0
5720.0,masonjames,Instagram,630451.0,5.0,0.0834,343.96,0.0332,34997.0
5721.0,edwardthomas,TikTok,82756.0,2.0,0.0642,899.1,0.0175,37839.0
5722.0,amanda27,TikTok,851267.0,6.0,0.0642,644.12,0.0264,6836.0
5723.0,jeff87,LinkedIn,77773.0,7.0,0.0834,745.68,0.037,31773.0
5724.0,carpenterpamela,LinkedIn,649887.0,4.0,0.0642,400.61,0.0359,17871.0
5725.0,,TikTok,976392.0,4.0,0.0856,433.83,0.0114,30970.0
5726.0,eriknelson,Facebook,938566.0,7.0,0.0642,496.72,0.0222,25103.0
5727.0,campbellross,,271135.0,1.0,0.0986,770.73,0.0268,26947.0
5728.0,logan51,TikTok,150944.0,,0.0986,830.49,0.0272,30048.0
5729.0,marycrawford,Twitter,795228.0,6.0,0.0856,516.5,0.0118,47320.0
5730.0,jeffrey25,Facebook,572392.0,5.0,,872.61,0.0425,6484.0
5731.0,qperkins,TikTok,452249.0,6.0,0.0856,152.25,0.0372,46750.0
5732.0,zwilliams,TikTok,228146.0,4.0,0.0986,938.02,0.0404,13977.0
5733.0,robert05,Facebook,973150.0,5.0,0.0834,851.98,0.0278,29759.0
,lpierce,LinkedIn,472587.0,5.0,0.0834,913.39,0.0293,33167.0
5735.0,whitedanielle,TikTok,173060.0,2.0,0.0986,596.41,0.0227,48221.0
5736.0,websterchristina,Twitter,633618.0,6.0,0.0642,928.28,0.0118,37488.0
5737.0,dunndaniel,Instagram,843773.0,7.0,0.0834,722.82,0.031,41522.0
5738.0,toddkenneth,Twitter,213597.0,4.0,0.0986,902.41,0.049,11682.0
5739.0,westjustin,Instagram,328094.0,4.0,0.0986,477.98,0.0191,2320.0
5740.0,sara29,Instagram,507900.0,7.0,0.102,,0.012,48948.0
5741.0,tjohnson,LinkedIn,608892.0,2.0,0.0834,,0.0347,35320.0
5742.0,erica07,LinkedIn,67084.0,4.0,0.0642,457.25,0.0496,4297.0
5743.0,sonya64,Instagram,40943.0,1.0,0.0986,239.32,0.0361,44154.0
,nicholas41,TikTok,742207.0,4.0,0.0642,754.87,0.0353,28226.0
5745.0,wongrichard,Facebook,646781.0,6.0,0.102,428.02,0.0143,17770.0
5746.0,,Facebook,771244.0,3.0,0.0642,993.2,0.0276,17108.0
5747.0,justin62,,667101.0,4.0,0.0642,276.36,0.0369,37015.0
5748.0,,LinkedIn,644984.0,3.0,0.0834,754.87,0.0341,14349.0
5749.0,matthew17,Instagram,443822.0,6.0,0.102,682.47,0.0436,20852.0
5750.0,hamiltonjessica,LinkedIn,160914.0,2.0,0.0834,966.47,0.0318,44306.0
5751.0,klee,Twitter,793832.0,6.0,0.0856,408.93,0.0496,20858.0
5752.0,josephjordan,LinkedIn,124345.0,2.0,,162.02,0.0237,30412.0
5753.0,vvega,Facebook,685775.0,5.0,0.0642,834.49,0.0285,42875.0
5754.0,erikthomas,Facebook,446498.0,3.0,0.0642,194.99,0.0166,7121.0
5755.0,jay23,LinkedIn,211334.0,7.0,0.0834,270.31,0.0385,15559.0
5756.0,gacosta,,735609.0,4.0,0.0834,570.51,0.0432,21519.0
5757.0,nicholas41,Facebook,696372.0,7.0,0.0642,233.99,0.0189,2445.0
5758.0,rmcpherson,TikTok,63200.0,7.0,0.0642,787.99,0.0139,31141.0
5759.0,aramos,Twitter,236345.0,5.0,0.0986,752.14,0.0274,9270.0
,valentinetammy,LinkedIn,283511.0,,0.0834,897.3,0.0416,14464.0
5761.0,kenneth65,Twitter,368342.0,,0.0856,808.23,0.0326,
5762.0,sparker,Facebook,404142.0,7.0,0.0834,188.5,,16613.0
5763.0,charles14,Facebook,257016.0,3.0,0.0834,184.93,0.0427,39791.0
5764.0,kharris,Twitter,243208.0,3.0,,353.04,0.0272,3672.0
5765.0,,Twitter,631107.0,,0.0856,383.32,0.0251,16078.0
5766.0,tylermartin,Facebook,310446.0,7.0,0.0834,466.51,0.0447,1441.0
5767.0,ojenkins,Facebook,938884.0,6.0,0.0834,,0.0216,43996.0
,cassandramiles,TikTok,119773.0,2.0,0.0834,507.13,0.0266,24976.0
5769.0,jesse39,Twitter,264964.0,1.0,0.0642,450.94,0.0123,2819.0
5770.0,jonesangela,TikTok,353764.0,1.0,0.0642,681.66,0.0186,19779.0
5771.0,russellmelissa,LinkedIn,843868.0,2.0,0.102,122.95,0.045,47931.0
5772.0,mullinsalicia,LinkedIn,539524.0,7.0,0.102,362.91,0.0237,44662.0
5773.0,marycrawford,Twitter,717708.0,4.0,0.102,661.37,0.0175,8119.0
,cody18,Facebook,409414.0,5.0,0.0642,408.67,0.024,32910.0
5775.0,wendylee,TikTok,204074.0,3.0,0.0856,226.55,0.0136,33000.0
5776.0,ybrock,Facebook,179796.0,3.0,0.0986,90.45,0.0113,20596.0
5777.0,stacey77,Twitter,159763.0,2.0,0.0834,269.7,0.0193,43561.0
5778.0,diazchristina,Instagram,978320.0,5.0,0.0834,422.61,0.0288,22449.0
5779.0,murraykyle,LinkedIn,178090.0,2.0,0.0834,980.69,0.0437,22316.0
5780.0,ryan99,Instagram,80808.0,,0.0986,976.76,0.0104,41794.0
5781.0,jonathan26,Instagram,498769.0,3.0,0.0986,664.72,0.0445,4266.0
5782.0,lisabarber,Instagram,7131.0,2.0,0.0642,75.54,0.0392,19915.0
5783.0,johnsongregory,LinkedIn,512641.0,7.0,0.102,279.7,0.0245,30380.0
5784.0,henry84,TikTok,,7.0,0.0856,670.27,,22027.0
5785.0,gregory54,Twitter,906296.0,7.0,0.0856,722.82,0.032,21048.0
5786.0,elizabethwade,LinkedIn,570585.0,2.0,0.0986,,0.044,30950.0
5787.0,fduffy,Twitter,612591.0,3.0,0.0856,563.74,0.0164,23727.0
5788.0,mcculloughedward,Facebook,184313.0,6.0,0.0986,894.32,0.0125,41414.0
5789.0,dmartin,LinkedIn,742483.0,1.0,0.0642,75.54,0.0282,3452.0
5790.0,gclark,Instagram,132480.0,3.0,0.0986,636.6,0.0132,26115.0
5791.0,alvarezdanielle,,698720.0,1.0,0.0642,370.12,0.0235,28949.0
5792.0,john77,Facebook,436731.0,1.0,0.0642,587.66,,41469.0
5793.0,royharper,Twitter,367311.0,1.0,0.0834,529.18,0.0286,36084.0
5794.0,stephaniebrennan,Twitter,894429.0,3.0,0.0642,192.45,,48192.0
5795.0,,Instagram,972176.0,3.0,0.102,754.87,0.0251,12500.0
5796.0,deandawn,TikTok,882828.0,1.0,0.0642,799.04,0.0362,27160.0
5797.0,lauragarcia,Twitter,255028.0,2.0,0.0986,,0.0286,45311.0
5798.0,christineclark,Twitter,447616.0,4.0,0.0986,321.35,0.0412,3890.0
5799.0,markgray,TikTok,51500.0,1.0,0.0834,466.51,0.0344,26398.0
5800.0,zbush,TikTok,96235.0,6.0,0.0642,775.97,0.0131,17006.0
5801.0,patricia15,Facebook,803226.0,1.0,0.102,872.77,0.0432,10392.0
5802.0,kayla25,TikTok,216086.0,7.0,0.0856,459.37,0.0108,7263.0
5803.0,patriciamorse,LinkedIn,985824.0,3.0,0.102,766.12,0.016,27919.0
5804.0,xcruz,TikTok,959277.0,6.0,0.0986,277.98,0.0259,10728.0
5805.0,amanda19,Twitter,122272.0,5.0,0.0856,772.09,0.0385,26112.0
5806.0,katieking,Twitter,272733.0,7.0,0.102,951.65,,25202.0
5807.0,sriley,,250783.0,4.0,0.0642,268.1,,29902.0
5808.0,harrislisa,Twitter,34449.0,2.0,0.0834,985.34,0.046,43547.0
5809.0,katiewolfe,LinkedIn,142405.0,3.0,0.0834,916.32,0.0303,43903.0
5810.0,stephen81,LinkedIn,322103.0,3.0,0.102,932.47,0.0466,21724.0
5811.0,russellcynthia,TikTok,963471.0,5.0,0.0856,450.94,0.0186,39692.0
5812.0,boothjacob,Instagram,254264.0,2.0,0.0642,767.4,0.0406,49306.0
5813.0,thomaschristian,TikTok,358906.0,1.0,0.0642,238.74,0.0402,15159.0
5814.0,hwashington,LinkedIn,305018.0,2.0,0.102,,0.0132,3654.0
5815.0,johncarpenter,TikTok,64129.0,6.0,0.102,413.32,0.0375,3170.0
5816.0,davidsmith,Instagram,214279.0,5.0,0.0986,682.47,0.0122,44431.0
5817.0,courtneysanchez,LinkedIn,174820.0,,0.0642,902.41,0.0285,3942.0
5818.0,donna02,Instagram,870900.0,1.0,0.0856,444.48,0.0155,44445.0
5819.0,jonathanherman,Facebook,,4.0,0.0856,261.62,0.026,22700.0
5820.0,shermanjoshua,Twitter,334188.0,2.0,0.0856,916.32,0.0286,38973.0
5821.0,mary32,TikTok,,5.0,0.102,717.59,0.0221,49991.0
5822.0,zblackburn,LinkedIn,132704.0,5.0,0.0642,612.29,,24061.0
5823.0,ryan83,Instagram,776515.0,1.0,0.0642,150.31,0.0206,19623.0
5824.0,makaylahall,LinkedIn,439869.0,7.0,0.0834,383.19,0.0202,30641.0
5825.0,smithmatthew,LinkedIn,323046.0,3.0,0.0856,507.13,0.0386,26362.0
5826.0,palmerjeffrey,Instagram,539141.0,5.0,0.0856,327.81,0.0265,6740.0
5827.0,plindsey,TikTok,769230.0,7.0,0.0856,661.37,0.0274,12660.0
5828.0,hevans,Facebook,610758.0,,0.0834,279.32,0.0178,24063.0
5829.0,marvin96,Instagram,267247.0,1.0,0.0986,982.29,0.0312,12653.0
5830.0,taylornathan,Facebook,667934.0,1.0,0.0856,481.13,0.0136,4908.0
5831.0,smithkristin,Instagram,329251.0,4.0,0.102,,0.0113,44699.0
5832.0,bpham,Twitter,375994.0,4.0,0.0986,946.08,0.0423,14540.0
5833.0,sheila33,LinkedIn,297753.0,7.0,,55.4,0.0494,45977.0
5834.0,joe98,Facebook,377802.0,4.0,0.0856,491.99,0.0143,41964.0
5835.0,kelleytina,Twitter,893953.0,3.0,0.0986,129.24,0.0272,47695.0
5836.0,,Instagram,183768.0,3.0,0.0986,261.62,0.0313,25910.0
5837.0,cynthia04,LinkedIn,977472.0,1.0,0.0642,698.14,0.0384,15586.0
5838.0,nicolereyes,Twitter,698618.0,4.0,,363.0,0.0276,47137.0
5839.0,edwardthomas,TikTok,999739.0,7.0,0.0642,630.77,0.0325,35523.0
5840.0,brandon78,TikTok,461684.0,6.0,0.102,100.31,0.0112,9883.0
5841.0,campbelljose,Instagram,281686.0,2.0,0.0986,125.06,0.0341,49528.0
5842.0,reneecontreras,Facebook,440679.0,7.0,0.0986,577.15,0.0456,27175.0
5843.0,,Twitter,330276.0,5.0,0.0834,395.01,0.0304,19671.0
5844.0,qhood,Facebook,992294.0,3.0,0.0856,466.51,0.0237,34319.0
5845.0,wongrichard,Facebook,795812.0,4.0,0.102,993.52,0.0315,40885.0
5846.0,lisa30,Twitter,669867.0,2.0,0.0986,,0.0202,15403.0
5847.0,xroberts,Twitter,185557.0,1.0,0.0834,676.94,0.0276,4091.0
5848.0,jwallace,LinkedIn,95424.0,1.0,0.0642,692.68,0.0152,5155.0
5849.0,patty20,Instagram,40398.0,5.0,0.0642,986.41,0.021,22974.0
5850.0,parsonsmichael,TikTok,892660.0,2.0,0.0856,204.59,0.0313,35448.0
5851.0,tmarquez,Instagram,491597.0,3.0,0.102,913.87,0.0226,2301.0
5852.0,kfowler,Instagram,580660.0,7.0,,284.36,0.0263,
5853.0,kjohns,Instagram,281381.0,6.0,0.0986,81.51,0.0226,
5854.0,christopherbarnes,Instagram,804909.0,6.0,0.0642,540.02,0.0106,24737.0
5855.0,nicholaspeters,Facebook,445399.0,7.0,0.0834,325.81,0.0168,47459.0
5856.0,ojohnson,Instagram,139244.0,2.0,0.0834,,0.0274,45719.0
5857.0,brittanymorris,LinkedIn,223609.0,1.0,0.102,156.13,0.0114,4629.0
5858.0,erica07,Instagram,489912.0,1.0,0.0642,580.89,0.0143,7727.0
5859.0,,TikTok,305883.0,5.0,0.0986,811.74,0.0423,14373.0
5860.0,williamskyle,Facebook,925536.0,1.0,0.0642,529.18,0.0418,31120.0
5861.0,yrodriguez,LinkedIn,59901.0,7.0,0.0856,428.98,,
5862.0,tmarquez,Twitter,500470.0,5.0,0.0856,914.72,0.0207,13135.0
5863.0,tracy84,TikTok,450849.0,1.0,0.0642,321.35,0.0283,48417.0
5864.0,jacobwilson,LinkedIn,995867.0,7.0,0.102,274.15,0.0168,34511.0
5865.0,erica07,LinkedIn,396580.0,3.0,0.0986,898.66,0.049,30143.0
5866.0,gabriellashort,Instagram,965188.0,3.0,0.0986,575.94,0.0425,33902.0
5867.0,ruizguy,Facebook,952365.0,1.0,0.0856,221.5,0.0222,24348.0
5868.0,gtorres,Instagram,172272.0,4.0,0.0856,754.41,0.0335,44888.0
5869.0,russellcynthia,TikTok,559871.0,7.0,0.0856,99.67,0.0188,33843.0
5870.0,davidvaldez,Twitter,807468.0,,0.0856,367.56,0.0115,34802.0
5871.0,deandawn,Facebook,,2.0,,411.63,0.0332,21459.0
5872.0,meghan87,Facebook,,3.0,0.102,928.25,0.0489,18881.0
5873.0,michaelflores,TikTok,579875.0,6.0,0.0856,666.13,0.0452,27942.0
5874.0,michael16,Facebook,961839.0,5.0,0.0834,630.21,0.0439,36040.0
5875.0,,Facebook,379966.0,6.0,0.102,468.77,0.0444,25951.0
5876.0,alyssa15,Facebook,445859.0,1.0,0.0856,224.07,0.0233,14958.0
5877.0,mccoykaren,Twitter,562670.0,6.0,0.0834,857.28,0.0318,1011.0
5878.0,,LinkedIn,,4.0,0.0642,974.35,0.021,38575.0
5879.0,treynolds,Facebook,66687.0,4.0,0.0986,510.8,0.0213,7812.0
5880.0,,LinkedIn,765297.0,1.0,0.0642,892.99,0.0161,26873.0
5881.0,zbush,Facebook,57793.0,2.0,0.0642,765.21,0.0106,12579.0
5882.0,fowlermichael,Instagram,552497.0,5.0,0.0986,797.64,0.0478,20813.0
5883.0,amanda19,LinkedIn,860432.0,2.0,0.0986,362.24,0.0174,6396.0
5884.0,valentinetammy,,582907.0,4.0,0.0834,361.46,0.0398,4358.0
5885.0,,LinkedIn,722421.0,5.0,0.0856,456.74,0.049,20189.0
5886.0,laurendurham,TikTok,737567.0,2.0,0.0856,248.25,0.0191,
5887.0,,Instagram,,2.0,0.0642,321.35,0.0227,24902.0
5888.0,wwatson,TikTok,266572.0,5.0,0.0856,649.02,0.0393,21305.0
5889.0,williamwyatt,TikTok,504802.0,3.0,0.0834,529.18,0.0343,33357.0
5890.0,kennedykayla,TikTok,32673.0,7.0,0.0856,806.51,0.0152,42765.0
5891.0,rcaldwell,Instagram,515650.0,4.0,0.0834,799.04,0.0433,17408.0
5892.0,grobinson,LinkedIn,427735.0,7.0,0.0834,864.63,0.0335,18376.0
5893.0,gpayne,Instagram,703802.0,1.0,0.0856,379.82,,34842.0
5894.0,,Twitter,511323.0,4.0,0.0834,408.67,0.0385,17561.0
5895.0,nturner,Instagram,399827.0,2.0,0.0986,516.15,0.0304,46167.0
5896.0,tammy29,LinkedIn,436054.0,7.0,0.102,666.13,,17940.0
5897.0,llopez,Facebook,798176.0,2.0,0.102,477.98,,43966.0
5898.0,sarah70,Instagram,683765.0,2.0,0.0642,181.4,0.0227,26664.0
5899.0,qhood,Facebook,493103.0,1.0,0.0834,578.37,0.0283,48335.0
5900.0,andrew37,Facebook,912005.0,2.0,0.0834,323.15,0.0386,44022.0
5901.0,davidanderson,Twitter,802748.0,1.0,0.0986,131.64,0.0434,8433.0
5902.0,sbyrd,Instagram,400071.0,4.0,0.0856,176.47,0.0494,
5903.0,tammy29,Instagram,690725.0,7.0,0.0986,697.11,,30653.0
5904.0,harrismichael,Twitter,220555.0,7.0,0.0986,991.96,0.0469,45713.0
5905.0,jacksonberry,Facebook,764907.0,3.0,0.0834,139.04,0.0342,5616.0
5906.0,marycrawford,Twitter,716702.0,3.0,0.0642,600.01,0.0291,7120.0
5907.0,lrusso,LinkedIn,480390.0,4.0,0.102,793.72,0.0437,44320.0
5908.0,ronnie15,LinkedIn,538427.0,3.0,0.0856,894.7,0.0358,14187.0
5909.0,charles14,Facebook,574252.0,5.0,0.0856,656.5,0.0123,28811.0
5910.0,ujones,TikTok,615936.0,3.0,0.0834,719.56,0.0427,29281.0
5911.0,elizabeth92,LinkedIn,941848.0,7.0,0.0834,756.44,,43220.0
5912.0,justin99,Instagram,874411.0,5.0,0.0986,286.17,0.021,42034.0
5913.0,sriley,Instagram,474132.0,5.0,,244.21,0.0144,43080.0
5914.0,manuel94,Facebook,386147.0,6.0,0.0986,,0.0182,46811.0
5915.0,manuel94,Facebook,332461.0,6.0,,268.1,0.0293,
5916.0,amanda19,TikTok,147824.0,6.0,0.0856,614.04,0.0279,36727.0
5917.0,byrdsamantha,Facebook,68694.0,6.0,0.0834,573.41,0.0479,36912.0
5918.0,tinajones,Instagram,461776.0,5.0,0.102,800.15,0.0103,13190.0
5919.0,andersonnina,Instagram,567471.0,4.0,,217.72,0.0178,13755.0
5920.0,timothynavarro,TikTok,547447.0,5.0,0.0642,473.76,0.0163,44978.0
5921.0,smallsteven,TikTok,594789.0,6.0,0.0834,569.7,0.0365,10895.0
5922.0,michaelflores,Instagram,414210.0,3.0,0.0642,995.14,0.0237,23375.0
5923.0,hlong,Facebook,915425.0,5.0,0.0986,149.79,0.0304,5486.0
5924.0,ryan18,Instagram,437871.0,3.0,0.0986,551.17,0.03,3236.0
5925.0,nicolereyes,TikTok,850002.0,1.0,0.102,68.93,0.0452,10416.0
5926.0,erin92,TikTok,604409.0,7.0,0.0986,218.75,0.012,
5927.0,rebekah51,TikTok,572755.0,1.0,0.0986,568.9,0.0354,2609.0
5928.0,,Instagram,289137.0,6.0,0.102,938.02,0.0372,12025.0
5929.0,danny18,Instagram,235050.0,5.0,0.102,270.31,0.0471,18296.0
5930.0,larryperez,LinkedIn,241489.0,1.0,0.0642,323.33,0.0338,10127.0
5931.0,friley,Facebook,589208.0,2.0,0.102,181.4,0.0452,48837.0
5932.0,elizabethwade,,147912.0,3.0,0.102,243.95,0.0477,17190.0
5933.0,john06,TikTok,168067.0,,0.0834,131.64,0.0225,12822.0
5934.0,johncarpenter,LinkedIn,568408.0,2.0,0.102,332.66,0.0187,13626.0
5935.0,lisamorrow,Instagram,741746.0,6.0,0.0856,382.74,0.0247,30944.0
5936.0,kenneth67,Twitter,80718.0,1.0,0.0642,216.91,0.0171,32636.0
5937.0,dylanriley,Instagram,762636.0,1.0,0.0642,323.33,0.021,31161.0
5938.0,hughesjohn,Facebook,344748.0,3.0,0.0834,291.47,0.0343,28245.0
5939.0,jonesaustin,Instagram,415168.0,7.0,0.0642,94.05,0.0317,22726.0
5940.0,marycrawford,TikTok,,5.0,0.0834,727.33,0.0391,19103.0
5941.0,lisa30,Facebook,579404.0,4.0,0.0986,860.13,0.0105,33451.0
5942.0,lisa32,LinkedIn,40155.0,,,940.9,0.0102,45963.0
5943.0,zhobbs,Twitter,,2.0,0.0856,400.61,0.0387,41233.0
5944.0,,TikTok,379181.0,2.0,0.0642,135.73,0.0303,24854.0
5945.0,millerjill,LinkedIn,156230.0,6.0,0.0986,200.82,0.0217,40321.0
5946.0,trobinson,LinkedIn,364481.0,6.0,0.0834,214.12,,5007.0
5947.0,marcoporter,LinkedIn,610717.0,,0.0834,62.71,0.0439,43487.0
5948.0,lisaallen,TikTok,542072.0,2.0,0.0834,303.16,0.0198,4321.0
5949.0,molly66,LinkedIn,652602.0,1.0,0.0834,715.37,0.023,36708.0
5950.0,petersonjerry,Instagram,,3.0,0.102,162.02,0.0151,28637.0
5951.0,benjamingutierrez,TikTok,506324.0,3.0,0.102,345.58,0.028,45623.0
5952.0,richardmiller,TikTok,,6.0,0.0834,303.16,0.046,34793.0
5953.0,amandahenry,Twitter,438081.0,7.0,0.102,555.48,0.0358,6141.0
5954.0,fshaw,TikTok,117158.0,5.0,0.0642,,0.0313,
5955.0,chavezcourtney,LinkedIn,788835.0,5.0,0.0834,215.08,0.047,18409.0
5956.0,carrolljames,Twitter,169731.0,7.0,0.0856,380.39,0.0119,44600.0
,hbrooks,Instagram,950196.0,2.0,0.0986,868.22,0.0349,4390.0
5958.0,harrismichael,Facebook,816896.0,6.0,0.0834,756.44,0.0229,28138.0
,gluna,Instagram,467091.0,1.0,0.0986,304.18,0.0277,38043.0
5960.0,fullerchristine,Twitter,230086.0,2.0,0.0834,798.0,0.0363,45297.0
5961.0,,Instagram,485970.0,1.0,0.0856,,0.0354,26638.0
5962.0,robinsonmark,Facebook,312726.0,7.0,0.0986,938.02,0.0338,25979.0
5963.0,markhiggins,Facebook,192878.0,4.0,0.102,800.15,0.0285,43121.0
5964.0,gregoryrodriguez,Instagram,45600.0,,,625.62,0.021,13047.0
5965.0,kathleenmason,,524790.0,1.0,0.0834,350.68,0.0186,38907.0
,michelle11,TikTok,79213.0,4.0,0.0856,363.0,0.0464,25257.0
5967.0,kelly58,LinkedIn,,6.0,0.0642,81.94,0.0274,7427.0
5968.0,tinajones,Twitter,74387.0,3.0,0.0642,400.82,0.0447,3906.0
5969.0,justin62,Twitter,7121.0,7.0,,496.72,0.0293,39500.0
5970.0,lisa30,LinkedIn,211879.0,2.0,0.0986,331.37,0.0385,46092.0
,sonya64,Facebook,389799.0,6.0,0.0834,958.39,0.0443,38700.0
5972.0,barbarabranch,Instagram,,1.0,0.102,361.46,0.0115,1072.0
5973.0,cassandramiles,Twitter,776226.0,7.0,0.0856,400.82,0.0391,31798.0
5974.0,kristinlynch,Facebook,429711.0,1.0,0.0856,,0.0301,27322.0
5975.0,,LinkedIn,400540.0,5.0,0.102,74.72,0.0178,
5976.0,kathymacias,Facebook,403792.0,5.0,0.102,276.36,0.0168,23812.0
5977.0,tinajones,TikTok,984178.0,6.0,0.0834,888.13,0.0361,11474.0
5978.0,,TikTok,516790.0,6.0,0.0986,285.16,0.0353,19212.0
5979.0,wwatson,Instagram,398201.0,2.0,0.0642,379.82,0.0443,29953.0
5980.0,gutierreznicholas,Facebook,498882.0,3.0,0.0856,252.39,0.0267,10575.0
5981.0,dhouse,Instagram,877780.0,2.0,0.0856,459.37,0.024,36685.0
5982.0,matthew17,,689183.0,5.0,0.0986,226.55,0.0397,
5983.0,tommy65,TikTok,262407.0,5.0,0.0856,,0.0103,35294.0
5984.0,matthew96,Facebook,,7.0,0.102,159.96,0.0421,33042.0
5985.0,johnsonroberto,Twitter,939125.0,1.0,0.0642,332.66,0.0115,1665.0
5986.0,charleswilliams,Instagram,573031.0,6.0,0.0856,136.29,0.038,1763.0
5987.0,kimberlymorales,TikTok,521851.0,2.0,0.0642,159.96,0.0125,12137.0
5988.0,david26,Instagram,434014.0,6.0,0.0834,897.3,0.0436,13894.0
5989.0,bakerchristina,TikTok,332868.0,2.0,0.0986,791.91,0.0366,28677.0
5990.0,davistammy,Facebook,824017.0,6.0,0.0986,62.71,0.0239,8536.0
5991.0,yhahn,,733184.0,6.0,0.0834,,,21573.0
5992.0,klee,TikTok,759019.0,2.0,0.0642,277.01,0.0113,29810.0
5993.0,trobinson,Twitter,500601.0,5.0,0.102,611.1,0.05,35814.0
5994.0,brittney04,Instagram,732693.0,5.0,0.0834,771.95,0.0235,2956.0
5995.0,johnmartinez,Facebook,376601.0,6.0,0.0856,310.36,0.0267,37871.0
5996.0,kharris,Instagram,527914.0,,0.102,,0.03,20907.0
5997.0,flemingrichard,TikTok,816766.0,3.0,0.0834,926.97,0.0162,41184.0
5998.0,evanssteven,TikTok,883359.0,4.0,0.102,864.15,0.0214,24594.0
5999.0,rodgerszachary,LinkedIn,80381.0,7.0,0.102,148.83,0.0171,10316.0
6000.0,fkelly,Instagram,397481.0,7.0,0.0642,330.78,0.0166,32183.0
6001.0,toneill,Facebook,26689.0,6.0,0.0856,,0.0264,11234.0
6002.0,dennismichael,Facebook,682598.0,6.0,0.102,252.29,0.0456,26112.0
6003.0,zwhite,TikTok,498821.0,4.0,0.0986,204.59,0.0175,43195.0
6004.0,vmorgan,LinkedIn,501902.0,5.0,,136.29,0.0329,39877.0
6005.0,debbieharris,Instagram,587303.0,6.0,0.0642,514.6,0.0164,10109.0
6006.0,alexandra95,Twitter,,6.0,0.0856,906.88,0.0341,28070.0
6007.0,robinsonsandra,Twitter,772820.0,2.0,0.0856,276.36,0.0318,
6008.0,bowenamanda,Twitter,876664.0,3.0,0.0986,670.27,0.0364,19841.0
6009.0,lauragarcia,Twitter,120107.0,7.0,,278.81,0.0128,26468.0
6010.0,elizabethcombs,TikTok,869006.0,5.0,0.0856,956.1,0.038,6292.0
6011.0,brian17,LinkedIn,411064.0,4.0,0.102,376.93,0.0244,20565.0
6012.0,aryan,Facebook,121963.0,4.0,,905.43,0.045,49070.0
6013.0,lisa91,Twitter,412110.0,6.0,0.0856,951.47,0.0344,9959.0
6014.0,william00,Twitter,127279.0,6.0,0.0856,85.8,0.012,26952.0
6015.0,yrodriguez,Instagram,129165.0,3.0,0.0986,966.84,0.0225,49548.0
,hbrooks,Twitter,230396.0,5.0,0.0986,638.08,0.0481,26957.0
6017.0,brady22,TikTok,595268.0,6.0,0.102,386.33,0.0219,21150.0
6018.0,mackenziedaniels,LinkedIn,434368.0,2.0,0.0856,995.14,0.0417,17248.0
6019.0,ladams,Facebook,97669.0,2.0,0.0834,390.54,0.0219,42808.0
6020.0,nrodriguez,Twitter,592689.0,4.0,0.0986,185.21,0.0304,18679.0
6021.0,xmacias,LinkedIn,,2.0,0.0986,991.96,0.0486,13691.0
6022.0,eugene39,TikTok,990769.0,3.0,0.0834,387.68,0.0483,39131.0
6023.0,nancy96,TikTok,589145.0,7.0,0.0834,98.99,0.0273,16613.0
6024.0,perezjacqueline,Instagram,453224.0,1.0,0.0856,860.13,0.0426,12305.0
6025.0,christopherbarnes,LinkedIn,731398.0,7.0,,919.28,0.0275,23898.0
6026.0,samanthajohnson,LinkedIn,106482.0,7.0,0.0856,946.08,0.0418,13472.0
6027.0,laura14,LinkedIn,899172.0,4.0,0.0642,228.19,0.0274,10841.0
6028.0,elizabethelliott,LinkedIn,730539.0,,0.0642,215.08,0.0303,48855.0
6029.0,kdavis,Twitter,976730.0,5.0,0.102,780.56,0.0392,18555.0
6030.0,jonathanjones,Instagram,443544.0,3.0,0.0642,783.6,0.0238,7278.0
6031.0,fgamble,TikTok,425196.0,7.0,0.0856,508.6,0.0268,4770.0
6032.0,smithkristin,Instagram,443224.0,7.0,0.102,664.72,0.0126,36271.0
6033.0,jacksonsuzanne,Facebook,,7.0,0.0642,474.87,0.0369,15832.0
6034.0,yvettepotts,TikTok,656166.0,1.0,0.0642,402.45,0.0167,49143.0
6035.0,amanda20,Facebook,983535.0,6.0,0.0642,394.17,0.0205,23763.0
6036.0,jeff87,TikTok,57352.0,1.0,0.0642,537.38,0.0434,44383.0
6037.0,rjohnston,TikTok,557731.0,1.0,0.102,971.23,0.0426,49259.0
6038.0,sarahowen,Twitter,614684.0,,0.0834,408.67,0.0283,14473.0
6039.0,kenneth65,Twitter,404859.0,6.0,0.0986,671.12,0.0107,32091.0
6040.0,mike15,Twitter,929968.0,2.0,0.0834,97.88,,18214.0
6041.0,alexis09,TikTok,474236.0,5.0,0.0834,357.45,0.031,37835.0
6042.0,,Twitter,119486.0,3.0,0.102,352.12,0.0255,48829.0
6043.0,jennifer53,TikTok,795731.0,,0.0986,817.67,0.0307,37108.0
6044.0,qramos,Instagram,402987.0,5.0,0.0642,135.73,0.0135,23855.0
6045.0,brianna64,TikTok,58924.0,3.0,0.0856,224.65,0.0457,3798.0
6046.0,klee,LinkedIn,275221.0,4.0,0.102,469.53,0.0303,17543.0
6047.0,mariah21,TikTok,627638.0,3.0,0.102,881.85,0.0394,11262.0
6048.0,ryan83,Facebook,358680.0,5.0,0.0834,123.52,0.0133,13047.0
6049.0,,LinkedIn,489911.0,6.0,0.0642,610.44,0.0145,9137.0
6050.0,,TikTok,433369.0,6.0,0.0986,952.79,0.0369,14364.0
6051.0,gpayne,,888108.0,7.0,0.0834,842.79,0.0473,45049.0
6052.0,kimberly19,Facebook,69205.0,6.0,0.0986,,0.0352,40164.0
,andradewesley,Instagram,189357.0,6.0,0.0642,109.81,0.049,1539.0
6054.0,thomasortega,Facebook,101196.0,2.0,0.0856,600.01,0.0361,15889.0
6055.0,emily36,Facebook,238420.0,3.0,0.0856,763.66,0.041,2858.0
6056.0,nicholasnorton,Facebook,506241.0,4.0,0.0856,216.91,,35246.0
6057.0,qramos,Twitter,398437.0,3.0,0.0986,522.77,0.042,3848.0
6058.0,lisa32,Facebook,180535.0,1.0,0.0986,,0.0294,33202.0
6059.0,andrewgregory,LinkedIn,946457.0,5.0,0.0642,925.27,0.0262,30297.0
6060.0,robinsonsandra,TikTok,631944.0,3.0,0.0986,124.3,0.0421,23016.0
,claudiaferrell,LinkedIn,443727.0,1.0,,84.87,0.0314,5096.0
6062.0,jmcgee,Twitter,745974.0,7.0,0.0856,315.9,0.0412,26051.0
6063.0,jenniferreilly,Facebook,613125.0,5.0,0.0834,982.29,0.0267,36270.0
6064.0,wendylee,TikTok,900593.0,6.0,0.0642,397.29,0.0243,36281.0
6065.0,michael65,Facebook,870711.0,1.0,0.0856,245.74,0.0118,49030.0
6066.0,daltonmichael,Twitter,436566.0,3.0,0.102,667.59,0.0327,49663.0
6067.0,rodgerszachary,TikTok,719872.0,4.0,0.0856,899.04,0.0287,29312.0
6068.0,,,3848.0,6.0,0.102,777.68,0.0461,3983.0
6069.0,murphytabitha,Facebook,754918.0,2.0,0.0986,682.58,0.0343,33369.0
6070.0,parkerluke,Twitter,809900.0,,0.0986,262.66,0.0103,5599.0
6071.0,dawnwilkerson,,446135.0,6.0,0.0642,459.55,0.04,17061.0
6072.0,rebekah51,Instagram,327298.0,2.0,,672.69,0.044,47638.0
6073.0,,Facebook,245172.0,6.0,0.102,153.92,0.0345,21088.0
6074.0,gtorres,LinkedIn,653901.0,6.0,0.0642,,0.0186,2045.0
6075.0,jeffrey25,LinkedIn,390106.0,4.0,0.0856,884.06,0.0497,44976.0
6076.0,zrivers,TikTok,187682.0,7.0,0.102,513.6,0.0423,21160.0
6077.0,jbrown,Twitter,,5.0,0.0642,755.58,0.0402,48189.0
6078.0,sheila33,Instagram,988285.0,4.0,0.0642,825.23,0.0188,9610.0
6079.0,brett02,LinkedIn,107925.0,7.0,0.102,303.26,0.0267,20016.0
6080.0,erica07,Facebook,300602.0,1.0,,269.7,0.0274,44234.0
6081.0,mitchellpatrick,TikTok,376881.0,5.0,0.102,683.43,0.0107,37375.0
6082.0,adunn,LinkedIn,149572.0,4.0,0.0834,279.7,0.044,3903.0
6083.0,jessica26,Twitter,222552.0,1.0,0.0834,138.75,,45844.0
6084.0,patriciamorse,Twitter,680901.0,7.0,0.0986,291.47,0.0175,13324.0
6085.0,keycarol,Instagram,614716.0,3.0,0.0642,894.32,0.012,25700.0
6086.0,robert31,Instagram,906118.0,5.0,0.0986,317.82,0.0223,24671.0
6087.0,smack,Facebook,959245.0,3.0,0.102,820.13,0.0122,32346.0
6088.0,ojenkins,LinkedIn,,1.0,0.0856,951.11,0.0465,41047.0
6089.0,michaelbaker,Facebook,41910.0,3.0,0.0834,719.2,0.0412,34672.0
6090.0,gutierreznicholas,TikTok,72486.0,2.0,0.0986,573.41,0.0307,46849.0
6091.0,sarahowen,LinkedIn,698915.0,4.0,,876.46,0.0128,20495.0
6092.0,kimberly57,,588594.0,5.0,0.0834,887.03,0.0205,7298.0
6093.0,stephanie02,LinkedIn,68143.0,5.0,0.0986,871.89,0.0115,3465.0
6094.0,cooksteven,LinkedIn,561807.0,1.0,0.0856,881.85,0.0258,16195.0
6095.0,robert05,Instagram,898238.0,5.0,0.0834,142.77,0.038,49335.0
6096.0,smithdanielle,LinkedIn,502627.0,1.0,0.0986,681.66,0.0118,19179.0
6097.0,twagner,,215166.0,1.0,0.0642,962.84,0.0281,44198.0
6098.0,mthomas,LinkedIn,381608.0,5.0,0.0986,,0.0422,30867.0
6099.0,danny18,LinkedIn,496749.0,7.0,0.102,899.76,0.042,33385.0
6100.0,lisamorrow,Instagram,18972.0,1.0,0.0642,114.01,0.0275,34735.0
6101.0,scott25,Facebook,857202.0,3.0,,793.72,,13708.0
6102.0,alexandra95,TikTok,834485.0,6.0,0.0642,699.97,0.0245,26649.0
6103.0,makaylahall,LinkedIn,837406.0,6.0,0.102,602.6,0.021,27221.0
6104.0,colleen63,TikTok,613211.0,6.0,0.0856,951.65,0.0262,15854.0
6105.0,andersonjuan,LinkedIn,426489.0,6.0,0.0834,952.5,0.0113,32290.0
6106.0,jennifercummings,LinkedIn,230457.0,2.0,0.0856,504.44,0.0108,21414.0
6107.0,mcculloughedward,Facebook,372021.0,2.0,0.0986,422.04,0.0389,40103.0
6108.0,marissa77,Facebook,941479.0,1.0,0.0986,376.76,0.0175,23601.0
6109.0,,TikTok,542726.0,6.0,0.0986,972.62,0.0243,22849.0
6110.0,ggonzales,TikTok,,2.0,0.0834,125.06,0.0337,25409.0
6111.0,ericmiller,Twitter,817660.0,3.0,0.0986,962.84,0.0302,15666.0
6112.0,,Instagram,983579.0,4.0,0.102,73.0,0.026,16785.0
6113.0,henrykendra,Facebook,246824.0,5.0,0.0834,143.89,0.0235,23169.0
6114.0,michael16,,227175.0,1.0,0.0856,181.32,0.0192,32288.0
6115.0,debbie61,LinkedIn,570523.0,5.0,0.0856,916.1,0.0107,34184.0
6116.0,smithdanielle,Instagram,688952.0,3.0,0.102,582.66,0.0237,33123.0
6117.0,matthew17,Twitter,263400.0,1.0,0.0986,756.25,0.0243,43836.0
6118.0,carlosholt,Facebook,522138.0,2.0,0.0642,800.15,0.0325,41690.0
6119.0,whunt,Facebook,190859.0,7.0,0.0834,104.47,0.0118,31827.0
6120.0,zblackburn,TikTok,,3.0,0.0986,152.87,0.0252,28686.0
6121.0,graymelinda,Twitter,693326.0,3.0,0.102,111.24,0.0148,29565.0
6122.0,,LinkedIn,505925.0,5.0,0.0986,596.41,,12349.0
6123.0,stacey77,,863181.0,3.0,0.0834,372.21,0.0274,39636.0
6124.0,jacobwilson,Facebook,150443.0,1.0,0.0642,257.56,0.0448,40380.0
6125.0,asimon,LinkedIn,259052.0,6.0,0.102,358.83,0.0411,14828.0
6126.0,shannon54,LinkedIn,308915.0,1.0,0.0834,743.52,,43787.0
6127.0,christopherknox,TikTok,663805.0,6.0,0.0642,70.66,0.0297,38264.0
6128.0,gracegay,Instagram,478254.0,,0.0642,827.71,0.0117,4566.0
6129.0,lori07,TikTok,519558.0,3.0,0.0642,137.36,0.0259,6012.0
6130.0,mary05,TikTok,661779.0,3.0,0.0642,757.24,0.0439,2182.0
6131.0,hernandezthomas,TikTok,189789.0,2.0,0.0642,970.21,0.0365,14071.0
6132.0,ubecker,LinkedIn,672470.0,3.0,0.0834,141.99,0.0274,5309.0
6133.0,holmesjohn,Instagram,93248.0,3.0,0.0856,752.14,0.0285,16881.0
,jmiller,Instagram,204330.0,4.0,0.0856,296.14,0.0115,47363.0
6135.0,katherinechristian,Twitter,367650.0,3.0,0.0834,,0.0103,49285.0
6136.0,alyssa15,Facebook,438316.0,,0.0642,584.81,0.03,
6137.0,ahayes,Facebook,798585.0,3.0,0.0856,,0.0315,8752.0
6138.0,chavezjason,Facebook,255610.0,2.0,0.0642,840.87,0.0479,25082.0
6139.0,dylansmith,TikTok,540070.0,6.0,0.102,343.96,0.0145,15785.0
6140.0,danielanderson,Twitter,402600.0,1.0,0.0834,852.45,0.0182,46037.0
6141.0,nolancorey,TikTok,,3.0,0.0834,926.97,0.0404,16888.0
6142.0,asantos,Instagram,749785.0,1.0,,764.67,0.0473,34078.0
,chavezcourtney,TikTok,80734.0,1.0,0.0642,636.6,0.0133,3979.0
6144.0,ybrock,Instagram,704587.0,2.0,0.0986,376.93,0.0412,36151.0
,melissacordova,Facebook,,3.0,0.0986,61.62,0.0297,42429.0
6146.0,james94,TikTok,196743.0,5.0,0.0986,893.81,0.0284,32304.0
6147.0,lrusso,Twitter,3745.0,3.0,0.0856,719.56,0.0229,40896.0
6148.0,timothy62,Facebook,550345.0,6.0,0.102,864.3,0.0479,26562.0
6149.0,voconnor,LinkedIn,144302.0,7.0,0.0834,715.11,,26105.0
6150.0,corydavis,TikTok,7831.0,3.0,0.0986,174.81,0.0186,23529.0
6151.0,julie27,Facebook,36750.0,5.0,0.102,196.71,0.024,13268.0
6152.0,cookjames,Facebook,374493.0,6.0,0.0834,104.47,0.0392,1093.0
6153.0,mfreeman,LinkedIn,79342.0,6.0,0.0986,461.85,0.0315,3024.0
6154.0,cunninghamkevin,TikTok,911684.0,3.0,0.0986,500.37,0.0468,15509.0
6155.0,jamie67,Facebook,280374.0,6.0,0.0856,920.89,0.0426,47260.0
6156.0,petersonkristie,TikTok,45395.0,2.0,0.0856,181.4,0.0434,24051.0
6157.0,zwilliams,Instagram,935385.0,7.0,0.102,198.72,0.0175,7378.0
6158.0,lewisjessica,LinkedIn,514733.0,4.0,0.0834,220.8,0.0201,22926.0
6159.0,fullerchristine,LinkedIn,452025.0,1.0,0.102,573.41,0.0198,24789.0
6160.0,tylerwilliams,LinkedIn,911934.0,2.0,0.0856,540.02,0.0148,2273.0
6161.0,sonya64,TikTok,633201.0,3.0,0.102,715.37,0.0464,11830.0
6162.0,petersonjerry,TikTok,846057.0,7.0,0.0986,208.07,,40468.0
6163.0,qthomas,Twitter,680128.0,5.0,0.102,150.36,0.0189,17306.0
6164.0,garciasarah,LinkedIn,173409.0,,0.0642,595.24,0.0454,18508.0
6165.0,rmyers,TikTok,301307.0,4.0,0.102,370.17,0.0113,14772.0
6166.0,hellis,Instagram,112074.0,1.0,0.102,995.14,0.0108,48629.0
6167.0,laura14,Facebook,181593.0,7.0,0.0642,149.79,0.0286,38556.0
6168.0,hrobinson,Instagram,507579.0,6.0,0.0856,546.44,0.0163,32235.0
6169.0,david74,Instagram,747861.0,2.0,0.0986,536.5,0.0486,2770.0
6170.0,xmacias,TikTok,122466.0,3.0,0.0834,932.62,0.0262,43297.0
6171.0,jmiller,TikTok,,4.0,0.102,878.37,0.0413,43457.0
6172.0,revans,Facebook,146385.0,7.0,0.102,895.84,,18935.0
6173.0,brandon78,Facebook,817541.0,6.0,0.0834,519.52,0.0494,16455.0
6174.0,micheleshaw,TikTok,874801.0,3.0,0.0642,121.82,0.0331,8952.0
6175.0,kevingarcia,TikTok,655086.0,2.0,0.0642,,0.0499,21769.0
6176.0,ihernandez,LinkedIn,776502.0,1.0,0.102,268.92,0.032,22935.0
6177.0,mark69,LinkedIn,927168.0,2.0,0.0856,100.35,0.0335,25004.0
6178.0,,LinkedIn,663426.0,2.0,0.0834,655.03,0.0371,25833.0
6179.0,kimberlymorales,Twitter,2593.0,1.0,0.0642,733.6,0.0421,26648.0
6180.0,megan53,,220201.0,4.0,0.0856,521.96,0.0204,15231.0
6181.0,elaine15,Twitter,197019.0,3.0,0.102,576.61,0.025,9739.0
6182.0,robinsonmark,TikTok,437630.0,3.0,,431.19,0.0118,36491.0
6183.0,davisbrenda,TikTok,387196.0,1.0,0.0856,130.29,0.0108,4330.0
6184.0,davisjose,Twitter,690117.0,6.0,0.0642,920.89,0.037,14777.0
6185.0,kenneth65,Twitter,497241.0,4.0,0.0856,712.81,0.0393,23391.0
6186.0,fletcheralexis,Twitter,342429.0,7.0,0.0856,250.31,,23654.0
6187.0,teresataylor,Twitter,570545.0,,0.0856,129.94,0.0318,17634.0
6188.0,justin99,LinkedIn,615783.0,,0.102,,0.0315,31037.0
6189.0,ejones,TikTok,55264.0,6.0,0.0986,194.99,0.0225,44400.0
6190.0,tyler94,Instagram,,6.0,0.0834,752.11,0.0499,45251.0
6191.0,parsonsashley,Facebook,4985.0,2.0,0.0986,441.13,0.029,48174.0
6192.0,aandrade,LinkedIn,489747.0,3.0,0.0834,,0.0421,22374.0
,gregory84,Twitter,672562.0,3.0,,77.54,,13088.0
6194.0,mnolan,LinkedIn,680831.0,,0.0856,200.82,0.0219,19684.0
6195.0,qthomas,,114110.0,1.0,0.0856,913.44,0.0247,5942.0
6196.0,rmyers,LinkedIn,429598.0,5.0,0.0856,546.44,0.0349,44285.0
6197.0,smithdanielle,Facebook,406816.0,6.0,0.0834,,0.0363,19992.0
6198.0,austingarza,Facebook,148181.0,2.0,0.0986,117.22,0.0385,40218.0
6199.0,charleswilliams,Facebook,573494.0,5.0,0.0986,308.89,0.0167,17787.0
6200.0,virginia09,Instagram,359370.0,3.0,0.102,893.56,0.0493,41298.0
6201.0,jenniferwaller,Twitter,716357.0,3.0,0.0856,,0.0269,47021.0
6202.0,blackburnanthony,Facebook,224691.0,4.0,0.0642,568.9,0.0109,30749.0
6203.0,,Instagram,513921.0,2.0,0.0834,187.74,0.0266,31700.0
6204.0,wcolon,LinkedIn,476683.0,7.0,0.0986,261.62,0.0418,40514.0
6205.0,williamrodriguez,TikTok,976667.0,2.0,,989.88,0.0442,7331.0
6206.0,dgarza,Instagram,719774.0,5.0,0.0642,637.48,0.0102,20014.0
6207.0,sonya64,Twitter,978868.0,1.0,0.0856,825.62,0.0108,27448.0
6208.0,katieking,Twitter,991058.0,6.0,0.0856,339.15,0.0214,23430.0
6209.0,nicholasnorton,Facebook,228886.0,3.0,0.0986,411.29,0.0384,12202.0
6210.0,john77,LinkedIn,115324.0,7.0,0.0642,887.03,0.0264,3491.0
6211.0,cassandramiles,Instagram,865680.0,5.0,0.102,439.08,0.0111,2589.0
6212.0,lrusso,,764372.0,5.0,0.0834,170.85,0.025,23504.0
6213.0,petersonjerry,Instagram,675592.0,5.0,0.0986,84.87,0.0367,7242.0
6214.0,yhahn,LinkedIn,815040.0,5.0,0.0834,916.1,,30960.0
6215.0,royharper,Facebook,112777.0,7.0,0.0642,986.41,0.0296,26931.0
6216.0,robertsjared,Facebook,413364.0,,0.0986,103.1,0.0321,12661.0
6217.0,pblackwell,Twitter,757809.0,5.0,0.102,135.73,0.023,24184.0
6218.0,zhobbs,Instagram,183440.0,5.0,0.0856,868.22,0.0105,44166.0
6219.0,,Instagram,954307.0,6.0,0.0834,358.78,0.019,43062.0
6220.0,pjones,LinkedIn,992251.0,7.0,0.0986,878.37,0.0328,14912.0
6221.0,melissacordova,Facebook,655231.0,3.0,0.102,894.7,,29537.0
6222.0,nroberts,Facebook,230565.0,2.0,0.0834,121.82,0.0137,16851.0
6223.0,,Twitter,109274.0,7.0,0.102,577.15,,45952.0
6224.0,cynthiagraham,Instagram,743713.0,4.0,0.0834,985.46,0.0411,14041.0
6225.0,nathaniel06,TikTok,956036.0,3.0,0.0856,595.24,0.0454,15643.0
6226.0,wstevens,,460179.0,1.0,0.102,,0.0346,11538.0
6227.0,tyleralvarado,TikTok,290715.0,1.0,0.0856,553.49,0.0473,27805.0
6228.0,,Twitter,946560.0,3.0,0.0856,51.95,0.0175,26822.0
6229.0,gclark,Facebook,640718.0,7.0,0.0856,185.21,0.0426,1579.0
6230.0,williamwyatt,Instagram,743192.0,5.0,0.0986,777.68,0.027,19976.0
6231.0,lance30,Twitter,29928.0,5.0,0.0834,104.69,0.0143,12471.0
6232.0,rmendoza,LinkedIn,247149.0,5.0,0.0642,514.07,0.043,29175.0
6233.0,steven51,,512745.0,5.0,0.102,761.22,0.0174,48925.0
6234.0,ghouse,Instagram,563818.0,5.0,0.0856,817.09,0.0161,10644.0
6235.0,amanda27,TikTok,381446.0,,0.0856,785.27,0.0186,22475.0
6236.0,tyler31,LinkedIn,868600.0,,0.0834,959.49,0.0488,19877.0
6237.0,gregory54,LinkedIn,580177.0,2.0,0.0642,683.43,0.0194,8320.0
6238.0,cunninghamkevin,TikTok,715888.0,4.0,0.0642,411.63,0.0261,38136.0
6239.0,romerojorge,Facebook,739103.0,4.0,0.0834,203.52,0.0341,30253.0
6240.0,paul43,Instagram,667734.0,7.0,0.0642,374.56,0.0221,8588.0
6241.0,,Instagram,43808.0,3.0,0.0856,395.01,0.0107,47537.0
6242.0,ewalters,TikTok,857604.0,7.0,0.0856,230.6,0.011,16792.0
6243.0,ctorres,Facebook,681265.0,3.0,0.0986,748.28,0.0422,7723.0
6244.0,tonyarobertson,Instagram,644204.0,3.0,0.0642,693.78,0.0103,11551.0
6245.0,nicholaspeters,LinkedIn,977353.0,2.0,0.102,916.32,0.0235,26491.0
6246.0,nbutler,LinkedIn,188067.0,7.0,0.0856,967.56,0.0353,17525.0
6247.0,morganmelanie,Instagram,937941.0,3.0,0.0856,133.68,0.0233,26161.0
6248.0,rjohnston,Twitter,899838.0,4.0,0.0986,383.32,0.0253,16838.0
6249.0,ftrevino,LinkedIn,417810.0,6.0,0.0856,507.13,0.0286,49354.0
6250.0,andrewberg,Facebook,159133.0,4.0,0.0642,117.05,0.0137,45500.0
6251.0,wjohnson,Instagram,591537.0,6.0,0.0834,461.85,0.0193,13368.0
6252.0,nrodriguez,LinkedIn,504562.0,5.0,0.0986,358.83,0.0115,8027.0
6253.0,mosleymark,Facebook,434226.0,7.0,0.0986,542.96,0.024,
6254.0,dawnwilkerson,Instagram,520024.0,1.0,0.0986,114.01,0.0371,25458.0
,jenniferthornton,Instagram,296634.0,3.0,0.0856,966.97,0.0309,33284.0
6256.0,emily58,,434063.0,3.0,0.0642,55.4,0.0478,10528.0
6257.0,stonecharles,Instagram,114179.0,3.0,0.102,993.2,0.0151,23757.0
6258.0,uhobbs,TikTok,815595.0,2.0,0.0856,74.72,0.0287,34317.0
6259.0,andrew24,TikTok,80737.0,3.0,0.0834,862.77,,45313.0
6260.0,clarkdavid,Twitter,79204.0,3.0,0.0642,451.91,0.0347,3074.0
6261.0,dylanriley,Instagram,565323.0,1.0,0.0834,528.03,0.0276,48609.0
6262.0,nwalsh,Facebook,470308.0,5.0,0.0642,387.68,0.0224,21505.0
6263.0,nhoffman,,987827.0,1.0,0.0986,174.81,,38285.0
6264.0,,Instagram,252207.0,2.0,0.102,985.34,0.0241,8589.0
6265.0,blackwellandrew,Twitter,887249.0,4.0,0.0834,685.4,0.0304,14544.0
6266.0,angelsmith,TikTok,65095.0,6.0,,239.32,0.0163,35600.0
6267.0,stacey77,Twitter,232643.0,,0.0834,,0.0213,
6268.0,smithsusan,Instagram,786231.0,4.0,0.0986,791.91,0.0131,18558.0
6269.0,mackeric,TikTok,,3.0,0.0856,755.58,0.0378,7084.0
6270.0,deannathompson,TikTok,722798.0,4.0,,772.9,0.0238,8221.0
6271.0,irice,TikTok,500461.0,5.0,0.0986,152.61,0.015,27567.0
6272.0,connie46,Twitter,189073.0,1.0,0.0642,507.39,0.0145,7307.0
6273.0,jacksonberry,Facebook,,1.0,0.0834,184.52,0.0353,12349.0
6274.0,wjohnson,TikTok,710870.0,5.0,0.0856,83.12,0.0166,40478.0
6275.0,christopherbarnes,Instagram,994440.0,6.0,,435.65,0.0398,40711.0
,russellmelissa,TikTok,296621.0,1.0,0.0856,611.1,0.0427,30921.0
6277.0,sarah70,TikTok,497023.0,2.0,0.0642,859.17,0.05,17367.0
6278.0,michael65,Instagram,457347.0,1.0,0.102,345.58,0.0182,32888.0
6279.0,dunndaniel,TikTok,407199.0,4.0,0.0986,212.36,,
6280.0,brianna64,Instagram,351514.0,6.0,0.0986,277.98,0.0286,35112.0
6281.0,rjohnston,LinkedIn,328972.0,3.0,0.0642,195.91,0.0334,39718.0
6282.0,gregory54,Twitter,858118.0,1.0,0.0834,599.73,0.0171,15132.0
6283.0,leonardkatherine,Instagram,418097.0,5.0,0.0834,474.87,0.0364,40253.0
6284.0,irice,TikTok,219745.0,2.0,0.0834,170.04,0.0494,33223.0
6285.0,mariahbell,TikTok,306124.0,5.0,0.0986,222.46,0.0312,
6286.0,ronnie15,Instagram,429906.0,3.0,0.0856,369.37,0.0384,44348.0
6287.0,besparza,,187549.0,5.0,0.0834,610.44,0.0311,7309.0
6288.0,jconner,Instagram,242607.0,4.0,0.102,422.61,0.023,34827.0
6289.0,ericajohns,Instagram,486972.0,3.0,0.0986,965.17,0.0394,26700.0
6290.0,qthomas,Twitter,921945.0,5.0,0.0834,719.56,0.0172,7302.0
6291.0,nathandouglas,Instagram,134516.0,3.0,0.102,83.12,0.0102,46554.0
6292.0,smithdanielle,Instagram,102165.0,3.0,0.102,630.47,0.0276,24450.0
6293.0,kevin80,TikTok,51585.0,2.0,0.102,938.98,0.0274,36075.0
6294.0,michaelgonzales,Instagram,928885.0,1.0,0.0642,827.63,0.0313,35942.0
6295.0,hernandezshawn,Twitter,37332.0,3.0,0.102,186.45,0.0427,14510.0
6296.0,hughesjohn,LinkedIn,778816.0,7.0,0.0986,97.1,,22039.0
6297.0,pbrooks,Facebook,498767.0,3.0,0.0642,430.4,0.0218,34506.0
6298.0,xmacias,LinkedIn,461966.0,3.0,0.0856,907.34,0.0156,22386.0
6299.0,hellis,Facebook,633302.0,7.0,0.0856,194.55,0.038,26924.0
6300.0,sancheztroy,Facebook,791527.0,2.0,0.102,,0.0139,13771.0
6301.0,michaelflores,Instagram,169867.0,,0.0642,323.63,0.0429,
6302.0,powelljoseph,LinkedIn,752880.0,1.0,0.0642,380.39,0.0109,37000.0
,,TikTok,148188.0,2.0,,450.62,0.0424,31571.0
6304.0,paul06,Instagram,221132.0,2.0,0.0986,965.86,0.0291,5644.0
6305.0,evanscarrie,TikTok,676616.0,3.0,0.102,90.45,0.0114,5483.0
6306.0,luislove,LinkedIn,153548.0,7.0,0.102,820.13,,20691.0
6307.0,gluna,,973667.0,2.0,0.0856,377.8,0.0285,6483.0
6308.0,jonesaustin,Twitter,101298.0,2.0,0.0986,148.04,0.0373,20042.0
6309.0,wstevens,Instagram,948203.0,2.0,,916.1,0.0311,27068.0
6310.0,katieking,Instagram,33903.0,4.0,0.0642,61.62,0.0112,21638.0
6311.0,chavezjason,Instagram,576027.0,6.0,0.0834,269.91,0.0275,2117.0
6312.0,michaeldavis,TikTok,377327.0,2.0,0.0834,,0.0413,14553.0
6313.0,jbrown,Twitter,449368.0,5.0,0.102,391.97,0.0303,35173.0
6314.0,ipreston,Instagram,233937.0,2.0,0.0834,391.97,0.0313,26155.0
6315.0,lsaunders,Twitter,,,0.0834,477.98,0.0193,38007.0
,hwarren,LinkedIn,,2.0,0.0642,555.43,0.0315,35256.0
6317.0,lori07,Facebook,305391.0,6.0,0.102,100.31,0.0148,17448.0
6318.0,billpage,Twitter,560095.0,5.0,0.0856,514.6,0.0436,22943.0
6319.0,powelljoseph,Facebook,,2.0,0.102,951.11,0.0276,22506.0
6320.0,stephen81,LinkedIn,579970.0,7.0,0.102,520.22,0.019,21010.0
6321.0,tyler31,Twitter,836227.0,1.0,0.0834,595.24,0.0261,14442.0
6322.0,robertpalmer,Twitter,99061.0,5.0,0.0856,254.87,0.0307,7748.0
6323.0,alisonrobertson,Twitter,494034.0,6.0,0.0986,851.98,0.0478,39409.0
6324.0,eric65,TikTok,380010.0,4.0,0.102,965.86,0.0369,21312.0
6325.0,murphydebbie,Twitter,45828.0,,0.0986,257.56,0.0427,31925.0
6326.0,erica07,Instagram,679270.0,4.0,0.102,228.19,0.0239,30471.0
6327.0,robinsonmark,Facebook,813924.0,6.0,0.0834,139.38,0.0249,15968.0
6328.0,gmcintosh,Facebook,388378.0,2.0,0.0856,645.84,0.0177,13410.0
6329.0,edwardthomas,Facebook,489264.0,3.0,0.0834,431.19,0.0228,16290.0
,millerjill,Facebook,302009.0,,0.0986,928.25,0.039,10798.0
6331.0,taylorcooper,Facebook,649434.0,4.0,0.0642,376.93,0.0406,35813.0
6332.0,nicholasmontgomery,Facebook,,3.0,0.0856,282.33,0.0391,48801.0
6333.0,,Instagram,596426.0,2.0,0.0642,95.36,0.0197,48742.0
6334.0,patriciamorse,LinkedIn,797398.0,5.0,0.0986,396.53,0.0391,37439.0
6335.0,smithsusan,Instagram,,4.0,0.0856,211.96,0.0283,38530.0
6336.0,nicholaspeters,LinkedIn,839312.0,1.0,0.0834,274.15,0.0239,23006.0
6337.0,fowlermichael,Instagram,565200.0,4.0,0.0642,722.82,0.0379,42811.0
6338.0,mark69,Facebook,658366.0,6.0,0.102,611.1,0.0216,
6339.0,wmercado,LinkedIn,275170.0,2.0,0.0642,,0.021,5210.0
6340.0,edwardthomas,LinkedIn,209679.0,6.0,0.102,225.29,0.0275,34554.0
6341.0,rachelsnyder,TikTok,441946.0,2.0,0.0986,696.43,0.0164,4031.0
6342.0,qfisher,Instagram,695161.0,6.0,0.0986,152.25,,45239.0
6343.0,wongrichard,TikTok,592245.0,5.0,0.0642,379.82,0.0326,31439.0
6344.0,mike15,LinkedIn,967571.0,,0.0856,907.05,0.0426,49416.0
,nelsonalfred,Twitter,949728.0,3.0,0.0856,405.74,0.0322,1264.0
6346.0,kristinemalone,,965341.0,6.0,0.0642,,0.0124,14617.0
6347.0,mcintoshrobert,LinkedIn,91033.0,5.0,0.0986,721.34,0.042,10864.0
6348.0,jacksonsuzanne,Facebook,363867.0,7.0,0.0986,186.45,0.0273,41599.0
6349.0,michelleriggs,TikTok,395540.0,3.0,0.102,526.82,0.0306,37188.0
6350.0,westjustin,Facebook,399842.0,6.0,0.0834,110.12,0.0346,15038.0
,,LinkedIn,876420.0,6.0,0.0856,302.06,0.0149,12298.0
6352.0,xcruz,Facebook,599445.0,5.0,0.0834,369.37,0.0493,43262.0
6353.0,vdavila,Instagram,444878.0,3.0,0.0834,520.22,0.0184,41290.0
6354.0,sharris,TikTok,587211.0,3.0,,510.99,0.0423,37589.0
6355.0,,LinkedIn,290839.0,2.0,0.0986,881.41,0.0138,38445.0
6356.0,hernandezshawn,Instagram,131328.0,6.0,0.0986,457.25,0.041,28172.0
6357.0,richardmiller,Instagram,441319.0,2.0,0.0834,511.26,0.0115,46969.0
6358.0,kristinwilson,TikTok,856430.0,2.0,0.0834,126.59,0.0393,46056.0
6359.0,lsherman,Twitter,858460.0,6.0,0.102,913.44,,14195.0
6360.0,andrewgregory,LinkedIn,998968.0,7.0,0.102,797.64,0.0351,15552.0
6361.0,grobinson,Twitter,78499.0,3.0,0.0834,638.08,0.035,29243.0
6362.0,williambell,Facebook,285368.0,1.0,0.102,521.24,0.0153,26068.0
6363.0,davismichael,Facebook,184029.0,2.0,0.0986,,0.0242,14572.0
6364.0,james82,Instagram,488729.0,6.0,0.0642,405.74,0.021,39962.0
6365.0,alexandermckenzie,Twitter,872209.0,7.0,0.0642,370.17,,31878.0
6366.0,erika95,,980301.0,3.0,,826.95,0.0276,37834.0
6367.0,barbarabranch,LinkedIn,228242.0,5.0,0.0856,127.9,0.0281,21808.0
6368.0,thomassherri,LinkedIn,963414.0,7.0,0.0834,612.29,0.0247,3812.0
6369.0,nicholas41,TikTok,973228.0,1.0,0.102,,,26189.0
6370.0,kaitlynvalentine,Twitter,324984.0,4.0,0.0642,710.67,0.0259,39990.0
6371.0,carlosrivera,TikTok,582221.0,5.0,0.0986,83.53,0.0498,39702.0
6372.0,christie73,Instagram,772752.0,3.0,0.0642,481.13,0.0442,12338.0
6373.0,,Twitter,208419.0,,0.0642,304.18,0.0231,47525.0
6374.0,qreyes,TikTok,80391.0,5.0,0.0986,681.75,0.0118,22193.0
6375.0,dixonjulie,LinkedIn,975400.0,4.0,0.0856,429.01,0.021,9067.0
6376.0,jeffreyrice,LinkedIn,563864.0,7.0,0.0986,270.38,0.04,35926.0
6377.0,kenneth65,Instagram,829201.0,6.0,0.0642,511.26,0.0266,44636.0
6378.0,stephanielopez,,499130.0,1.0,0.0986,454.63,0.0275,30601.0
6379.0,tlee,Twitter,234585.0,1.0,0.0856,395.62,0.0416,28685.0
6380.0,parsonsmichael,TikTok,149399.0,5.0,0.0642,148.05,0.0486,45579.0
6381.0,tmarquez,Instagram,757689.0,6.0,0.0834,742.79,0.0443,
,tyler31,LinkedIn,642167.0,5.0,0.0856,61.62,,7895.0
6383.0,kjohns,Twitter,143321.0,6.0,0.0856,920.89,0.0187,2491.0
6384.0,ewilliams,Instagram,735220.0,7.0,0.102,752.14,0.0148,47007.0
6385.0,canderson,TikTok,24002.0,1.0,0.0642,485.02,0.0412,21357.0
6386.0,timothy62,Twitter,757273.0,5.0,0.0986,881.41,0.0124,41258.0
6387.0,melissa93,Instagram,914858.0,1.0,0.0834,148.04,0.0247,34990.0
6388.0,andre58,,653819.0,3.0,0.0834,733.6,0.0481,34095.0
6389.0,ugrant,Twitter,707039.0,7.0,0.0834,934.87,0.0104,1826.0
6390.0,ahoover,Instagram,735203.0,2.0,0.0834,938.98,0.0229,48393.0
6391.0,murphytabitha,Facebook,151419.0,7.0,0.0856,690.0,0.011,20280.0
6392.0,nperez,TikTok,458477.0,2.0,0.0986,214.12,0.0118,41557.0
6393.0,,Twitter,615885.0,1.0,0.0834,382.74,0.0431,48447.0
6394.0,anthonywilliams,Twitter,83213.0,3.0,0.0856,428.98,0.0359,43212.0
6395.0,slambert,LinkedIn,131043.0,6.0,0.102,122.95,0.0341,48576.0
6396.0,canderson,TikTok,,3.0,0.0642,90.45,,45792.0
6397.0,millerrobert,TikTok,300176.0,5.0,,822.81,0.0118,47293.0
,chaseronald,Facebook,835343.0,6.0,0.0642,446.68,0.0302,
6399.0,gbowman,Instagram,947478.0,5.0,0.0642,892.8,0.0262,41714.0
6400.0,kimryan,TikTok,951648.0,5.0,0.0856,570.51,0.0441,46491.0
6401.0,acevedoryan,,806973.0,6.0,0.0986,83.53,0.0272,10365.0
6402.0,thayes,Instagram,782234.0,5.0,0.0834,212.36,,2118.0
6403.0,mary46,LinkedIn,982425.0,7.0,0.0856,190.5,0.0174,17755.0
6404.0,evanscarrie,Facebook,497909.0,2.0,0.0856,528.03,0.0428,32531.0
6405.0,zrivers,Facebook,653210.0,3.0,0.0642,218.75,0.0172,15185.0
6406.0,francessullivan,LinkedIn,383272.0,2.0,0.0642,277.01,0.0276,32262.0
6407.0,jeremiah03,,647592.0,6.0,,262.51,0.041,14505.0
6408.0,matthew96,TikTok,111654.0,7.0,0.0856,512.18,0.0238,15046.0
6409.0,nancy96,Twitter,48801.0,5.0,0.0986,143.89,0.0337,34082.0
6410.0,brenda00,Facebook,282889.0,5.0,0.0834,497.57,0.0266,7294.0
6411.0,davidsmith,Twitter,800871.0,4.0,0.102,413.32,0.0487,15809.0
6412.0,kwright,Instagram,834216.0,5.0,0.102,997.04,0.0164,1075.0
6413.0,kimberly57,Facebook,176601.0,7.0,0.0642,724.29,0.0309,7861.0
6414.0,woodjodi,Twitter,475740.0,1.0,0.0834,390.54,0.034,28880.0
6415.0,dannylee,Instagram,939093.0,3.0,0.0642,864.63,0.0335,10036.0
6416.0,deannathompson,LinkedIn,299604.0,2.0,0.0986,880.42,0.0402,3768.0
6417.0,samanthajohnson,LinkedIn,59570.0,4.0,0.0834,772.9,0.0294,23027.0
6418.0,blakebell,Facebook,790912.0,2.0,0.102,942.87,0.0187,35567.0
6419.0,hgonzalez,Instagram,119212.0,2.0,0.0642,395.01,0.0143,28659.0
6420.0,hardyjames,,772768.0,7.0,0.0856,894.7,0.0492,5255.0
6421.0,michelle11,Facebook,971001.0,2.0,0.0642,431.19,0.0175,28742.0
6422.0,duranbrittany,Facebook,178665.0,4.0,0.0856,933.11,0.0178,26016.0
6423.0,martinerica,TikTok,716349.0,1.0,0.0986,202.23,0.0402,19835.0
6424.0,kevingarcia,TikTok,57701.0,1.0,0.0856,536.5,0.0192,37267.0
6425.0,tonyaevans,TikTok,510318.0,4.0,0.0642,879.58,,37964.0
6426.0,lisa73,LinkedIn,378457.0,6.0,0.102,307.41,0.048,47546.0
6427.0,andrewberg,Twitter,43832.0,5.0,0.0642,798.0,0.0402,43904.0
6428.0,michael55,Instagram,479810.0,5.0,0.0642,757.24,0.0493,33529.0
6429.0,allen72,Twitter,386328.0,2.0,0.0986,934.87,0.0409,
6430.0,michael16,LinkedIn,809858.0,2.0,0.0834,995.79,0.0319,17450.0
6431.0,nhoffman,Twitter,739801.0,6.0,0.0986,507.39,0.0301,19161.0
6432.0,blackwellandrew,TikTok,956547.0,6.0,0.0642,353.04,,15055.0
,matthewtaylor,Facebook,971160.0,1.0,0.0986,497.57,0.0328,22174.0
6434.0,charleswilliams,TikTok,853157.0,1.0,0.0834,263.63,0.0404,3595.0
6435.0,gsanchez,TikTok,640303.0,3.0,0.102,130.29,0.042,8576.0
6436.0,cookjames,LinkedIn,513639.0,6.0,0.0834,572.3,0.0337,15462.0
6437.0,pblackwell,TikTok,438186.0,5.0,0.0986,538.1,0.0227,24324.0
6438.0,acevedoryan,LinkedIn,444181.0,,0.0856,917.31,0.0499,45939.0
6439.0,,Twitter,215668.0,1.0,0.0834,264.48,0.0326,30365.0
6440.0,,Twitter,348318.0,4.0,0.0856,710.34,0.0198,14514.0
6441.0,williamrodriguez,Twitter,502304.0,4.0,0.0986,81.94,0.0486,21657.0
6442.0,racheldodson,,542062.0,6.0,0.0642,985.46,0.0469,32973.0
6443.0,charlescisneros,Facebook,280568.0,4.0,,394.17,0.015,40549.0
6444.0,ujones,Instagram,586672.0,4.0,0.0834,383.19,0.0375,1232.0
6445.0,andrew53,Twitter,114002.0,4.0,0.102,846.43,0.0183,27593.0
6446.0,erin92,LinkedIn,219237.0,3.0,0.0986,526.82,0.0238,3956.0
6447.0,brittney04,TikTok,817827.0,4.0,0.102,952.28,0.0241,32744.0
6448.0,bradleymoore,TikTok,881179.0,1.0,0.0642,715.37,0.0278,18885.0
,hbarnes,LinkedIn,608658.0,2.0,0.0834,68.89,0.0191,28698.0
6450.0,nicholasnorton,LinkedIn,141649.0,1.0,0.0642,555.43,0.0294,35598.0
6451.0,pflores,TikTok,171522.0,1.0,0.0856,108.56,0.0376,2087.0
6452.0,qfisher,LinkedIn,298737.0,4.0,0.0834,384.1,0.0424,39668.0
6453.0,michellemcdaniel,Facebook,585524.0,3.0,,958.39,0.0128,22403.0
6454.0,belinda51,LinkedIn,169932.0,1.0,0.0834,867.62,0.0208,40070.0
6455.0,,Twitter,880802.0,6.0,0.102,771.95,0.0191,17915.0
6456.0,perezbobby,TikTok,796944.0,3.0,0.0986,268.92,0.0189,43747.0
6457.0,nicholasmontgomery,Instagram,981602.0,4.0,0.102,369.37,0.0209,12899.0
6458.0,,TikTok,602412.0,4.0,0.0642,995.14,0.0477,21655.0
6459.0,ubecker,TikTok,352741.0,7.0,0.0986,814.78,0.0263,20937.0
6460.0,anthonyrobinson,TikTok,639788.0,,0.0856,192.45,0.0364,34542.0
6461.0,snicholson,LinkedIn,,1.0,0.0856,599.73,0.049,11008.0
6462.0,crystalsharp,Twitter,51580.0,5.0,0.0986,282.81,0.038,23943.0
6463.0,jilliannielsen,Twitter,749877.0,5.0,0.0642,623.81,,32362.0
6464.0,,,555436.0,3.0,0.102,177.32,0.0328,31995.0
,lisa32,Instagram,946296.0,7.0,0.0856,649.02,0.0159,26069.0
6466.0,xlindsey,Facebook,480692.0,3.0,0.0986,276.36,0.0361,22927.0
6467.0,leemorales,Facebook,768729.0,5.0,0.0986,126.59,0.0295,43573.0
6468.0,bnelson,Instagram,853612.0,7.0,0.0642,216.01,0.0193,19323.0
6469.0,uzhang,TikTok,910411.0,5.0,0.102,139.9,0.0164,29628.0
6470.0,whitedanielle,TikTok,459127.0,5.0,0.0856,323.63,0.0171,47436.0
6471.0,ghouse,Twitter,498635.0,3.0,0.102,909.29,0.0213,16312.0
6472.0,kelleytina,Instagram,841989.0,6.0,0.0834,370.12,0.0126,
6473.0,kristinemalone,,356249.0,5.0,0.0642,906.88,0.0174,3196.0
6474.0,evanscarrie,TikTok,730994.0,4.0,0.0986,715.96,0.0233,8597.0
,michaelpatrick,Facebook,763982.0,2.0,0.0856,68.93,0.0118,15946.0
6476.0,charleswilliams,Twitter,98678.0,4.0,0.0856,810.44,0.0251,35901.0
6477.0,toneill,Twitter,924214.0,5.0,0.102,712.81,0.0365,6287.0
6478.0,stevensondesiree,Twitter,632648.0,2.0,0.0986,339.15,0.0186,21249.0
6479.0,emily58,Instagram,668328.0,6.0,0.0856,279.32,0.0266,40103.0
6480.0,susan22,TikTok,71784.0,6.0,0.102,991.96,0.0371,13187.0
6481.0,jessica46,TikTok,963140.0,,0.0834,537.16,0.0229,19804.0
6482.0,xfreeman,TikTok,642706.0,6.0,0.0986,794.46,0.0233,4290.0
6483.0,hbrooks,Twitter,583980.0,7.0,0.0834,875.2,0.0309,25506.0
6484.0,williamskyle,LinkedIn,758389.0,1.0,0.0834,213.67,0.0112,21297.0
6485.0,timothynavarro,Instagram,678290.0,,0.102,187.13,0.0346,2531.0
6486.0,garymoore,TikTok,328578.0,2.0,0.0642,771.95,0.0208,47945.0
6487.0,vmorgan,Twitter,323360.0,5.0,0.102,224.95,0.0402,25038.0
,gregoryrodriguez,Facebook,416822.0,,0.0856,,0.0153,28969.0
6489.0,tiffany85,LinkedIn,922814.0,7.0,0.0986,926.61,0.0204,25108.0
6490.0,kimberlymorales,LinkedIn,237861.0,3.0,0.0986,262.66,0.0213,45691.0
6491.0,shawn32,LinkedIn,861478.0,2.0,0.102,245.68,0.0226,47858.0
6492.0,cynthia04,LinkedIn,259524.0,,0.0986,100.35,0.02,15826.0
6493.0,johnmartinez,LinkedIn,87481.0,7.0,0.102,852.45,0.0112,20961.0
6494.0,colleen63,Facebook,671100.0,5.0,0.102,154.35,0.0349,5057.0
6495.0,morganmelanie,LinkedIn,917864.0,1.0,0.0856,376.76,0.0213,13867.0
6496.0,harrisjacob,Twitter,785750.0,7.0,0.0834,511.76,0.031,9825.0
6497.0,gene05,LinkedIn,143349.0,5.0,0.0642,756.77,0.0478,48053.0
6498.0,thomas49,Facebook,217419.0,4.0,0.102,129.94,0.0485,41861.0
6499.0,douglasalice,Twitter,727210.0,1.0,0.0986,133.64,0.0171,26739.0
6500.0,kenneth65,LinkedIn,579185.0,1.0,0.0856,479.34,0.0149,44208.0
6501.0,davidanderson,Instagram,903946.0,3.0,0.0856,195.91,0.0118,
6502.0,marycrawford,LinkedIn,644578.0,5.0,0.0642,431.19,0.046,47107.0
6503.0,zobrien,TikTok,41646.0,1.0,,867.62,0.0331,
6504.0,jeffreybennett,TikTok,827550.0,3.0,0.0856,933.11,0.0106,4989.0
6505.0,gmeyer,LinkedIn,43961.0,7.0,0.102,612.95,0.0186,24693.0
6506.0,hannah30,Twitter,830460.0,6.0,0.102,510.95,0.0282,4406.0
,qfisher,Instagram,550032.0,3.0,0.0642,748.78,0.0456,45921.0
6508.0,brittanymorris,Instagram,692680.0,1.0,0.0642,752.14,0.0397,43474.0
6509.0,hughesjohn,TikTok,981362.0,1.0,0.0834,808.94,0.0263,41458.0
6510.0,nrodriguez,LinkedIn,,5.0,0.102,349.32,0.0207,40957.0
6511.0,xgarcia,Twitter,494288.0,7.0,0.0834,485.02,0.0419,17152.0
6512.0,garciaaudrey,Facebook,862988.0,3.0,0.0642,156.13,0.0108,9766.0
6513.0,nathaniel06,TikTok,376140.0,,0.102,270.91,0.0198,34107.0
6514.0,matthewcampos,TikTok,459345.0,7.0,0.0642,90.45,0.0233,13948.0
6515.0,erika95,Instagram,422042.0,1.0,0.102,638.08,0.0274,35160.0
6516.0,revans,TikTok,939393.0,2.0,0.0856,303.26,0.0154,25124.0
6517.0,billpage,TikTok,707482.0,3.0,0.0986,885.8,0.0434,47393.0
6518.0,francessullivan,LinkedIn,74763.0,3.0,0.0856,411.63,0.0121,20555.0
6519.0,jasonmiller,Twitter,351512.0,6.0,0.0986,775.38,0.0247,49382.0
6520.0,salazargarrett,Twitter,105423.0,7.0,0.0986,133.64,0.042,29813.0
6521.0,novakjennifer,Facebook,630910.0,7.0,0.0834,845.29,0.024,25139.0
6522.0,edwardschristina,Twitter,824204.0,1.0,0.0642,220.8,0.0137,19529.0
6523.0,brianna64,TikTok,653467.0,3.0,0.102,563.74,0.0116,43109.0
6524.0,wsmith,,633146.0,3.0,0.0986,980.69,0.0186,30431.0
,cynthia50,Facebook,502230.0,2.0,0.0986,431.19,0.0494,6154.0
6526.0,cody87,Facebook,759077.0,5.0,0.0834,555.43,0.038,36335.0
6527.0,carrolljames,Facebook,63033.0,5.0,,469.53,0.0263,33102.0
,maysmeghan,Instagram,101524.0,2.0,0.0642,429.09,0.0445,12345.0
6529.0,gthomas,TikTok,835000.0,6.0,0.102,154.35,0.0331,9352.0
6530.0,,LinkedIn,342644.0,7.0,0.0986,603.07,0.0394,24405.0
6531.0,qhobbs,LinkedIn,299104.0,3.0,0.0856,,0.0121,2226.0
6532.0,shanejohnson,LinkedIn,619849.0,4.0,0.0642,170.04,0.0193,3432.0
,angelsmith,Twitter,459431.0,1.0,0.0856,217.73,0.0233,4704.0
6534.0,matthewtaylor,Instagram,72048.0,6.0,0.0986,973.62,0.0165,41799.0
6535.0,cody87,TikTok,829376.0,1.0,0.0856,612.29,0.0443,7481.0
6536.0,amandahenry,Instagram,189768.0,4.0,0.0834,142.09,0.0118,37389.0
6537.0,cynthiagraham,LinkedIn,983560.0,1.0,0.0856,182.74,0.0343,19639.0
6538.0,rachelsnyder,TikTok,,5.0,0.0642,789.39,,4300.0
6539.0,vvega,Instagram,345143.0,1.0,0.0986,882.09,0.0145,33046.0
6540.0,nturner,TikTok,407982.0,4.0,0.0642,992.22,0.0304,30282.0
6541.0,michael40,,,1.0,,905.43,0.0397,39127.0
6542.0,keithkeith,TikTok,873004.0,1.0,0.0834,820.13,0.0458,45706.0
6543.0,brett02,TikTok,441271.0,5.0,0.0986,380.5,0.0238,
6544.0,lbaldwin,TikTok,628627.0,4.0,0.0834,597.33,0.0444,18943.0
6545.0,stephaniehouse,TikTok,837723.0,3.0,0.0834,858.82,0.011,27354.0
6546.0,edward01,Facebook,758381.0,1.0,0.0834,169.32,0.0398,4156.0
,morrisonheidi,Instagram,354141.0,5.0,,98.2,0.0488,12057.0
6548.0,julie05,Instagram,489690.0,7.0,0.0834,254.87,0.0344,22739.0
6549.0,iorozco,TikTok,443388.0,,0.102,879.58,0.03,10993.0
6550.0,ashleycooper,Facebook,743494.0,4.0,,617.49,0.0136,44364.0
6551.0,jacksongerald,Facebook,401744.0,7.0,0.0986,968.85,0.0247,32670.0
6552.0,mosleymark,LinkedIn,,6.0,0.0834,599.73,0.0306,34852.0
6553.0,powelljoseph,Instagram,523472.0,1.0,0.0834,893.56,0.022,5925.0
6554.0,valdezjessica,LinkedIn,31038.0,3.0,0.102,794.46,,10243.0
,combsstephanie,Facebook,797575.0,2.0,0.0834,563.74,0.0319,3231.0
6556.0,whitedanielle,TikTok,191061.0,4.0,0.0834,556.13,0.0172,43427.0
6557.0,twagner,Facebook,98987.0,1.0,0.0986,617.22,0.0142,19777.0
6558.0,ryan99,LinkedIn,781089.0,4.0,0.102,993.14,0.023,5937.0
6559.0,kgraves,LinkedIn,79053.0,1.0,0.102,390.54,0.0152,8952.0
6560.0,alexandra71,Twitter,378904.0,5.0,0.0986,775.38,0.0342,7785.0
6561.0,jonathanreynolds,Twitter,831073.0,7.0,0.0856,383.19,0.04,38063.0
6562.0,ryanchambers,Instagram,236090.0,7.0,0.0642,602.23,0.0127,7939.0
6563.0,andrewgregory,Instagram,132509.0,2.0,0.0834,117.22,0.0262,15448.0
6564.0,virginia09,Instagram,425575.0,6.0,0.0834,652.74,0.0274,49687.0
6565.0,keycarol,Facebook,899679.0,1.0,0.0834,831.16,0.0488,23766.0
6566.0,,Twitter,65558.0,3.0,0.0986,533.08,0.0101,22226.0
6567.0,davisbrenda,TikTok,439203.0,3.0,0.0642,772.09,0.0236,24040.0
6568.0,evanscarrie,Twitter,112804.0,1.0,0.0856,991.41,0.0288,44420.0
6569.0,molinaisaac,Facebook,679614.0,1.0,0.0856,689.23,0.0193,30441.0
6570.0,russellcynthia,LinkedIn,531327.0,1.0,0.0834,513.6,0.0166,10779.0
6571.0,riverakevin,Twitter,60413.0,5.0,0.0642,683.43,0.0174,45042.0
6572.0,gsanchez,Instagram,239923.0,4.0,0.0986,137.36,0.0439,35288.0
6573.0,joshua92,LinkedIn,891904.0,2.0,0.0834,105.5,0.0274,10342.0
6574.0,destinymartinez,Twitter,668387.0,4.0,0.0642,427.92,0.0267,33115.0
6575.0,andersonjuan,Facebook,629391.0,2.0,0.102,323.9,0.0149,24879.0
6576.0,fletcheralexis,Instagram,361143.0,1.0,0.0986,270.91,0.0258,35814.0
6577.0,qlopez,Instagram,957104.0,5.0,0.0642,277.98,0.0496,3668.0
6578.0,lisa32,Facebook,779529.0,1.0,0.0856,358.83,0.032,41917.0
6579.0,larryperez,Twitter,181957.0,5.0,0.0834,384.1,0.0133,41071.0
6580.0,uflowers,Facebook,790752.0,5.0,0.0986,899.1,0.0133,40339.0
6581.0,davidvaldez,,872293.0,,0.0834,440.37,0.0236,5410.0
6582.0,grobinson,TikTok,221802.0,,0.0834,435.65,0.0192,9684.0
6583.0,briannataylor,LinkedIn,972982.0,2.0,0.0642,281.4,0.0188,49448.0
6584.0,donaldthompson,,280641.0,2.0,0.0834,826.28,0.0198,6194.0
6585.0,williamskyle,Instagram,921478.0,,0.0986,810.44,0.0314,48923.0
6586.0,combsstephanie,LinkedIn,25772.0,7.0,0.102,825.62,0.016,3879.0
6587.0,dgarza,TikTok,654816.0,6.0,0.0986,126.13,0.045,42635.0
6588.0,jacobwilson,TikTok,221269.0,6.0,0.0834,893.81,0.0237,19157.0
,vrussell,Facebook,547074.0,4.0,0.0986,,0.0192,1966.0
6590.0,hunterbriana,Twitter,815512.0,6.0,0.0986,845.29,0.0458,3073.0
6591.0,smithtimothy,Twitter,655573.0,1.0,0.0856,383.32,0.0405,21260.0
6592.0,kwright,Twitter,556790.0,7.0,0.0834,614.04,0.0107,3089.0
6593.0,rshort,Twitter,867693.0,4.0,0.0642,689.23,0.019,22358.0
6594.0,alexandra95,TikTok,455545.0,3.0,0.0986,789.39,0.0323,45751.0
6595.0,gbowman,Twitter,67922.0,7.0,0.0834,548.59,0.0218,34021.0
6596.0,patriciamorse,Twitter,847355.0,1.0,0.102,,0.0354,45209.0
6597.0,,Twitter,783398.0,5.0,0.0856,177.32,0.0424,46358.0
6598.0,ruth02,Instagram,710789.0,1.0,0.0834,597.33,0.0283,24863.0
6599.0,stephanielopez,Twitter,675312.0,,0.0856,376.23,,
6600.0,pamelacollins,Twitter,781398.0,3.0,0.102,727.33,0.0226,42090.0
6601.0,ritalynch,Twitter,373923.0,3.0,0.102,899.1,0.0204,25254.0
6602.0,parsonsashley,Instagram,475453.0,7.0,0.0986,630.47,0.0218,3506.0
6603.0,mcintoshrobert,Facebook,804246.0,4.0,0.0834,743.52,0.0334,36700.0
6604.0,benjamingutierrez,LinkedIn,511624.0,4.0,0.0642,827.71,0.0259,34648.0
6605.0,cruzantonio,Twitter,969219.0,2.0,0.102,53.62,0.0304,24877.0
6606.0,randallmichael,LinkedIn,279213.0,2.0,0.0986,899.1,0.044,18202.0
6607.0,bclark,TikTok,675416.0,4.0,0.0856,603.07,0.0245,1489.0
6608.0,michael16,LinkedIn,644402.0,3.0,0.102,546.44,0.0302,23822.0
6609.0,lpierce,Twitter,542797.0,1.0,0.102,521.24,0.0347,19047.0
6610.0,maysmeghan,Instagram,53686.0,5.0,0.0856,130.29,,34833.0
6611.0,megan53,LinkedIn,265054.0,3.0,0.0856,121.82,0.0116,35140.0
6612.0,melissa08,TikTok,352599.0,2.0,0.0856,286.17,0.0327,20703.0
6613.0,combsstephanie,LinkedIn,440627.0,1.0,0.0856,604.48,0.0209,18075.0
,michellemcdaniel,TikTok,168116.0,2.0,0.102,383.32,0.0232,25214.0
,megan53,Facebook,55702.0,5.0,0.0642,333.93,0.0387,35358.0
6616.0,benjamin31,Instagram,971043.0,6.0,0.0856,467.01,0.0325,27778.0
6617.0,,Twitter,585801.0,4.0,0.0856,313.66,,35820.0
6618.0,owenskeith,LinkedIn,970186.0,6.0,0.0856,276.29,0.048,7742.0
6619.0,jonesangela,Twitter,794496.0,2.0,0.0986,878.68,0.0375,9448.0
6620.0,richardmiller,Twitter,773243.0,4.0,0.102,214.7,0.0217,14759.0
6621.0,bpham,LinkedIn,129937.0,7.0,0.0986,984.35,,43748.0
6622.0,tlee,Instagram,627640.0,3.0,0.0986,987.3,0.0496,20463.0
6623.0,valentinetammy,Twitter,61552.0,6.0,0.0856,376.75,0.0183,6685.0
6624.0,mary05,LinkedIn,97268.0,2.0,0.102,,0.0235,29183.0
6625.0,gregory54,Facebook,433002.0,,0.0834,248.25,0.0353,23104.0
6626.0,,Facebook,988163.0,1.0,0.0642,546.44,0.0122,21472.0
6627.0,uhobbs,,789152.0,4.0,,117.05,0.0387,24960.0
6628.0,danielharper,Instagram,2839.0,5.0,0.102,498.58,0.0165,33060.0
6629.0,toneill,TikTok,683003.0,2.0,,520.22,0.0216,7951.0
6630.0,eriknelson,Facebook,905300.0,3.0,0.0856,382.74,0.038,46469.0
6631.0,stephaniehouse,LinkedIn,787922.0,2.0,0.0642,907.05,0.0111,41580.0
6632.0,kaitlynvalentine,Instagram,435252.0,1.0,0.0642,244.21,0.0259,23492.0
6633.0,williamsongarrett,TikTok,459556.0,,0.0856,85.8,0.0242,5606.0
6634.0,andrew37,LinkedIn,357344.0,5.0,0.0642,238.74,0.0372,33125.0
6635.0,uzhang,Twitter,780687.0,7.0,0.0856,718.41,0.0456,20943.0
6636.0,sullivanalexis,TikTok,831475.0,6.0,0.102,510.63,0.0187,32146.0
6637.0,justin62,LinkedIn,78950.0,7.0,0.0856,95.36,0.0238,33066.0
6638.0,reidkristine,LinkedIn,404863.0,3.0,0.0986,810.44,0.0426,7341.0
6639.0,herbertallen,Twitter,717265.0,2.0,0.102,794.46,0.0379,34457.0
6640.0,lawrencejulie,LinkedIn,,5.0,,916.1,0.0214,
6641.0,sarahyang,Instagram,542574.0,1.0,0.0834,338.05,0.0464,7545.0
6642.0,lbaldwin,Facebook,95838.0,6.0,0.0856,318.74,0.0186,13975.0
6643.0,gmcintosh,Instagram,160353.0,2.0,0.0834,393.76,0.0279,17079.0
6644.0,,Instagram,855325.0,3.0,0.0834,318.74,0.0171,21137.0
6645.0,jacobwilson,Facebook,53831.0,5.0,0.0642,630.97,0.0384,34566.0
6646.0,kfowler,TikTok,408322.0,2.0,0.0986,692.68,0.0282,20278.0
6647.0,romerojorge,Instagram,704880.0,1.0,0.0834,164.09,0.0274,44752.0
6648.0,tiffanyferrell,Facebook,317502.0,6.0,0.0834,497.17,0.0389,40180.0
6649.0,christineclark,Twitter,711311.0,1.0,0.0856,393.76,0.0279,22245.0
6650.0,francojoseph,Instagram,114351.0,6.0,0.102,672.69,0.0391,28307.0
6651.0,jeffreysalazar,TikTok,201235.0,6.0,0.0642,452.91,0.0211,
6652.0,grayrachel,LinkedIn,251775.0,5.0,0.0856,537.38,0.0229,1016.0
6653.0,ugrant,TikTok,548391.0,7.0,0.0856,806.51,0.0284,10153.0
6654.0,dnguyen,TikTok,674243.0,7.0,0.102,,0.0118,15748.0
6655.0,feliciabrown,Instagram,794640.0,3.0,0.0986,556.13,0.0439,48029.0
,stonecharles,TikTok,21587.0,6.0,0.0856,142.77,0.0112,18915.0
6657.0,bnelson,Twitter,363629.0,6.0,0.102,754.87,0.0369,42514.0
6658.0,eric65,LinkedIn,589032.0,4.0,0.0986,991.41,0.0337,8586.0
6659.0,stephen63,Facebook,726853.0,,0.0834,555.48,0.0174,49244.0
6660.0,yhahn,TikTok,948044.0,6.0,0.0856,676.94,0.0321,5297.0
6661.0,tiffanystevens,Facebook,412199.0,2.0,0.102,776.31,0.0457,48506.0
,,Instagram,394169.0,7.0,0.0856,443.29,0.0331,45810.0
6663.0,xberg,Facebook,29605.0,4.0,0.102,993.19,0.0227,38454.0
6664.0,johnsonkelly,Instagram,100825.0,1.0,0.0834,386.94,0.0108,14025.0
6665.0,kelleytina,,294822.0,5.0,0.0642,825.62,0.0152,45917.0
6666.0,eric95,,115576.0,,0.0856,669.64,0.0269,
6667.0,irice,TikTok,42322.0,3.0,0.0834,468.93,0.0197,2067.0
6668.0,jonathan39,Twitter,,4.0,0.0986,728.88,0.0174,28967.0
6669.0,thompsonlisa,LinkedIn,584100.0,4.0,0.0986,804.4,0.0391,20061.0
6670.0,crosslaura,TikTok,172113.0,7.0,0.0856,98.2,0.0372,23290.0
6671.0,nlewis,Instagram,31820.0,1.0,0.0834,656.5,0.0358,43307.0
6672.0,diana02,TikTok,534289.0,3.0,0.0986,500.37,0.0483,41461.0
6673.0,owenskeith,LinkedIn,673483.0,7.0,0.0856,457.25,0.0409,4122.0
6674.0,sarah18,Facebook,316967.0,3.0,0.0856,510.63,0.0237,1721.0
6675.0,eedwards,TikTok,653851.0,6.0,0.0986,370.12,0.0421,34364.0
6676.0,,Facebook,,4.0,0.102,669.64,0.0302,28240.0
6677.0,romerocalvin,Twitter,122089.0,5.0,0.0642,924.61,0.0273,44845.0
6678.0,stephaniebrennan,Twitter,795947.0,1.0,0.0642,692.69,0.0198,47574.0
6679.0,teresa99,Instagram,11468.0,2.0,0.0642,902.41,0.0393,17102.0
6680.0,lisa91,Instagram,870556.0,7.0,0.0642,719.56,0.0334,20842.0
6681.0,peter15,Instagram,153070.0,1.0,0.0986,594.15,0.0387,31578.0
6682.0,mary05,TikTok,238041.0,7.0,0.0834,846.82,0.0266,16153.0
6683.0,cynthia04,TikTok,243657.0,5.0,0.0642,584.81,0.0358,9481.0
6684.0,richardspatrick,LinkedIn,206201.0,2.0,0.102,913.39,0.0172,4017.0
6685.0,tammyhowell,Instagram,566203.0,2.0,0.102,443.29,,27162.0
6686.0,morgan06,LinkedIn,19080.0,,0.102,987.3,0.0331,14216.0
6687.0,vanessa81,TikTok,641675.0,1.0,0.0856,358.78,0.0385,4670.0
6688.0,llopez,TikTok,997029.0,2.0,0.102,777.68,0.0364,10138.0
6689.0,jennifervaughn,Twitter,589580.0,3.0,0.102,220.8,0.0186,21707.0
6690.0,murphytabitha,Twitter,195290.0,3.0,0.102,733.6,,42910.0
6691.0,harrislisa,Facebook,913285.0,7.0,0.0834,238.14,0.0198,12093.0
6692.0,christophermartinez,Twitter,110990.0,2.0,0.0642,296.14,0.0156,49745.0
6693.0,allisonpatterson,Twitter,35261.0,1.0,0.0642,327.81,0.0372,15230.0
6694.0,kimberly47,Facebook,964359.0,6.0,0.0642,362.91,0.0192,31134.0
6695.0,,Instagram,,2.0,0.0986,236.48,0.0328,18481.0
6696.0,kevin80,Facebook,985034.0,3.0,0.0856,533.08,0.0145,21730.0
6697.0,cunninghamkevin,TikTok,227012.0,6.0,0.0642,429.01,0.0283,10286.0
6698.0,zobrien,Twitter,287354.0,3.0,0.0642,797.64,0.0266,36004.0
6699.0,eriknelson,LinkedIn,732754.0,7.0,0.0986,,0.0148,47255.0
6700.0,hbarnes,Facebook,828622.0,6.0,0.0856,596.41,0.0344,29511.0
6701.0,kwashington,LinkedIn,519071.0,,0.0856,160.86,0.0329,34763.0
6702.0,lopezsusan,Twitter,867770.0,1.0,0.0986,654.96,0.0103,12448.0
6703.0,bethholt,Instagram,623449.0,7.0,0.0834,953.16,0.0426,24048.0
6704.0,jonathanjones,Instagram,553689.0,5.0,0.0834,797.64,,35452.0
6705.0,ryan18,LinkedIn,552162.0,2.0,0.0856,539.69,0.0349,
6706.0,garciakatherine,Facebook,,5.0,0.0834,376.23,0.0397,1984.0
6707.0,nwalsh,Facebook,614131.0,1.0,0.0642,917.31,0.0172,6911.0
6708.0,michael99,Instagram,876516.0,7.0,0.0834,864.3,0.0358,4410.0
6709.0,,Twitter,188064.0,7.0,,551.25,0.0341,14532.0
6710.0,jenniferthornton,Facebook,38038.0,2.0,0.0856,967.56,0.0286,34873.0
6711.0,billpage,Instagram,424610.0,1.0,0.0856,528.64,0.03,29941.0
6712.0,clementsdevin,LinkedIn,21327.0,7.0,0.102,431.19,0.0412,40169.0
6713.0,hbrooks,Facebook,232059.0,3.0,0.102,891.71,0.0218,29388.0
6714.0,williamrodriguez,Facebook,982894.0,6.0,0.0856,135.84,0.0329,24347.0
6715.0,michaelbaker,,392008.0,5.0,0.0856,405.74,0.0207,12875.0
6716.0,jennifersanchez,Facebook,42158.0,3.0,0.0856,806.51,0.0166,49642.0
6717.0,keith55,Instagram,988308.0,4.0,0.0642,826.28,0.0489,6097.0
6718.0,charleswilliams,Twitter,598012.0,2.0,0.0642,801.17,0.0307,47066.0
,benjamin31,Twitter,2187.0,6.0,0.0986,993.52,0.0266,4757.0
6720.0,tgraham,LinkedIn,62686.0,4.0,0.0834,691.48,0.0343,34668.0
6721.0,tracistephens,Facebook,566921.0,7.0,0.0856,244.23,0.0122,41102.0
6722.0,cynthia50,Twitter,991350.0,5.0,0.0856,682.47,0.0207,
6723.0,yweaver,Instagram,505211.0,3.0,0.0856,793.72,0.0145,45360.0
6724.0,nicholaspeters,TikTok,153731.0,3.0,0.0986,262.51,0.0485,20207.0
6725.0,,Twitter,653040.0,5.0,0.102,297.39,0.0375,6703.0
6726.0,tgraham,Twitter,848103.0,1.0,0.0986,52.48,0.0283,23104.0
6727.0,jade86,LinkedIn,680404.0,3.0,0.0642,390.34,0.0319,11220.0
6728.0,michaelbaker,LinkedIn,827601.0,6.0,0.0642,836.59,0.0297,19589.0
6729.0,harrismichael,Twitter,886423.0,2.0,0.0642,528.03,0.0189,18218.0
6730.0,smithjulian,TikTok,950509.0,7.0,,68.52,0.021,21561.0
6731.0,patricia15,LinkedIn,955347.0,1.0,0.0856,317.31,0.0191,35540.0
6732.0,ucooper,TikTok,312189.0,2.0,0.0834,755.58,0.0102,4418.0
6733.0,pierceaaron,Instagram,907257.0,7.0,0.102,784.57,0.011,35035.0
6734.0,vliu,TikTok,191696.0,5.0,0.0856,764.67,0.0297,13160.0
6735.0,lesliepennington,Facebook,692877.0,3.0,0.0642,,0.0149,23644.0
6736.0,awilkins,LinkedIn,610452.0,4.0,0.0986,313.49,0.024,30675.0
6737.0,kstewart,Facebook,315399.0,3.0,0.102,238.51,0.0159,2408.0
6738.0,gilbertdavid,Instagram,695933.0,3.0,0.0834,952.79,0.0207,12276.0
6739.0,,LinkedIn,609381.0,5.0,0.0834,522.77,0.0166,7413.0
6740.0,qperkins,LinkedIn,631782.0,4.0,0.0642,493.46,0.023,21545.0
6741.0,vday,Facebook,678009.0,6.0,0.0834,902.41,0.011,25380.0
6742.0,iorozco,Twitter,948757.0,7.0,0.0834,630.97,,33812.0
6743.0,laurendurham,Instagram,328926.0,4.0,0.0856,423.76,0.0402,23392.0
6744.0,deannathompson,Facebook,829136.0,6.0,0.0642,68.93,0.0496,33094.0
6745.0,kathymacias,LinkedIn,882900.0,,0.0642,371.62,0.0239,30308.0
6746.0,cookjames,Facebook,905256.0,4.0,0.0856,148.05,0.0186,40521.0
6747.0,ashleycooper,Instagram,630741.0,6.0,0.0642,831.69,0.0249,9332.0
6748.0,jessica26,Twitter,397430.0,1.0,0.0642,573.41,0.0334,48858.0
6749.0,robert05,LinkedIn,47406.0,2.0,0.0986,70.91,0.0339,13154.0
6750.0,gsharp,Facebook,724280.0,1.0,0.102,643.57,0.0249,29233.0
6751.0,ugrant,Facebook,862167.0,5.0,0.0856,332.66,0.0175,
6752.0,hwarren,TikTok,984513.0,4.0,0.0986,386.94,0.038,13784.0
6753.0,hunterbriana,Instagram,89609.0,7.0,0.102,614.04,0.0473,41432.0
6754.0,andrewgregory,Facebook,374857.0,3.0,0.0834,865.43,0.0211,32310.0
6755.0,fullerchristine,Twitter,356361.0,3.0,0.0856,108.56,0.0274,46757.0
6756.0,gthomas,TikTok,406945.0,4.0,0.102,262.51,0.0145,47202.0
6757.0,pblackwell,Twitter,446246.0,2.0,0.0642,846.82,0.0261,48213.0
,gilbertdavid,Twitter,897961.0,2.0,0.0642,120.74,0.0318,4556.0
6759.0,paul43,TikTok,301320.0,4.0,0.0642,997.04,0.0335,25370.0
6760.0,xcruz,TikTok,920178.0,4.0,0.0642,81.9,0.0148,6001.0
6761.0,nponce,TikTok,725852.0,2.0,0.102,362.91,0.0435,17444.0
6762.0,mackenziedaniels,Twitter,261572.0,5.0,0.0856,89.54,0.0102,3576.0
6763.0,sbyrd,TikTok,890911.0,7.0,0.102,899.04,0.0201,29699.0
6764.0,lisa14,Instagram,395931.0,1.0,0.0834,456.61,0.0381,24783.0
6765.0,johnsoncourtney,LinkedIn,862980.0,6.0,0.0856,221.45,0.0274,48062.0
6766.0,rmyers,TikTok,664605.0,5.0,0.0642,882.09,,21585.0
6767.0,lisachan,TikTok,165828.0,6.0,,993.52,0.0272,32505.0
6768.0,tammy73,LinkedIn,442485.0,1.0,0.0856,142.77,0.0281,22593.0
6769.0,tracy84,Instagram,684637.0,4.0,0.0856,,0.032,7407.0
,mcdonaldnancy,TikTok,148104.0,3.0,0.0856,872.77,0.0112,33100.0
6771.0,hayespamela,Instagram,573598.0,7.0,0.0856,511.26,0.0499,32163.0
6772.0,tmcdaniel,LinkedIn,587978.0,2.0,0.102,960.27,0.0222,13311.0
6773.0,ogarcia,Facebook,297140.0,,0.0986,846.43,0.0482,17450.0
6774.0,pflores,LinkedIn,694485.0,1.0,0.0834,83.53,0.0258,42607.0
6775.0,tmcdaniel,Instagram,974021.0,7.0,0.0856,97.1,0.0313,5460.0
6776.0,nelsonalfred,LinkedIn,63108.0,,0.0642,57.23,0.0416,12339.0
6777.0,,Twitter,720220.0,2.0,0.0856,692.68,0.0163,33240.0
6778.0,nrodriguez,Instagram,399861.0,4.0,0.102,467.01,0.0196,36445.0
6779.0,megan53,,996148.0,7.0,0.0986,603.08,0.0187,16785.0
6780.0,canderson,Facebook,353778.0,3.0,0.0986,186.45,0.011,16000.0
6781.0,qperkins,Facebook,459968.0,2.0,0.102,394.17,0.0345,40136.0
6782.0,harrismichael,Facebook,678126.0,5.0,0.0834,753.84,0.0439,48077.0
6783.0,john06,TikTok,93462.0,5.0,0.0834,727.33,0.0282,40122.0
6784.0,ryan18,LinkedIn,989749.0,5.0,0.0834,742.16,,28662.0
6785.0,jasonmiller,Instagram,231528.0,1.0,0.0986,103.15,0.0361,11014.0
6786.0,,Twitter,356081.0,4.0,0.0856,405.74,0.0416,35924.0
6787.0,mikaylataylor,LinkedIn,696697.0,3.0,0.0642,139.18,0.0468,9869.0
6788.0,emily77,Twitter,498712.0,1.0,0.102,264.42,0.0207,24760.0
6789.0,ujones,TikTok,1921.0,5.0,0.0834,482.45,0.0477,43220.0
6790.0,williambell,LinkedIn,37402.0,7.0,0.0986,282.65,0.0349,16216.0
6791.0,bethgrimes,Instagram,503384.0,2.0,0.0834,958.39,0.032,3107.0
6792.0,johnsonjeffrey,Instagram,718688.0,5.0,0.0856,269.91,0.0221,26848.0
6793.0,xfreeman,Instagram,23988.0,4.0,0.0986,376.93,0.044,12463.0
6794.0,jefferygarcia,Instagram,221827.0,1.0,0.0834,321.35,0.0214,31358.0
6795.0,monroedavid,,784380.0,1.0,0.0856,728.88,0.0476,8857.0
6796.0,,Twitter,953147.0,1.0,0.0834,474.87,0.0478,36164.0
6797.0,williamwyatt,LinkedIn,625245.0,4.0,0.0856,62.71,0.0213,9528.0
6798.0,alicechavez,LinkedIn,442499.0,6.0,0.0986,876.46,0.0331,42465.0
6799.0,gabriellashort,TikTok,627733.0,2.0,0.102,222.59,0.0251,11914.0
6800.0,gregoryrodriguez,,730235.0,5.0,0.0856,584.37,0.0283,28458.0
6801.0,amandahenry,LinkedIn,804697.0,5.0,0.0834,546.44,,16810.0
,vday,,420844.0,1.0,0.0856,520.67,0.0174,32074.0
6803.0,stevensondesiree,TikTok,997646.0,6.0,0.0642,508.6,0.0204,23567.0
6804.0,markhiggins,LinkedIn,328927.0,5.0,0.0834,89.54,0.0378,48461.0
6805.0,tammy73,Instagram,367952.0,2.0,0.0642,428.86,0.0213,10480.0
6806.0,smurray,LinkedIn,332403.0,5.0,0.0834,396.19,0.0126,46671.0
6807.0,cooperpaul,LinkedIn,775086.0,2.0,0.0986,308.89,0.0142,41230.0
6808.0,novakjennifer,LinkedIn,768940.0,1.0,0.0986,253.21,0.0453,32318.0
6809.0,browndouglas,Facebook,104682.0,7.0,0.0642,265.18,0.0191,20003.0
6810.0,hughesmatthew,Twitter,462556.0,4.0,0.0856,394.17,0.015,41349.0
6811.0,riverakevin,Facebook,308102.0,2.0,0.0986,831.16,0.0334,39405.0
6812.0,brian17,Instagram,176499.0,3.0,0.0856,212.36,0.0181,28184.0
6813.0,millerrobert,Facebook,600207.0,5.0,0.0986,804.4,0.0196,13531.0
6814.0,duranbrittany,LinkedIn,100571.0,2.0,0.0834,452.19,0.0135,6671.0
6815.0,russellmelissa,Facebook,258333.0,3.0,0.102,254.87,0.04,18523.0
6816.0,patrick36,Facebook,681566.0,3.0,0.0834,423.83,0.0145,42934.0
6817.0,angelsmith,Facebook,100550.0,6.0,0.0834,616.12,0.042,36712.0
6818.0,michaelchung,Facebook,350858.0,7.0,0.0856,765.21,0.0435,43790.0
6819.0,ogarcia,Facebook,97765.0,5.0,0.0642,,0.0244,34638.0
6820.0,royharper,TikTok,359878.0,7.0,0.0986,654.96,0.0108,20098.0
6821.0,,Twitter,82238.0,1.0,0.0986,612.01,0.0174,12703.0
6822.0,aliciajohns,Facebook,329630.0,7.0,0.0986,159.96,0.015,41016.0
6823.0,christianamy,TikTok,380740.0,1.0,,147.17,0.0412,3078.0
6824.0,qhobbs,TikTok,547215.0,6.0,0.0986,587.66,0.049,6796.0
,alexandersamuel,Twitter,582559.0,5.0,0.0986,528.64,,13135.0
6826.0,nathandouglas,TikTok,192293.0,4.0,0.0986,982.66,0.0439,8333.0
6827.0,thammond,Facebook,771500.0,3.0,0.0642,85.1,0.0372,28032.0
6828.0,ericajohns,Facebook,594529.0,5.0,0.0986,945.21,0.049,39853.0
6829.0,keithkeith,Facebook,385152.0,5.0,0.102,267.84,0.0241,28856.0
6830.0,kbass,LinkedIn,774775.0,1.0,0.0986,52.41,0.0439,14734.0
6831.0,kellie00,LinkedIn,580205.0,,0.102,98.99,0.043,37879.0
6832.0,kfowler,Facebook,232106.0,6.0,0.0986,265.2,0.0304,12449.0
6833.0,riverakevin,Instagram,481989.0,7.0,0.102,884.06,0.0137,32386.0
6834.0,,Twitter,840585.0,1.0,0.102,375.55,0.0181,45975.0
6835.0,adamjohnson,Facebook,678512.0,4.0,0.102,752.11,0.0171,18272.0
6836.0,carlosrivera,Twitter,590760.0,3.0,0.0834,386.94,0.041,14223.0
6837.0,rebekah51,Instagram,,3.0,0.0834,993.52,0.0421,35788.0
6838.0,scott25,TikTok,427942.0,5.0,0.0986,94.05,0.0273,11882.0
6839.0,pblackwell,Facebook,124326.0,1.0,0.0642,245.74,0.0357,32531.0
6840.0,lisa73,LinkedIn,,5.0,0.0986,906.88,0.0307,8705.0
6841.0,cruzantonio,Instagram,125237.0,5.0,0.0856,519.52,0.0127,45030.0
6842.0,ashley80,LinkedIn,259700.0,2.0,0.0986,70.91,0.0153,23926.0
6843.0,jonesjerry,Facebook,252215.0,1.0,,862.77,0.0304,18490.0
6844.0,uclark,LinkedIn,537698.0,4.0,0.0856,971.23,0.0108,29601.0
6845.0,lancerios,Twitter,163716.0,6.0,0.0834,603.08,,45667.0
6846.0,,LinkedIn,,4.0,0.102,308.89,0.0427,
,,Facebook,991957.0,3.0,0.0856,169.32,0.0202,41097.0
6848.0,montgomeryjaime,,796181.0,3.0,0.102,992.22,0.0418,
6849.0,gregory84,TikTok,654588.0,2.0,0.0642,482.45,0.0215,30136.0
6850.0,andrew53,Twitter,941833.0,4.0,0.0856,535.84,0.0269,40790.0
6851.0,timothyrandall,Instagram,108868.0,2.0,0.102,213.67,0.0261,4705.0
6852.0,morgancook,Facebook,695408.0,6.0,,645.84,0.0348,24478.0
6853.0,flemingrichard,TikTok,905170.0,7.0,0.0642,287.9,0.0273,15435.0
6854.0,debbie61,Twitter,757916.0,5.0,0.102,533.08,0.0197,23418.0
6855.0,sthompson,Instagram,287959.0,6.0,0.0834,785.27,0.0207,35796.0
6856.0,mary48,LinkedIn,551517.0,5.0,0.0642,787.99,0.0481,25910.0
6857.0,zhobbs,Facebook,,1.0,0.0856,,0.0359,49282.0
,dennismichael,Instagram,460832.0,7.0,0.0642,703.39,,19683.0
,brenda85,Twitter,172013.0,2.0,0.102,584.81,0.0143,42915.0
6860.0,james60,Facebook,89609.0,3.0,0.0642,694.21,0.0147,18661.0
6861.0,kbass,TikTok,206572.0,7.0,0.102,825.22,0.0227,43760.0
6862.0,williamwyatt,TikTok,513394.0,4.0,0.0986,853.64,0.0297,35696.0
6863.0,tyleralvarado,Instagram,189722.0,5.0,0.0834,651.28,0.0456,37370.0
6864.0,donaldthompson,TikTok,41403.0,3.0,,103.51,0.0258,20749.0
6865.0,tracistephens,Twitter,276332.0,6.0,0.0642,625.62,0.0369,7382.0
6866.0,ugrant,LinkedIn,,,0.0986,129.24,0.0314,25399.0
,gmeyer,Instagram,934954.0,7.0,0.0642,825.23,0.0137,1239.0
6868.0,ian14,Facebook,253066.0,5.0,,363.95,0.046,25237.0
6869.0,evanssteven,TikTok,472931.0,3.0,0.0642,517.56,0.031,17282.0
6870.0,ljensen,Facebook,682485.0,1.0,0.0642,602.23,0.0329,4048.0
6871.0,sierrajohnson,TikTok,143040.0,1.0,0.0986,678.02,,8151.0
6872.0,briannataylor,TikTok,174145.0,7.0,0.102,858.44,0.0106,10744.0
6873.0,yrodriguez,LinkedIn,942123.0,2.0,0.0834,938.98,0.021,28490.0
6874.0,tylermartin,Twitter,617843.0,2.0,0.0986,721.34,0.0189,29783.0
6875.0,michael65,Instagram,811451.0,7.0,0.0834,905.83,0.0325,19162.0
6876.0,ggonzalez,Facebook,194480.0,7.0,,902.41,0.0281,21622.0
6877.0,robertsjennifer,Instagram,611934.0,6.0,0.0856,325.81,0.0175,4216.0
6878.0,angelsmith,Twitter,340768.0,1.0,0.0834,257.56,,29121.0
6879.0,angelsmith,Facebook,170697.0,3.0,0.0834,694.21,,
6880.0,xdavis,Twitter,623840.0,3.0,0.0986,888.13,0.0115,23841.0
6881.0,mhart,Twitter,518090.0,5.0,,892.99,0.0334,24972.0
6882.0,victoria05,Facebook,819629.0,6.0,0.102,279.32,0.0415,21092.0
6883.0,ewilliams,LinkedIn,306228.0,5.0,,358.83,0.0156,3914.0
6884.0,thomasjonathan,LinkedIn,38769.0,6.0,0.0856,557.81,0.0159,2874.0
6885.0,brianna64,,5797.0,4.0,0.0834,924.61,0.0492,44425.0
6886.0,wwatson,Facebook,123965.0,3.0,0.102,136.29,0.0402,35664.0
6887.0,jeffreymyers,Instagram,472180.0,,0.0834,53.32,0.0442,1055.0
6888.0,ahayes,LinkedIn,479371.0,6.0,0.0986,244.21,0.0282,36781.0
6889.0,jennifervaughn,LinkedIn,886000.0,6.0,0.0834,521.96,0.0464,42297.0
6890.0,connie46,Instagram,749002.0,7.0,0.0834,383.32,0.0483,38426.0
6891.0,paul06,TikTok,476027.0,4.0,0.0834,187.74,0.0353,48776.0
6892.0,kimryan,TikTok,215530.0,7.0,0.102,569.83,0.0432,42820.0
6893.0,adam63,TikTok,916520.0,3.0,0.0834,110.12,0.0156,16191.0
6894.0,hevans,Facebook,310052.0,5.0,0.0834,276.29,0.0471,39291.0
6895.0,bakerchristina,TikTok,924222.0,4.0,0.102,454.84,0.0224,40665.0
,hunterbriana,LinkedIn,683932.0,4.0,0.102,154.35,0.0195,23106.0
6897.0,mike65,Facebook,373094.0,2.0,0.0642,669.64,0.0275,18721.0
6898.0,johnsongregory,TikTok,426776.0,7.0,0.0834,584.95,0.0387,
6899.0,kelly58,TikTok,802812.0,6.0,0.102,485.39,0.0349,13273.0
6900.0,morganmelanie,Twitter,967197.0,5.0,0.0642,181.53,0.0133,21032.0
6901.0,mcintoshrobert,TikTok,81207.0,6.0,0.102,729.55,0.0418,21714.0
6902.0,nicolereyes,LinkedIn,73568.0,4.0,0.0834,858.82,0.0272,
6903.0,torresmichael,Facebook,886541.0,5.0,0.0834,259.06,0.0115,31683.0
6904.0,jennifer53,Instagram,519306.0,3.0,0.0986,878.68,0.0304,
6905.0,kellidaniel,TikTok,777285.0,3.0,0.0986,70.66,0.0267,1677.0
6906.0,bberry,Twitter,498503.0,3.0,0.0642,931.61,0.0276,31243.0
6907.0,voconnor,Twitter,458245.0,,0.0642,569.83,0.0461,8648.0
6908.0,nicholasmontgomery,,226222.0,4.0,0.0856,618.92,0.0313,25847.0
6909.0,danielharper,TikTok,748133.0,1.0,0.102,643.57,0.0267,5493.0
6910.0,cynthiagraham,Twitter,953344.0,5.0,0.0834,905.43,0.0181,2577.0
6911.0,robinsonmark,Instagram,551584.0,6.0,0.0986,104.47,0.011,38054.0
6912.0,zrivers,Instagram,174832.0,5.0,0.0986,881.41,0.0452,27357.0
,wendylee,TikTok,147945.0,3.0,0.0986,577.15,0.049,24132.0
6914.0,crosslaura,LinkedIn,728480.0,7.0,0.102,217.72,0.0278,8809.0
6915.0,masonjames,Facebook,538909.0,2.0,0.0642,224.95,0.018,32518.0
6916.0,murphydebbie,Facebook,318785.0,3.0,0.0856,651.18,0.0363,10931.0
6917.0,megan53,TikTok,386591.0,6.0,0.0986,423.76,0.019,41235.0
6918.0,tiffanystevens,TikTok,343444.0,4.0,0.0834,618.92,0.0106,2399.0
6919.0,peter15,Facebook,239557.0,2.0,,520.22,0.0234,9431.0
6920.0,kristinlynch,Twitter,757084.0,3.0,0.0856,224.14,0.0193,44313.0
6921.0,ysmith,Facebook,966177.0,3.0,0.0642,317.31,0.0154,34534.0
6922.0,mariewilliams,TikTok,513454.0,5.0,0.102,400.82,0.0411,22358.0
6923.0,plindsey,Instagram,712234.0,5.0,0.0856,741.67,0.0235,2766.0
6924.0,rmendoza,TikTok,,,,358.83,0.023,13059.0
6925.0,mary05,Facebook,943879.0,3.0,0.0986,402.13,0.0133,27792.0
6926.0,thomaschristian,Twitter,93998.0,1.0,0.0642,617.25,0.0499,36888.0
6927.0,davisjose,LinkedIn,134341.0,7.0,0.0856,611.1,0.0273,20870.0
,roger15,Facebook,972576.0,,0.0986,916.1,,9412.0
6929.0,jennifervaughn,Instagram,645967.0,6.0,0.0856,162.16,0.0213,38188.0
6930.0,henry84,TikTok,270592.0,1.0,0.0642,697.11,0.0285,
6931.0,jacobwilson,Facebook,151142.0,4.0,,899.1,0.0439,19422.0
6932.0,jonathan39,Instagram,713071.0,3.0,0.102,318.74,0.0224,43966.0
6933.0,feliciabrown,TikTok,788663.0,7.0,0.0642,560.62,0.0296,2620.0
6934.0,muellerolivia,LinkedIn,979715.0,1.0,0.0986,408.93,0.0191,48029.0
6935.0,sara29,LinkedIn,47159.0,5.0,0.0856,975.52,0.0343,30548.0
6936.0,kristinemalone,Twitter,708288.0,4.0,0.0834,152.87,0.0218,6244.0
6937.0,llopez,Instagram,509192.0,5.0,0.102,176.0,0.0198,7780.0
6938.0,oprice,TikTok,987085.0,1.0,0.102,965.45,0.0267,48508.0
6939.0,kimberly57,Twitter,401943.0,6.0,0.0834,352.48,0.0239,13437.0
6940.0,paulprice,TikTok,980503.0,6.0,0.0642,899.1,0.0135,6015.0
6941.0,johnsonjeffrey,TikTok,539150.0,7.0,0.0834,755.58,0.019,31690.0
6942.0,bobbystrickland,TikTok,201848.0,6.0,0.0642,135.84,0.0351,2210.0
6943.0,michael65,Facebook,767295.0,1.0,0.0834,913.87,0.0406,32438.0
6944.0,clarkdavid,Instagram,443718.0,4.0,0.102,582.88,0.0417,10905.0
6945.0,zwhite,Twitter,780963.0,,0.0986,117.05,0.0292,18327.0
6946.0,gonzaleznicholas,LinkedIn,328435.0,6.0,0.102,411.63,0.0223,48706.0
6947.0,medinanatalie,LinkedIn,255593.0,6.0,0.0986,,0.0417,35236.0
6948.0,romerocalvin,Facebook,452540.0,5.0,0.0986,128.61,0.016,10092.0
6949.0,kevinblack,TikTok,246430.0,,0.0834,728.88,0.0242,29660.0
6950.0,nicolegalloway,,106728.0,,0.0986,516.15,0.0246,18288.0
6951.0,teresageorge,LinkedIn,799594.0,5.0,0.0834,878.87,0.0311,
6952.0,mary32,,247530.0,1.0,0.102,90.45,0.0201,8856.0
6953.0,kfowler,TikTok,72132.0,,0.0856,,0.0242,41535.0
6954.0,dmartin,LinkedIn,924641.0,5.0,0.0856,665.33,0.0103,47530.0
,kstewart,TikTok,289344.0,6.0,0.102,687.61,0.04,22540.0
6956.0,uzhang,Facebook,975803.0,7.0,0.0834,892.6,0.0417,
6957.0,kristinlynch,Twitter,550926.0,7.0,0.0986,907.05,0.0413,18591.0
6958.0,perryrichard,Twitter,64946.0,6.0,0.102,129.24,0.0133,36491.0
6959.0,bondrebecca,LinkedIn,781790.0,4.0,0.0986,423.83,0.016,28846.0
6960.0,ysmith,Instagram,340223.0,6.0,0.0856,787.7,0.0181,14259.0
6961.0,pflores,LinkedIn,337346.0,2.0,0.0642,602.27,0.0249,11638.0
6962.0,stephaniebrennan,TikTok,424827.0,3.0,0.102,358.83,0.0267,14781.0
6963.0,brian06,Twitter,817669.0,5.0,0.0834,516.5,0.0371,37558.0
6964.0,melissacordova,Twitter,940815.0,5.0,0.102,340.95,0.0114,32364.0
6965.0,michael30,Twitter,575498.0,6.0,0.102,943.64,0.0288,37274.0
6966.0,stuartsmith,Facebook,271470.0,6.0,0.0856,540.02,,16895.0
6967.0,susan22,TikTok,943937.0,2.0,0.0986,594.15,0.0213,9980.0
6968.0,jeremy87,Instagram,813840.0,6.0,0.0856,457.26,0.0154,13178.0
6969.0,johnsoncourtney,TikTok,,1.0,0.102,614.04,0.0327,17224.0
6970.0,sierrajohnson,TikTok,261820.0,6.0,0.0834,899.04,,40572.0
6971.0,john82,Facebook,243185.0,5.0,0.0834,914.72,0.0345,
6972.0,georgeconnie,LinkedIn,656540.0,4.0,0.0986,343.96,0.0349,11917.0
6973.0,dmartin,LinkedIn,662054.0,5.0,0.0642,85.08,0.0436,13628.0
6974.0,xnelson,TikTok,197708.0,3.0,0.0642,806.51,0.0258,32919.0
6975.0,crosslaura,Twitter,989039.0,2.0,0.102,636.6,0.013,
6976.0,claudiaferrell,Instagram,447413.0,1.0,0.0856,612.83,0.0257,45571.0
6977.0,omorgan,Twitter,918830.0,5.0,0.0856,969.09,0.0191,1231.0
6978.0,qramos,LinkedIn,136534.0,7.0,0.102,162.16,0.0281,17003.0
6979.0,iorozco,Twitter,791634.0,2.0,0.102,799.0,0.0297,40897.0
,hardyalexander,TikTok,631707.0,5.0,0.0834,254.87,0.0416,13307.0
6981.0,dmartin,Facebook,296303.0,1.0,0.0856,323.15,0.0447,24796.0
6982.0,tgraham,LinkedIn,20063.0,1.0,0.0856,612.83,0.0466,49545.0
6983.0,jenniferwaller,LinkedIn,868250.0,7.0,0.0986,522.77,0.02,39701.0
6984.0,armstrongjuan,Twitter,126468.0,5.0,0.0834,382.74,,21624.0
6985.0,ubecker,Facebook,82580.0,7.0,0.102,512.18,0.0326,31337.0
6986.0,ipreston,Instagram,376052.0,1.0,0.0986,753.13,0.0134,21463.0
,mjones,LinkedIn,797428.0,5.0,0.0834,762.66,0.0465,8749.0
,kkelly,Facebook,207074.0,2.0,0.0856,238.14,0.0314,41577.0
6989.0,michael22,Twitter,557821.0,6.0,0.0834,505.51,0.041,38799.0
6990.0,dhouse,LinkedIn,648589.0,7.0,0.102,395.62,0.0221,3492.0
6991.0,andre58,Facebook,585387.0,2.0,0.0642,834.49,0.0411,8799.0
6992.0,fullerchristine,Instagram,130568.0,7.0,0.0856,503.42,0.0426,22954.0
6993.0,mcculloughedward,Instagram,916156.0,6.0,0.0642,784.57,0.0167,31560.0
6994.0,,TikTok,602909.0,2.0,0.0856,876.46,0.0152,22136.0
6995.0,vdavila,TikTok,534201.0,7.0,0.0834,952.28,0.0304,17451.0
6996.0,cunninghamkevin,Twitter,179007.0,5.0,0.0642,935.93,0.0234,47510.0
6997.0,davidsmith,TikTok,662351.0,2.0,0.0642,429.58,0.0128,41189.0
6998.0,amanda20,Instagram,779159.0,2.0,,143.55,0.0245,32506.0
6999.0,hawkinskelly,LinkedIn,823861.0,2.0,0.0642,250.43,,2925.0
7000.0,cody87,Facebook,433492.0,4.0,0.0642,756.77,0.0131,18028.0
7001.0,mikaylataylor,Twitter,411369.0,5.0,,965.86,0.0344,
7002.0,morgancook,Twitter,846613.0,7.0,0.0986,799.49,0.0152,1823.0
7003.0,eedwards,Facebook,408072.0,6.0,0.0856,363.95,0.0437,16433.0
7004.0,qcannon,Twitter,719779.0,5.0,0.0986,105.5,0.0274,7219.0
7005.0,mary32,Instagram,223927.0,6.0,0.0986,727.33,0.0145,6836.0
7006.0,wrightnorman,Twitter,476829.0,4.0,0.0856,816.11,0.0228,47859.0
7007.0,katherinechristian,Instagram,,1.0,0.102,961.97,0.0264,49533.0
7008.0,dawnwilkerson,,390859.0,2.0,0.0986,933.25,0.0153,27197.0
7009.0,brandoncooper,TikTok,874862.0,4.0,0.0642,402.13,0.0291,36852.0
7010.0,andersonjuan,Facebook,200263.0,1.0,0.0986,468.93,0.0261,46658.0
7011.0,,Facebook,380977.0,5.0,0.0986,982.29,0.0258,2526.0
7012.0,kathrynsingh,Instagram,427503.0,3.0,0.0856,330.06,0.0379,20521.0
7013.0,nicolegalloway,LinkedIn,973216.0,5.0,0.0834,332.66,0.0167,21486.0
7014.0,stephanie37,Facebook,969552.0,6.0,0.0834,433.83,0.0172,44369.0
7015.0,marquezedward,LinkedIn,464656.0,6.0,,497.29,0.0344,25961.0
7016.0,wrightnorman,Twitter,901367.0,6.0,0.0642,216.01,0.0152,24619.0
7017.0,bettyray,Twitter,863896.0,7.0,0.0986,,0.0307,37540.0
7018.0,qreyes,Instagram,282507.0,5.0,0.0856,450.62,0.0268,19675.0
7019.0,ubecker,Facebook,649201.0,4.0,0.0642,,0.0207,25873.0
7020.0,nicholasnorton,Twitter,705094.0,5.0,0.0986,333.93,0.0192,35173.0
7021.0,dixonjulie,Instagram,617857.0,4.0,0.0856,184.93,0.0266,21903.0
7022.0,ricardo38,LinkedIn,545921.0,5.0,0.0986,152.25,,12061.0
7023.0,xgarcia,,783696.0,6.0,0.0834,878.68,,32489.0
7024.0,fduffy,Instagram,380875.0,4.0,0.102,762.66,0.0163,18230.0
7025.0,erinowens,Facebook,,2.0,0.0834,535.84,0.0415,48621.0
7026.0,toneill,TikTok,589715.0,6.0,,,0.0261,29529.0
7027.0,anthonywilliams,Facebook,234890.0,2.0,0.102,612.29,0.0321,23136.0
7028.0,,LinkedIn,,3.0,0.0986,536.5,0.0479,35777.0
7029.0,patriciamorse,LinkedIn,72783.0,6.0,0.102,372.21,0.041,19690.0
,dennismichael,LinkedIn,205297.0,4.0,0.0642,303.26,0.016,11057.0
7031.0,ctorres,Facebook,551953.0,1.0,0.0986,315.9,0.0392,3342.0
7032.0,justin99,Twitter,646433.0,4.0,0.0986,801.17,0.048,3572.0
7033.0,leonardkatherine,TikTok,704725.0,4.0,0.102,834.49,0.0255,10189.0
7034.0,smithtimothy,Facebook,655733.0,4.0,0.0642,916.1,0.0343,18106.0
7035.0,llopez,TikTok,655810.0,3.0,0.0834,386.33,0.0472,19084.0
7036.0,hawkinskelly,Instagram,313003.0,2.0,0.0834,238.14,0.0262,28489.0
7037.0,xcruz,Twitter,128361.0,3.0,0.102,756.44,0.0262,1516.0
,kfowler,LinkedIn,837356.0,6.0,0.0834,557.76,0.0175,24848.0
7039.0,bpham,TikTok,657797.0,7.0,0.0642,,0.012,2302.0
7040.0,parsonsmichael,Twitter,581679.0,5.0,0.0834,334.54,0.0447,37133.0
7041.0,cynthia04,Facebook,229593.0,2.0,0.0856,931.61,0.0274,1242.0
7042.0,kellie00,Facebook,812302.0,7.0,0.0986,,0.0156,42705.0
7043.0,courtneysanchez,Instagram,785590.0,3.0,0.0856,,0.0175,11280.0
7044.0,millerjill,Instagram,656298.0,5.0,0.102,340.95,0.0223,
7045.0,johnsonroberto,LinkedIn,349065.0,2.0,0.102,124.3,0.0298,39448.0
7046.0,shawnallen,Twitter,236276.0,5.0,0.0834,651.18,0.0279,24383.0
7047.0,vliu,,678438.0,1.0,0.0986,966.84,0.0415,38586.0
7048.0,bryanfisher,LinkedIn,343369.0,6.0,0.102,459.55,0.0296,2577.0
,lisa91,Instagram,794724.0,6.0,0.0642,323.9,0.044,31017.0
7050.0,brett02,Instagram,,7.0,0.0834,594.15,0.0219,5131.0
7051.0,cassandramiles,TikTok,610628.0,5.0,0.102,211.61,0.0274,43146.0
,tammy32,Twitter,140634.0,3.0,0.0642,754.87,0.013,43249.0
7053.0,grobinson,TikTok,548804.0,5.0,0.0986,472.93,0.037,35544.0
7054.0,thomaschristian,Facebook,952978.0,3.0,0.102,763.66,0.0312,30592.0
7055.0,mcurtis,LinkedIn,440939.0,5.0,0.0642,380.39,0.0488,42184.0
,matthewcampos,TikTok,438655.0,6.0,0.0834,385.8,0.0427,43659.0
7057.0,tammy32,Twitter,38003.0,5.0,0.0834,254.87,0.0201,45132.0
7058.0,thomasortega,TikTok,460772.0,2.0,0.0856,742.39,0.0278,
7059.0,james94,Twitter,852162.0,3.0,0.0834,699.97,0.0443,7015.0
7060.0,simoncarolyn,LinkedIn,67843.0,1.0,0.0642,303.16,0.0281,5257.0
7061.0,johnnyphillips,Twitter,333152.0,4.0,0.0856,938.02,0.0364,20854.0
7062.0,,Twitter,132474.0,1.0,0.0834,697.11,0.0122,41659.0
7063.0,zpratt,LinkedIn,202844.0,2.0,0.0834,,0.0182,8727.0
7064.0,cooksteven,Facebook,511625.0,3.0,0.102,895.84,0.0465,28689.0
7065.0,gacosta,Facebook,,3.0,0.0834,640.55,0.0192,
7066.0,stonecharles,Instagram,90424.0,6.0,0.0986,584.81,0.0476,36297.0
,zblackburn,Twitter,472886.0,3.0,0.0986,890.31,0.0283,45526.0
7068.0,rmyers,Twitter,407569.0,3.0,0.0986,852.45,,32625.0
7069.0,smithkristin,LinkedIn,60329.0,,0.102,867.57,0.0282,12573.0
7070.0,matthewcampos,LinkedIn,74503.0,1.0,0.0986,731.75,0.0279,25434.0
7071.0,henrydominique,,145005.0,4.0,0.0642,82.92,0.0405,5168.0
7072.0,mosleymark,Facebook,287540.0,3.0,0.0642,902.41,0.0494,40970.0
7073.0,feliciabrown,Twitter,823361.0,5.0,0.0856,907.34,0.0154,47387.0
7074.0,canderson,,955811.0,6.0,0.0856,560.62,0.0297,11255.0
7075.0,,,96132.0,2.0,0.102,406.54,0.0189,32963.0
7076.0,,LinkedIn,712021.0,1.0,0.0986,214.12,0.0497,38820.0
7077.0,brittney04,Twitter,582436.0,2.0,0.0642,960.27,0.0303,27015.0
7078.0,davistammy,TikTok,948597.0,5.0,0.0856,572.98,0.0317,9602.0
7079.0,ctorres,TikTok,64398.0,6.0,0.0856,252.29,0.0198,41457.0
7080.0,toddkenneth,Instagram,,4.0,0.0986,952.28,0.0273,48156.0
7081.0,xberg,Twitter,918672.0,6.0,0.0834,357.45,0.0497,8430.0
7082.0,gene05,LinkedIn,837857.0,3.0,0.0986,637.73,0.0133,33781.0
7083.0,kelleytina,Instagram,693072.0,1.0,0.0986,250.31,0.0482,25914.0
,belinda51,Instagram,844197.0,7.0,0.102,608.81,0.0127,39451.0
7085.0,jenniferwaller,Facebook,873147.0,4.0,0.0856,920.89,0.0429,17857.0
7086.0,adamjohnson,TikTok,,4.0,0.0642,616.12,0.0217,49940.0
7087.0,melissacordova,Facebook,741338.0,6.0,0.0986,377.8,0.0444,18880.0
7088.0,charleshayes,LinkedIn,720467.0,3.0,0.102,184.52,0.0244,26487.0
7089.0,clementsdevin,Facebook,627622.0,5.0,0.102,262.51,0.0493,41445.0
7090.0,,Facebook,60288.0,7.0,0.102,,0.0314,22402.0
7091.0,kjohns,Twitter,578368.0,2.0,0.102,206.84,0.0332,6039.0
7092.0,gregoryrodriguez,Facebook,358661.0,7.0,0.0642,799.49,0.0332,23322.0
7093.0,sarahyang,Instagram,482933.0,1.0,0.0986,985.46,0.019,47143.0
7094.0,nicole57,Instagram,937389.0,1.0,0.0834,334.54,0.0255,44972.0
7095.0,dhouse,Facebook,274794.0,1.0,0.0856,533.08,0.0298,14922.0
7096.0,carrolljames,Twitter,828711.0,6.0,0.0856,277.01,0.0275,21345.0
7097.0,harrismichael,TikTok,490106.0,7.0,0.102,,0.0358,44019.0
7098.0,pbrooks,Facebook,44623.0,2.0,0.0856,244.23,,37875.0
7099.0,catherine31,LinkedIn,148790.0,,0.102,109.81,,34624.0
7100.0,michael30,Twitter,118472.0,7.0,0.0986,247.27,0.0194,18936.0
,rshort,Facebook,629683.0,,0.102,213.67,0.0164,47832.0
7102.0,danielanderson,LinkedIn,,6.0,0.0986,694.28,0.0413,32077.0
7103.0,erin92,Twitter,146248.0,3.0,0.0642,597.9,0.0499,46397.0
7104.0,sharris,TikTok,625656.0,5.0,0.0986,181.32,0.0258,7799.0
7105.0,andrew53,,618998.0,1.0,0.102,257.67,0.0103,12928.0
7106.0,ashleyzuniga,Facebook,845746.0,1.0,0.0834,336.2,0.0448,47886.0
7107.0,stephaniebrennan,Instagram,403610.0,1.0,0.0834,864.3,,42022.0
7108.0,jeffreymcneil,Twitter,769574.0,5.0,0.0834,230.6,0.0288,1252.0
7109.0,huberharold,Instagram,399097.0,7.0,0.0986,175.75,0.0362,4776.0
7110.0,larry14,Instagram,969580.0,5.0,0.102,698.14,0.021,40824.0
,alyssa15,Facebook,966634.0,7.0,0.0834,,0.0398,42041.0
7112.0,shanejohnson,Twitter,755368.0,2.0,0.102,919.28,0.036,25543.0
7113.0,anne79,Instagram,533247.0,2.0,0.102,460.86,0.0152,30930.0
7114.0,tammy73,Facebook,751059.0,5.0,0.0834,948.68,0.0244,12952.0
7115.0,wolfejoshua,Twitter,,6.0,0.0834,120.74,0.0331,23543.0
7116.0,rjohnston,TikTok,57024.0,4.0,0.0856,249.3,0.0398,21047.0
7117.0,,Facebook,923109.0,3.0,0.0834,651.28,,40452.0
7118.0,elizabethwade,Twitter,279882.0,3.0,0.0856,888.13,0.015,37788.0
7119.0,william00,LinkedIn,415060.0,3.0,0.0856,691.48,0.0341,1137.0
7120.0,leahcarter,Facebook,871265.0,3.0,0.0856,877.89,0.0429,35712.0
7121.0,,LinkedIn,575581.0,,0.0856,262.51,0.0334,27666.0
7122.0,conradlaura,Instagram,700716.0,2.0,0.0834,715.37,0.0279,38714.0
7123.0,turnerchristopher,Facebook,698113.0,2.0,0.0986,667.05,0.0255,28650.0
7124.0,tonyaevans,Instagram,329583.0,3.0,0.0986,468.77,0.0136,45104.0
7125.0,charleshayes,LinkedIn,473422.0,5.0,0.102,989.55,0.0448,40421.0
7126.0,williamwyatt,LinkedIn,906058.0,6.0,0.0834,,0.0336,20456.0
7127.0,xberg,Twitter,620579.0,6.0,0.0856,,0.0261,14571.0
7128.0,garciaaudrey,LinkedIn,407259.0,1.0,0.0834,176.47,0.0175,25285.0
7129.0,tracistephens,LinkedIn,,1.0,,683.43,0.0358,27361.0
7130.0,thomas49,Facebook,863785.0,1.0,0.102,733.6,0.0478,18487.0
7131.0,gilbertdavid,Instagram,657294.0,7.0,0.0834,336.2,,31242.0
7132.0,micheleshaw,TikTok,829697.0,2.0,0.0834,402.13,0.0299,29551.0
7133.0,,Twitter,825664.0,5.0,0.0856,976.76,0.0267,35677.0
7134.0,salazargarrett,TikTok,33057.0,2.0,0.0856,926.97,0.0439,14846.0
7135.0,emily77,Instagram,522689.0,3.0,0.0856,514.6,0.0306,9512.0
7136.0,,Facebook,138721.0,2.0,0.0834,98.99,0.0488,18437.0
7137.0,smcguire,Facebook,908300.0,2.0,0.0856,184.52,0.0208,7219.0
7138.0,nponce,Instagram,898071.0,6.0,0.0834,989.88,0.0348,37678.0
7139.0,beth19,Instagram,805074.0,1.0,0.102,785.4,0.0422,11650.0
7140.0,jeffreymcneil,Twitter,823896.0,,0.0986,878.37,0.0166,46757.0
7141.0,hdavis,Twitter,901937.0,4.0,0.0856,,0.0175,48901.0
7142.0,wrightaudrey,Twitter,298001.0,5.0,0.0986,595.24,0.048,49013.0
7143.0,,TikTok,721456.0,3.0,0.102,514.6,0.0244,30426.0
7144.0,jonesangela,LinkedIn,652354.0,2.0,0.0986,349.72,0.0381,6535.0
7145.0,asimon,,756917.0,7.0,0.0834,602.6,0.0259,35920.0
7146.0,,TikTok,,5.0,0.102,685.4,0.0454,34805.0
7147.0,sarah70,Instagram,633705.0,5.0,0.102,159.96,0.0133,11020.0
7148.0,wendylee,Twitter,329752.0,6.0,0.0642,868.22,0.0201,
7149.0,mitchellpatrick,TikTok,,3.0,0.0856,553.49,0.0238,25444.0
7150.0,simoncarolyn,Instagram,358790.0,3.0,0.0986,966.01,0.0171,3676.0
7151.0,edwardschristina,Instagram,810979.0,2.0,0.102,577.15,0.0175,31913.0
7152.0,pjones,LinkedIn,126546.0,2.0,0.0986,459.55,0.0269,43004.0
7153.0,amanda19,Facebook,949266.0,3.0,0.0856,370.12,0.0314,
7154.0,amanda20,Instagram,12983.0,3.0,0.0642,778.33,0.0381,25164.0
,sheila33,Twitter,471647.0,4.0,0.0856,149.79,0.0332,27572.0
7156.0,kathrynsingh,LinkedIn,938006.0,6.0,0.0986,905.3,0.0443,43838.0
7157.0,james60,Instagram,734449.0,3.0,0.0642,497.57,0.0488,42091.0
7158.0,aramos,TikTok,49631.0,6.0,0.0642,408.67,0.0163,18356.0
7159.0,emily58,TikTok,361870.0,4.0,0.0856,383.32,0.0424,49662.0
7160.0,hrobinson,Twitter,,4.0,0.0834,132.5,0.0133,27946.0
7161.0,dawnwilkerson,,253230.0,3.0,0.0986,869.07,0.0231,7490.0
7162.0,garciakatherine,Twitter,484591.0,7.0,0.0834,608.81,0.0102,17676.0
7163.0,websterchristina,LinkedIn,,4.0,0.0642,224.07,0.0455,5520.0
7164.0,ptorres,,33657.0,5.0,0.0642,298.05,,28897.0
7165.0,christineclark,Twitter,395252.0,4.0,0.0642,,0.0156,42233.0
7166.0,cynthiagraham,Instagram,312763.0,4.0,0.0642,507.13,0.0105,1442.0
7167.0,lancerios,TikTok,188234.0,,0.0834,333.93,0.0272,38568.0
7168.0,kjohns,TikTok,657720.0,6.0,0.0834,278.81,0.042,31351.0
7169.0,smithmatthew,Instagram,77708.0,,,951.47,0.0318,40285.0
7170.0,stephen81,Facebook,251938.0,3.0,0.0856,139.63,0.0258,47995.0
7171.0,,Instagram,598212.0,6.0,,422.61,0.015,14556.0
7172.0,robertsanders,TikTok,972914.0,2.0,0.0856,254.87,0.0398,
7173.0,xberg,Twitter,620789.0,6.0,0.0856,458.75,0.0216,1599.0
7174.0,patrick62,TikTok,840456.0,5.0,0.0834,327.81,0.0156,30463.0
,mary05,TikTok,653564.0,,0.0642,926.61,0.0161,38124.0
7176.0,jameskennedy,Twitter,563121.0,3.0,0.0642,836.59,0.0398,17816.0
,beth19,Instagram,447577.0,3.0,,695.81,0.0343,
7178.0,murraykyle,Twitter,973573.0,1.0,0.102,473.76,0.0311,35282.0
7179.0,tracistephens,,434198.0,1.0,0.0834,,0.0156,47259.0
7180.0,fletcheralexis,Twitter,556611.0,7.0,0.0834,817.67,0.0334,39705.0
7181.0,jameskennedy,LinkedIn,7453.0,6.0,0.0986,376.76,0.0352,39665.0
7182.0,ahayes,,,1.0,0.102,380.5,0.034,5356.0
7183.0,perezjacqueline,LinkedIn,813794.0,1.0,0.0856,238.51,0.0319,10141.0
7184.0,,Twitter,52781.0,2.0,0.0834,745.68,0.0143,
7185.0,xdavis,LinkedIn,271216.0,6.0,0.102,405.74,,40447.0
7186.0,gene05,Facebook,29618.0,2.0,0.0856,461.85,0.0278,7146.0
7187.0,ruth02,Instagram,995140.0,6.0,0.0834,278.42,0.0249,9353.0
7188.0,michael16,LinkedIn,,1.0,0.0834,277.4,0.0161,43413.0
,jaclyn79,LinkedIn,,1.0,0.0642,443.29,0.0194,3691.0
7190.0,lrusso,Facebook,156620.0,1.0,0.0856,211.61,0.0186,36193.0
7191.0,salazargarrett,TikTok,882237.0,4.0,0.0642,194.99,0.0315,
7192.0,lorettamorton,TikTok,952881.0,5.0,0.0642,617.22,0.0181,45095.0
7193.0,nicholaspeters,TikTok,,7.0,0.0834,965.86,,11480.0
7194.0,carpenterthomas,Twitter,808732.0,2.0,0.0642,323.63,0.0403,27480.0
7195.0,amyperez,TikTok,79862.0,7.0,0.102,539.03,0.0403,34489.0
7196.0,tiffanystevens,LinkedIn,,4.0,0.0856,,0.0176,45931.0
7197.0,eedwards,Facebook,307680.0,3.0,0.0642,550.71,0.0148,18251.0
7198.0,palmerjeffrey,LinkedIn,866823.0,,0.0856,104.47,0.0468,23839.0
,,Twitter,424998.0,7.0,0.102,493.64,0.0241,6273.0
7200.0,westjustin,,304082.0,5.0,0.0986,345.58,0.0397,28213.0
7201.0,zrivers,LinkedIn,260243.0,6.0,0.0834,150.36,0.0343,8337.0
7202.0,coxricardo,Instagram,75087.0,2.0,0.0834,878.68,0.0439,19190.0
7203.0,charleshayes,TikTok,989908.0,4.0,0.0642,454.63,0.037,31343.0
7204.0,bpham,Instagram,499846.0,3.0,0.0834,357.45,0.0354,21757.0
7205.0,sthompson,,943160.0,5.0,0.0642,965.17,0.0494,13016.0
7206.0,edwardschristina,Twitter,39882.0,4.0,0.102,,0.0131,42064.0
7207.0,romeroallison,LinkedIn,57668.0,3.0,0.0856,270.31,0.0233,44195.0
7208.0,brian06,Facebook,652627.0,2.0,0.0986,599.73,0.0398,18650.0
7209.0,awilkins,TikTok,418821.0,5.0,0.0834,972.62,0.0146,47731.0
7210.0,robert05,Instagram,877819.0,2.0,0.102,394.17,0.0269,48368.0
7211.0,wreed,LinkedIn,852553.0,1.0,0.0642,493.46,0.0365,48800.0
7212.0,,Facebook,818873.0,4.0,0.0642,801.28,0.0296,34409.0
7213.0,nicholas41,Facebook,246707.0,1.0,0.102,887.03,0.0394,34906.0
7214.0,besparza,Instagram,889750.0,1.0,0.0642,250.33,0.0403,21107.0
7215.0,ghall,TikTok,39122.0,2.0,0.0642,582.88,0.0227,34874.0
7216.0,benjamingutierrez,LinkedIn,896008.0,6.0,0.0834,640.57,0.0225,35539.0
7217.0,elizabeth54,Twitter,351654.0,3.0,0.0642,450.94,0.0483,21298.0
7218.0,jonathan26,Instagram,122335.0,,0.0986,745.68,0.0332,46027.0
7219.0,fduffy,Twitter,357502.0,4.0,0.0986,192.99,0.0471,1731.0
7220.0,,TikTok,657319.0,2.0,0.0986,951.65,0.048,7798.0
7221.0,gbowman,LinkedIn,426794.0,4.0,0.0986,962.84,,49919.0
7222.0,llopez,Facebook,166055.0,3.0,0.102,681.35,0.0163,7185.0
7223.0,zpratt,Instagram,322348.0,7.0,0.0856,402.13,0.0387,16233.0
,zpratt,Twitter,794939.0,7.0,0.0834,136.15,0.0242,41983.0
7225.0,brianna64,Facebook,11820.0,1.0,0.102,919.28,0.0286,
7226.0,nvincent,Instagram,433898.0,3.0,0.0856,307.1,0.0389,8009.0
7227.0,michael16,Facebook,677829.0,5.0,0.0642,,0.0479,38853.0
7228.0,harrisjacob,LinkedIn,596805.0,7.0,0.0986,868.53,0.0175,3249.0
7229.0,ipark,TikTok,420623.0,4.0,0.0642,756.25,0.0391,36055.0
,gacosta,Facebook,210093.0,4.0,0.0856,651.18,0.0154,46059.0
7231.0,mtaylor,Twitter,788651.0,6.0,0.102,972.33,0.0479,43383.0
7232.0,browndarryl,TikTok,104702.0,5.0,0.0642,548.59,0.0164,44019.0
7233.0,michael61,LinkedIn,315334.0,5.0,0.0834,,0.0499,18572.0
7234.0,stonecharles,Facebook,313250.0,6.0,0.102,261.62,0.038,44586.0
7235.0,michaelbaker,LinkedIn,665220.0,5.0,0.0834,940.9,0.0483,44092.0
7236.0,victoria86,TikTok,240687.0,1.0,0.102,511.26,0.04,23404.0
7237.0,justin99,Instagram,512875.0,3.0,0.0642,,0.0307,17057.0
7238.0,ashley37,Facebook,855565.0,5.0,0.0642,651.68,0.0283,17474.0
7239.0,john06,Instagram,916687.0,,0.0986,985.34,0.0135,25946.0
7240.0,matthew40,LinkedIn,267789.0,3.0,0.0986,303.26,0.048,45788.0
7241.0,adam31,Facebook,247099.0,,0.0834,181.4,0.0133,46491.0
7242.0,jmiller,LinkedIn,811039.0,6.0,0.0834,814.78,0.0309,27656.0
7243.0,katherinechristian,LinkedIn,998920.0,7.0,0.0642,468.93,0.0364,6187.0
7244.0,,Instagram,194333.0,1.0,0.102,984.08,0.0357,7339.0
7245.0,andrew37,LinkedIn,26969.0,3.0,0.0642,154.35,0.0244,1715.0
7246.0,debbieharris,LinkedIn,295414.0,4.0,0.0834,695.52,0.0417,1392.0
7247.0,nponce,Instagram,90884.0,7.0,0.0642,753.84,0.0389,26318.0
7248.0,hernandezthomas,LinkedIn,76161.0,5.0,0.102,993.19,0.0252,10104.0
7249.0,kellidaniel,Facebook,339509.0,3.0,0.102,600.01,0.0102,33052.0
7250.0,smcguire,,754922.0,1.0,0.102,390.54,0.0237,10749.0
7251.0,nicholasnorton,TikTok,563236.0,4.0,0.0834,477.98,0.0227,25940.0
7252.0,diana02,Instagram,967221.0,4.0,0.0834,287.9,0.0288,31350.0
7253.0,elizabeth92,LinkedIn,5205.0,6.0,0.102,694.28,0.0352,28743.0
7254.0,manuel94,Instagram,877385.0,5.0,0.0856,730.24,0.0281,21584.0
7255.0,eric65,Twitter,817242.0,,0.0856,53.54,0.0314,45638.0
7256.0,susan22,TikTok,939632.0,7.0,0.0986,358.83,0.0288,34654.0
7257.0,francojoseph,TikTok,475613.0,3.0,0.0834,362.24,0.0372,15180.0
7258.0,jennifervaughn,TikTok,872476.0,6.0,0.102,682.99,0.0303,10518.0
7259.0,slambert,Twitter,558776.0,,0.0642,380.39,0.0474,31623.0
7260.0,mullinsalicia,Facebook,934387.0,3.0,0.0986,,0.0348,41647.0
7261.0,mike15,Instagram,77598.0,2.0,0.0986,336.2,0.0424,14343.0
7262.0,cooklinda,LinkedIn,109143.0,6.0,0.0986,825.22,0.0343,33918.0
7263.0,christopherbarnes,Instagram,985328.0,2.0,0.0642,592.26,0.0221,37579.0
7264.0,martinerica,Twitter,457485.0,,0.102,361.15,0.0335,2374.0
7265.0,ptorres,Facebook,512632.0,3.0,0.0834,336.2,0.0334,19385.0
7266.0,treynolds,Facebook,686562.0,3.0,0.102,236.48,0.0177,42696.0
7267.0,jeffery32,Instagram,832963.0,5.0,0.0856,969.88,0.0373,22709.0
7268.0,williambell,LinkedIn,,4.0,,993.14,0.0413,28922.0
7269.0,corydavis,Instagram,911548.0,3.0,0.0642,282.65,0.0257,46075.0
7270.0,pierceaaron,LinkedIn,340716.0,2.0,0.0856,268.1,0.0213,39954.0
7271.0,teresaellis,Twitter,,1.0,0.0986,142.77,0.0471,13610.0
7272.0,mckenzieadam,Twitter,195580.0,3.0,0.102,,0.04,4795.0
7273.0,bobbystrickland,Instagram,279498.0,4.0,0.0986,90.45,0.027,47176.0
7274.0,wongrichard,Facebook,562124.0,1.0,0.0642,190.5,0.0454,7261.0
7275.0,william00,TikTok,296415.0,2.0,0.102,68.93,0.0176,1210.0
7276.0,petersonjerry,Facebook,48838.0,,0.0834,869.5,0.0166,48357.0
7277.0,gonzaleslauren,Facebook,363815.0,6.0,0.102,970.21,0.0147,17913.0
7278.0,daniellelamb,Facebook,457232.0,,0.0986,537.16,0.0167,46683.0
7279.0,tonyaevans,LinkedIn,22691.0,6.0,0.0834,428.98,0.0353,45362.0
7280.0,doughertyaustin,Instagram,411369.0,5.0,0.0856,296.14,0.0178,27656.0
7281.0,fmolina,TikTok,500213.0,4.0,0.102,422.75,0.0238,18242.0
7282.0,johnsonroberto,LinkedIn,694376.0,3.0,0.0834,296.14,0.0402,2253.0
7283.0,mackenziedaniels,TikTok,609603.0,,0.102,935.93,,18735.0
7284.0,zbush,Instagram,421630.0,,0.102,98.2,0.04,13078.0
7285.0,hdavis,LinkedIn,855112.0,1.0,0.0642,156.13,0.0279,28884.0
7286.0,bclark,LinkedIn,340927.0,1.0,0.102,349.72,0.0286,26865.0
7287.0,,TikTok,659271.0,3.0,0.102,774.51,0.0128,14492.0
7288.0,steven51,Instagram,561496.0,5.0,0.0986,868.53,0.049,
7289.0,brady22,TikTok,54443.0,3.0,0.0856,971.23,0.0341,32781.0
7290.0,jamie67,LinkedIn,463139.0,7.0,0.0834,449.39,0.0208,8236.0
,wsmith,Instagram,815034.0,2.0,0.0834,262.66,0.0133,48367.0
7292.0,hrobinson,Twitter,539760.0,2.0,0.0642,890.31,0.0143,39748.0
7293.0,evanscarrie,Facebook,85090.0,4.0,0.0986,609.25,0.0219,12725.0
7294.0,revans,Facebook,985584.0,6.0,0.0642,203.52,0.031,14946.0
7295.0,allison03,Instagram,891947.0,1.0,0.0642,485.39,0.0105,43320.0
7296.0,stacey77,Instagram,749740.0,6.0,0.0642,345.58,0.0109,32836.0
7297.0,tiffanyferrell,Twitter,159352.0,2.0,0.102,276.88,0.0493,21219.0
7298.0,marcoporter,,669588.0,4.0,0.0642,389.68,0.0389,25229.0
7299.0,matthew40,Instagram,973480.0,7.0,0.102,802.17,0.0154,28952.0
7300.0,angelarose,Facebook,577732.0,1.0,0.0986,,0.0371,6145.0
7301.0,john77,TikTok,661681.0,1.0,0.0834,507.13,0.0133,14533.0
7302.0,zacharyhill,Facebook,6062.0,7.0,0.0986,452.91,0.0373,
7303.0,anthonyrobinson,Twitter,,5.0,0.0834,110.12,0.0233,1462.0
7304.0,jaimeedwards,Twitter,195414.0,6.0,0.0642,909.29,0.013,12858.0
7305.0,alvarezdanielle,Twitter,306311.0,5.0,0.0986,630.77,0.0274,49982.0
7306.0,shanejohnson,Instagram,17046.0,3.0,0.0856,257.56,0.0107,48614.0
7307.0,reneecontreras,LinkedIn,,1.0,0.0986,772.09,0.0459,40969.0
7308.0,dnguyen,LinkedIn,656387.0,4.0,0.0986,682.47,0.0229,13247.0
7309.0,qsmith,LinkedIn,976941.0,6.0,,503.42,,6434.0
7310.0,fosterjillian,Twitter,676164.0,3.0,0.0986,222.59,0.0211,10737.0
7311.0,ipark,Facebook,804702.0,4.0,0.0986,362.24,0.0269,31567.0
7312.0,ihernandez,Twitter,968235.0,5.0,0.0986,972.62,0.0424,19521.0
7313.0,aandrade,LinkedIn,385101.0,3.0,0.102,360.29,0.0118,19092.0
7314.0,laurendurham,TikTok,693398.0,1.0,0.0642,864.15,0.0242,7418.0
7315.0,gsharp,Twitter,77870.0,5.0,0.0986,194.55,0.0291,44129.0
7316.0,david74,Instagram,580622.0,6.0,0.102,344.14,0.0283,23331.0
7317.0,davisjose,TikTok,102399.0,4.0,0.0986,846.43,0.0381,33388.0
7318.0,hayespamela,TikTok,36647.0,7.0,0.102,154.35,0.0427,49092.0
7319.0,teresa99,Facebook,898628.0,1.0,0.0856,,0.024,13231.0
7320.0,tommy65,Facebook,29994.0,6.0,0.0856,528.03,0.0174,46249.0
7321.0,mtaylor,Facebook,483480.0,,0.0986,156.13,0.0339,12766.0
7322.0,billpage,LinkedIn,135937.0,2.0,0.0986,521.96,0.0442,22340.0
7323.0,gmeyer,Facebook,825360.0,7.0,0.0642,757.24,0.0191,
7324.0,shannon54,Twitter,17147.0,3.0,0.102,496.08,0.0434,34754.0
7325.0,plindsey,Instagram,253954.0,7.0,0.0642,905.43,0.0423,4810.0
7326.0,francojoseph,Instagram,,3.0,0.102,864.3,0.0458,28591.0
7327.0,pamelacollins,Instagram,113187.0,2.0,0.0642,574.29,0.0286,10586.0
7328.0,,Instagram,978403.0,1.0,0.0834,166.55,0.0337,32014.0
7329.0,vincentwang,Facebook,333681.0,1.0,0.0856,928.28,0.0391,33531.0
7330.0,victoria05,Twitter,68668.0,7.0,0.0856,742.79,0.0296,46418.0
7331.0,cthompson,Facebook,598258.0,3.0,0.0642,402.45,0.0234,34274.0
7332.0,,Twitter,,1.0,0.102,408.93,0.0238,42282.0
7333.0,virginia09,LinkedIn,917300.0,7.0,0.0834,756.25,0.0108,18902.0
7334.0,christianamy,Twitter,334762.0,3.0,0.102,946.08,0.0215,
7335.0,chavezcourtney,TikTok,823792.0,6.0,0.0986,533.08,0.0444,5482.0
7336.0,xdavis,LinkedIn,,,0.0986,915.05,0.0273,
7337.0,wstevens,TikTok,433659.0,6.0,0.0834,214.78,,18245.0
7338.0,jonathan39,LinkedIn,596460.0,,0.0642,428.86,0.0119,39845.0
7339.0,combsstephanie,,669960.0,1.0,0.0834,153.92,,
7340.0,anthonywilliams,Facebook,216516.0,4.0,0.0642,216.91,0.0348,43964.0
7341.0,hgonzalez,Twitter,641804.0,6.0,,542.96,0.0108,18103.0
7342.0,ibrock,,645776.0,2.0,0.0834,825.62,0.0427,2460.0
7343.0,crystalsharp,Twitter,372760.0,3.0,0.0986,287.49,0.0349,21468.0
7344.0,aramos,Instagram,319957.0,6.0,0.102,520.22,0.0273,49340.0
7345.0,gbowman,Instagram,421996.0,4.0,0.0834,276.5,0.0262,31264.0
7346.0,kwright,LinkedIn,293414.0,,0.0642,695.81,0.0286,26080.0
7347.0,danielanderson,Instagram,830648.0,7.0,0.0834,53.9,0.021,39252.0
7348.0,nturner,,403761.0,7.0,0.102,,0.0314,
7349.0,codyjohnson,Twitter,793709.0,6.0,,268.92,0.0181,
7350.0,hughesmatthew,Facebook,608210.0,3.0,0.0986,186.45,0.0417,32092.0
,patricknoble,Facebook,997915.0,3.0,0.0834,,0.0182,25985.0
7352.0,mary46,Facebook,743736.0,6.0,0.102,905.43,0.0378,8899.0
7353.0,kellie00,LinkedIn,517802.0,2.0,0.0986,615.99,0.0192,10828.0
7354.0,ronnie15,Facebook,204887.0,5.0,0.0856,775.97,,28870.0
7355.0,keycarol,TikTok,242814.0,3.0,0.102,,0.0175,12779.0
7356.0,byrdsamantha,TikTok,108637.0,5.0,0.0856,81.9,0.0361,7439.0
7357.0,michael55,Facebook,604169.0,1.0,0.0642,332.66,0.0493,49019.0
7358.0,timothy62,Facebook,630273.0,,,141.99,0.0163,38850.0
7359.0,gonzaleznicholas,TikTok,379986.0,2.0,0.0642,869.72,,14794.0
7360.0,bobbystrickland,LinkedIn,170595.0,3.0,0.102,85.8,0.0227,6408.0
,aryan,Instagram,322667.0,6.0,0.0856,926.61,0.0216,48401.0
7362.0,james60,Twitter,579876.0,5.0,0.0986,905.83,0.0178,33116.0
7363.0,robinparsons,LinkedIn,6122.0,5.0,0.0856,278.81,0.0193,8246.0
7364.0,robert56,Facebook,653636.0,1.0,0.0856,269.7,0.0435,31012.0
7365.0,qthompson,TikTok,184974.0,1.0,0.0856,772.09,0.0282,30420.0
7366.0,ghouse,Facebook,14727.0,7.0,0.0856,548.5,0.0138,20931.0
7367.0,chavezcourtney,LinkedIn,106111.0,3.0,0.0834,373.18,0.0456,46151.0
7368.0,william00,Instagram,146031.0,7.0,0.102,915.43,0.0426,14054.0
7369.0,medinanatalie,LinkedIn,809646.0,2.0,0.0856,269.7,0.0274,40268.0
7370.0,mary46,Twitter,509483.0,4.0,0.0642,514.07,0.0283,11579.0
7371.0,thomasherman,Twitter,462402.0,6.0,0.0834,440.37,0.0494,14443.0
7372.0,fgamble,LinkedIn,174543.0,1.0,0.0834,337.84,0.0213,46415.0
7373.0,beth19,Facebook,135143.0,4.0,0.0642,,0.0455,5111.0
7374.0,kimberlymorales,Facebook,500267.0,4.0,0.0986,250.31,0.024,32117.0
7375.0,pbrooks,Instagram,381631.0,5.0,0.0856,557.81,0.0178,20330.0
7376.0,micheleshaw,Instagram,549012.0,1.0,0.0856,482.45,0.0152,12598.0
7377.0,rwilliams,Instagram,696862.0,5.0,0.0642,714.36,0.0334,5013.0
7378.0,cthompson,Twitter,641637.0,,0.102,817.67,0.0117,26772.0
7379.0,ewalters,TikTok,552704.0,3.0,0.0856,572.3,0.0363,49124.0
7380.0,melissacordova,Instagram,669334.0,5.0,0.0642,142.56,0.0171,17025.0
7381.0,gutierreznicholas,TikTok,893889.0,2.0,0.0856,496.08,0.0312,3113.0
7382.0,jenniferthornton,Twitter,179568.0,2.0,0.0642,150.31,0.0175,48020.0
7383.0,schmittjason,,625430.0,4.0,0.0856,,0.0327,13014.0
7384.0,james60,Twitter,15730.0,4.0,0.0986,313.49,0.0168,49508.0
7385.0,jennifer98,Twitter,917509.0,4.0,0.0834,216.01,0.0228,49172.0
7386.0,gmcintosh,Instagram,291397.0,1.0,0.0986,885.8,0.011,
7387.0,james94,LinkedIn,416118.0,3.0,0.0834,,0.0314,44987.0
7388.0,garciaaudrey,Facebook,152150.0,6.0,0.0856,135.73,0.0159,1445.0
7389.0,garciajustin,TikTok,908756.0,3.0,0.0642,952.5,0.0278,24525.0
7390.0,ricardo38,Facebook,987469.0,5.0,0.0834,966.84,0.0161,14307.0
7391.0,gilbertdavid,TikTok,735863.0,5.0,0.102,637.48,0.0492,46122.0
7392.0,steven51,Facebook,288241.0,5.0,0.0856,989.88,0.04,4553.0
7393.0,adam31,Twitter,315940.0,6.0,0.0856,976.76,0.0373,25887.0
7394.0,hawkinskelly,Twitter,710149.0,7.0,0.0834,70.91,0.0381,30635.0
7395.0,jbrown,Facebook,784578.0,7.0,0.0986,584.81,0.0389,47604.0
7396.0,stuartsmith,Facebook,702184.0,4.0,0.0834,630.47,,19905.0
7397.0,romerocalvin,Twitter,289074.0,3.0,,117.05,0.0483,35874.0
7398.0,sierrajohnson,TikTok,27515.0,3.0,0.102,421.56,0.0477,
7399.0,codyjohnson,TikTok,754033.0,1.0,0.0856,83.53,0.0481,25719.0
7400.0,,LinkedIn,170435.0,1.0,,466.94,0.0108,18241.0
,tristanpearson,Twitter,237117.0,2.0,0.0986,457.26,0.0241,43375.0
7402.0,michaellee,Instagram,665948.0,2.0,0.0856,433.83,0.0191,14107.0
,lisachan,LinkedIn,900440.0,3.0,0.0834,731.75,0.0464,19625.0
7404.0,marycrawford,Instagram,378645.0,2.0,0.102,82.92,0.0174,2309.0
7405.0,tristanpearson,Instagram,453433.0,6.0,0.0986,352.46,0.0105,33969.0
7406.0,pblackwell,Facebook,853414.0,,0.0834,829.47,0.0326,16359.0
7407.0,daltonmichael,Instagram,,6.0,0.102,228.19,0.0201,3902.0
7408.0,mariewilliams,Instagram,129714.0,3.0,,538.1,0.0252,12331.0
7409.0,stephanievasquez,Instagram,434369.0,2.0,0.0834,200.82,0.032,10450.0
7410.0,revans,Twitter,420439.0,6.0,0.0642,356.3,0.0313,22322.0
7411.0,fowlermichael,TikTok,826869.0,1.0,0.0834,597.33,0.0166,26614.0
7412.0,ngray,Facebook,782068.0,5.0,0.0856,905.3,0.0161,42775.0
7413.0,gacosta,Twitter,974092.0,1.0,0.102,184.93,0.0352,2781.0
7414.0,wendylee,TikTok,437120.0,6.0,0.0834,160.86,0.0114,33059.0
,edwardschristina,,618876.0,6.0,0.102,511.26,0.0359,8497.0
7416.0,yvettepotts,TikTok,280240.0,6.0,0.0642,516.15,0.0327,20440.0
7417.0,eric95,TikTok,312273.0,2.0,0.0834,428.98,0.0181,23261.0
7418.0,toneill,Facebook,,6.0,0.102,245.68,0.0354,36159.0
7419.0,mariapatel,LinkedIn,438845.0,3.0,,216.01,0.0381,20685.0
7420.0,garymoore,LinkedIn,51517.0,7.0,0.0642,376.75,0.0213,
,simmonscarrie,TikTok,845949.0,3.0,0.0856,228.19,0.0278,2726.0
7422.0,ycole,Facebook,862665.0,3.0,0.0986,421.56,,46936.0
7423.0,revans,LinkedIn,731235.0,6.0,0.0986,330.78,0.0258,31324.0
7424.0,jaclyn79,LinkedIn,31207.0,3.0,0.0642,971.23,0.0278,12123.0
7425.0,mary32,Instagram,46796.0,4.0,0.102,926.61,0.0279,24543.0
7426.0,blackburnanthony,,532042.0,6.0,0.0986,334.87,0.0429,40463.0
7427.0,mtaylor,LinkedIn,122277.0,3.0,0.0834,733.6,0.0102,24948.0
7428.0,juarezcassandra,Instagram,495863.0,4.0,0.0856,286.58,0.0187,20976.0
7429.0,dannylee,Instagram,685173.0,1.0,0.0642,119.48,0.0447,10401.0
7430.0,jameskennedy,Facebook,107845.0,7.0,0.0834,236.48,0.0281,4841.0
7431.0,charleshayes,TikTok,184097.0,2.0,0.0856,951.65,0.0282,25429.0
7432.0,vmorales,,836708.0,7.0,0.0642,64.51,0.0348,1259.0
7433.0,alyssa19,TikTok,549342.0,,0.0856,279.32,0.0219,
7434.0,blakebell,TikTok,989559.0,4.0,0.102,466.94,0.0381,20365.0
7435.0,erodriguez,Instagram,600964.0,7.0,0.0856,993.52,0.0477,1781.0
7436.0,ruizguy,TikTok,52077.0,3.0,0.0856,339.15,0.0359,24417.0
7437.0,paularios,TikTok,576089.0,1.0,0.0642,,0.0123,27371.0
7438.0,josephjordan,Facebook,595803.0,1.0,0.0856,905.83,0.0215,6891.0
7439.0,zwhite,Facebook,174615.0,1.0,0.0986,117.22,0.0304,45701.0
7440.0,rachelgutierrez,Facebook,367624.0,5.0,0.0986,467.01,0.0144,25352.0
7441.0,ejones,Instagram,89223.0,5.0,0.0642,,0.0482,42974.0
7442.0,bstanton,TikTok,749296.0,2.0,0.0834,204.59,0.0342,
7443.0,grahamallison,Instagram,785192.0,5.0,0.0986,62.71,0.0437,26512.0
7444.0,williambell,TikTok,272743.0,2.0,0.0834,989.88,0.0392,48281.0
7445.0,johnsoncourtney,LinkedIn,,6.0,0.102,267.79,,27228.0
7446.0,corymann,Facebook,89289.0,4.0,0.0986,924.61,0.0363,27291.0
7447.0,kristinlynch,TikTok,104267.0,6.0,0.102,834.49,0.0393,12125.0
,kdavis,LinkedIn,245522.0,,0.0642,698.14,0.0219,38572.0
7449.0,brian06,LinkedIn,397107.0,,0.0834,853.64,0.0166,47467.0
7450.0,hannah30,Twitter,928277.0,3.0,0.0642,651.68,0.0116,39013.0
7451.0,toddkenneth,Instagram,348726.0,5.0,0.0642,334.87,0.0187,8115.0
7452.0,xnelson,LinkedIn,643588.0,5.0,0.0642,211.96,0.0343,43227.0
7453.0,ubecker,LinkedIn,551879.0,2.0,0.0834,784.57,0.0283,28106.0
,,Facebook,,,,672.02,0.0118,25527.0
7455.0,,LinkedIn,12791.0,3.0,0.0856,,0.0397,
7456.0,melendezpamela,Twitter,836295.0,2.0,0.102,603.07,0.0444,25790.0
7457.0,brian06,Facebook,570259.0,1.0,0.0856,775.38,0.0104,1666.0
7458.0,mark69,Instagram,969187.0,5.0,0.0642,966.97,0.0276,34825.0
7459.0,voconnor,TikTok,876374.0,1.0,0.0834,829.47,0.0354,36629.0
7460.0,gtorres,Twitter,985452.0,6.0,0.0986,753.13,0.0137,28759.0
7461.0,bclark,Instagram,203118.0,4.0,0.0642,713.93,0.0108,9195.0
7462.0,jmcgee,Instagram,882959.0,7.0,0.0856,,0.0385,18627.0
7463.0,flemingrichard,Instagram,404598.0,3.0,0.0642,,,9400.0
7464.0,jeffery32,TikTok,386678.0,6.0,0.102,96.71,0.0478,7259.0
7465.0,,LinkedIn,278787.0,6.0,0.0856,959.49,0.0222,1708.0
7466.0,tmarquez,Instagram,287138.0,2.0,0.0986,115.57,0.0115,29279.0
7467.0,corydavis,,200092.0,6.0,0.0986,154.01,0.0328,3045.0
7468.0,lpierce,Twitter,,1.0,0.0986,224.07,,43261.0
7469.0,ryan99,Instagram,65162.0,6.0,0.0642,,0.0343,
7470.0,jonathanherman,Instagram,238259.0,5.0,0.0856,801.17,0.0229,21857.0
7471.0,gilbertdavid,TikTok,334346.0,2.0,0.0856,330.06,0.0245,6070.0
7472.0,kdavis,TikTok,988880.0,7.0,0.0856,793.72,0.0325,49575.0
7473.0,blackburnanthony,LinkedIn,491679.0,1.0,0.0986,439.08,0.0245,38699.0
7474.0,chavezcourtney,,376775.0,7.0,0.0834,126.13,0.0429,25908.0
,robinsonlindsey,LinkedIn,357639.0,6.0,0.102,148.05,0.019,42812.0
7476.0,kjohns,Twitter,257077.0,5.0,0.0642,892.8,0.0286,30756.0
7477.0,pblackwell,Facebook,323459.0,1.0,0.0834,330.06,0.0189,41245.0
7478.0,robertsjared,Facebook,840367.0,6.0,0.102,177.41,0.0422,14239.0
7479.0,andrew53,Twitter,465190.0,,0.102,250.33,0.0494,39087.0
7480.0,eryan,TikTok,257478.0,6.0,0.0856,53.32,0.0296,19752.0
7481.0,diazmisty,Facebook,366378.0,6.0,0.0856,656.5,,33520.0
7482.0,erica07,TikTok,804873.0,6.0,0.102,360.29,0.04,44944.0
7483.0,dunndaniel,Twitter,387955.0,6.0,0.102,,0.0137,30734.0
7484.0,kellidaniel,Twitter,167793.0,2.0,0.0986,947.76,0.0443,15176.0
7485.0,sarahowen,TikTok,446072.0,3.0,0.102,517.59,0.0272,24967.0
7486.0,mary46,LinkedIn,202317.0,6.0,0.0642,727.33,0.0412,
7487.0,susan22,Instagram,355183.0,7.0,0.0856,264.48,0.0171,8790.0
,bettyray,Facebook,970342.0,5.0,0.0856,654.96,0.0102,48614.0
7489.0,karen03,Twitter,369954.0,,0.0856,187.13,0.0275,42677.0
7490.0,,Facebook,962826.0,6.0,0.0834,396.53,0.0473,21509.0
7491.0,corydavis,TikTok,42543.0,6.0,0.0834,,0.0147,
7492.0,lsaunders,LinkedIn,,6.0,,787.99,0.0112,11916.0
7493.0,qperkins,Facebook,274098.0,7.0,0.102,194.55,0.0477,47430.0
7494.0,carlosrivera,,,6.0,0.0834,380.5,0.0108,48243.0
7495.0,vdavila,TikTok,548542.0,2.0,0.0986,715.11,0.0344,38374.0
7496.0,petersonkristie,TikTok,842607.0,4.0,0.0856,735.9,0.0353,49642.0
7497.0,keithseth,,396319.0,7.0,0.0986,110.12,0.0404,39891.0
,david22,LinkedIn,333368.0,2.0,0.102,97.1,0.0233,36085.0
7499.0,ojenkins,Facebook,396057.0,2.0,0.0642,542.96,0.0331,37752.0
7500.0,valentinetammy,LinkedIn,235289.0,5.0,0.0834,357.45,0.0174,32531.0
7501.0,kennedykayla,Facebook,491977.0,5.0,0.102,356.29,,27714.0
7502.0,duranbrittany,Instagram,694887.0,1.0,0.102,967.5,0.0255,38614.0
7503.0,,LinkedIn,686630.0,5.0,0.0834,356.29,0.0159,37631.0
7504.0,robertmorris,Facebook,658829.0,5.0,0.0642,233.02,0.0244,24244.0
7505.0,vbrady,,913133.0,6.0,0.102,,0.0127,5412.0
7506.0,nponce,Instagram,843242.0,4.0,0.0642,100.35,,22097.0
7507.0,mcculloughedward,Facebook,705393.0,6.0,0.102,466.51,0.0321,38554.0
7508.0,evanssteven,TikTok,664748.0,,0.0642,869.72,0.0391,29311.0
7509.0,juarezcassandra,Facebook,962293.0,6.0,0.0856,421.56,0.0318,40852.0
7510.0,martinerica,Twitter,753703.0,7.0,0.0986,713.9,0.0417,39635.0
7511.0,randallmichael,Twitter,318208.0,3.0,0.0834,799.49,0.0237,23666.0
7512.0,jonesjerry,Twitter,204042.0,6.0,0.0834,966.01,0.0108,30221.0
7513.0,,Facebook,265636.0,4.0,0.0642,428.02,0.042,45671.0
7514.0,xmartinez,Twitter,367857.0,3.0,0.0642,587.97,0.0297,21418.0
7515.0,plindsey,Facebook,401482.0,,0.102,882.09,0.0431,38931.0
7516.0,victoria05,Facebook,,1.0,0.0642,698.14,0.0273,8614.0
7517.0,hgonzalez,LinkedIn,975304.0,6.0,0.0834,380.39,0.0184,1808.0
7518.0,harrisjacob,LinkedIn,694011.0,1.0,0.0986,729.55,0.046,29562.0
7519.0,katherinechristian,Twitter,909366.0,2.0,,,,5146.0
7520.0,edward01,TikTok,460580.0,4.0,0.102,356.3,0.0326,44413.0
7521.0,,LinkedIn,495850.0,3.0,0.0642,250.31,,45553.0
7522.0,jason52,Instagram,880368.0,4.0,0.0986,387.68,0.0415,46815.0
7523.0,wcolon,Facebook,630519.0,5.0,0.0986,497.29,0.0174,7105.0
7524.0,jennifer53,Twitter,605302.0,4.0,0.102,174.81,0.024,23728.0
7525.0,baileykerry,,868414.0,7.0,0.102,505.51,0.0484,35554.0
7526.0,bakerchristina,Twitter,733668.0,7.0,0.102,358.83,0.0245,23027.0
7527.0,cynthia25,Instagram,862869.0,5.0,0.0986,129.94,0.0152,33672.0
7528.0,,,164845.0,1.0,0.0986,713.93,0.041,8129.0
7529.0,gstone,Twitter,454885.0,5.0,0.0856,742.79,0.0413,23155.0
7530.0,lawrencejulie,TikTok,762663.0,,0.0856,,0.0419,11908.0
7531.0,patricia15,Facebook,280276.0,2.0,0.0834,877.89,0.0143,14279.0
7532.0,christie73,Instagram,585266.0,4.0,0.102,405.98,0.0321,13580.0
7533.0,megan53,Facebook,263786.0,7.0,0.102,880.42,0.0126,27804.0
7534.0,coxbrenda,Twitter,743245.0,5.0,0.102,798.27,0.0238,49511.0
7535.0,kellidaniel,Facebook,691068.0,5.0,0.0834,646.61,0.0384,
7536.0,marissa77,Facebook,144638.0,7.0,0.0986,125.06,0.0186,23320.0
7537.0,henry84,,322485.0,2.0,,247.27,0.0267,46508.0
7538.0,lisabarber,Twitter,248179.0,3.0,0.0986,965.86,0.0494,23713.0
7539.0,carterelizabeth,Instagram,850818.0,1.0,0.0856,177.32,0.0307,20585.0
7540.0,paul06,Facebook,47799.0,2.0,0.0642,76.36,0.0107,23088.0
7541.0,yhahn,Instagram,328444.0,6.0,0.0834,105.5,0.0119,43773.0
7542.0,jmiller,,524685.0,6.0,0.102,,0.0128,40294.0
7543.0,samanthaallen,Instagram,724826.0,6.0,0.102,493.46,0.0468,25794.0
7544.0,connie46,LinkedIn,495700.0,4.0,0.102,515.08,0.0229,26946.0
7545.0,ericmiller,LinkedIn,55853.0,1.0,0.0986,970.21,0.0193,30524.0
7546.0,jennifersanchez,TikTok,301675.0,6.0,0.0986,176.28,0.0454,
7547.0,mckenzieadam,Instagram,322237.0,3.0,0.0986,528.64,0.0488,20887.0
7548.0,claudiaferrell,Instagram,840737.0,5.0,0.0986,841.85,0.0273,36419.0
7549.0,,Twitter,344906.0,4.0,,578.63,0.011,46945.0
7550.0,fwalker,LinkedIn,936158.0,3.0,0.0834,85.8,0.0379,3227.0
7551.0,fwalker,TikTok,41710.0,7.0,0.102,376.75,0.0424,31233.0
7552.0,carpenterpamela,Twitter,276039.0,2.0,0.0834,742.39,0.0286,25990.0
7553.0,edwardthomas,,916422.0,7.0,0.0834,423.83,0.0122,14394.0
7554.0,ruth02,Instagram,731828.0,4.0,0.0986,,0.0443,27055.0
7555.0,laura55,Twitter,927545.0,2.0,0.0986,626.67,0.0421,39390.0
7556.0,timothyrandall,Twitter,669504.0,3.0,0.0642,,0.0418,37743.0
7557.0,,LinkedIn,69097.0,7.0,0.0856,125.06,0.0226,24369.0
7558.0,tmcdaniel,TikTok,139344.0,7.0,0.102,269.7,0.0335,9469.0
7559.0,gracegay,Instagram,212863.0,1.0,0.0856,128.61,0.0181,49248.0
7560.0,julianfisher,LinkedIn,200313.0,3.0,0.0986,370.12,0.0267,41435.0
7561.0,christopherknox,Instagram,395237.0,6.0,0.0834,212.36,0.0144,22059.0
,alvarezdanielle,LinkedIn,186627.0,7.0,0.0642,,0.0186,4448.0
7563.0,sparker,Instagram,659532.0,6.0,0.0642,669.64,0.0328,5662.0
7564.0,kdavis,TikTok,506571.0,5.0,0.102,,0.0318,30663.0
7565.0,yrodriguez,LinkedIn,879944.0,1.0,0.0856,672.69,0.0361,20734.0
,conradlaura,LinkedIn,471241.0,7.0,0.0986,420.51,0.036,19434.0
7567.0,kaitlynvalentine,,,3.0,0.0642,310.36,0.0378,44898.0
7568.0,morganmelanie,Facebook,676998.0,5.0,0.0856,600.46,0.0314,9580.0
7569.0,tristanpearson,LinkedIn,177225.0,5.0,0.102,867.57,0.0367,1114.0
7570.0,mike15,TikTok,523649.0,7.0,0.102,387.36,0.0464,23611.0
7571.0,ruth02,Instagram,210337.0,3.0,0.102,139.63,0.0265,41994.0
7572.0,qcannon,Facebook,139376.0,7.0,0.0642,75.54,0.015,3806.0
7573.0,allison03,LinkedIn,500585.0,5.0,0.0834,699.97,0.0247,37653.0
,jonesjerry,Facebook,634866.0,1.0,0.0642,993.14,,28827.0
7575.0,millerjill,Twitter,804205.0,1.0,0.0834,691.48,0.0251,21150.0
7576.0,,Instagram,327411.0,6.0,0.0856,540.02,0.0434,23258.0
7577.0,peggymunoz,Twitter,998216.0,6.0,0.0642,456.61,0.0456,22037.0
7578.0,rmcpherson,Twitter,245700.0,5.0,0.0856,216.01,0.0125,12592.0
7579.0,nvincent,Instagram,54501.0,7.0,0.102,753.84,0.0175,19169.0
7580.0,jamiejones,Twitter,,6.0,0.0834,703.39,0.0216,27881.0
7581.0,omorgan,LinkedIn,158445.0,5.0,0.0834,647.76,0.0416,46062.0
7582.0,victorsmith,Instagram,695727.0,2.0,0.0986,797.64,0.0373,2285.0
7583.0,donaldthompson,Facebook,718699.0,5.0,0.0642,104.69,0.0473,
7584.0,ijohnson,Instagram,900473.0,4.0,0.102,630.47,0.0262,
7585.0,martinjoseph,Instagram,301332.0,7.0,0.102,568.9,,8244.0
7586.0,rebekah51,LinkedIn,929469.0,6.0,0.0986,129.94,0.0283,47765.0
7587.0,joshua92,LinkedIn,573576.0,1.0,0.102,,0.0328,10384.0
7588.0,,,596813.0,5.0,0.102,243.95,0.0433,46994.0
7589.0,barneszachary,LinkedIn,550886.0,3.0,0.0856,804.4,0.0417,22122.0
7590.0,dannylee,Twitter,361136.0,2.0,0.102,,0.0347,16070.0
7591.0,jilliannielsen,TikTok,,1.0,0.102,250.33,0.0397,46704.0
7592.0,snyderryan,Facebook,368081.0,4.0,0.0834,,0.0237,3818.0
7593.0,treynolds,Twitter,237224.0,3.0,0.0642,995.14,0.0343,44446.0
7594.0,harrislisa,Instagram,153440.0,,0.0834,942.87,0.0205,42323.0
7595.0,flemingrichard,Instagram,107441.0,1.0,0.0642,785.4,0.0288,37366.0
,kayla25,Facebook,865037.0,,0.0834,692.69,0.0213,33535.0
,brookegalloway,Facebook,737567.0,1.0,0.0856,993.52,0.0281,
7598.0,william00,Facebook,541943.0,5.0,0.0642,672.02,0.0424,27654.0
7599.0,yrodriguez,Facebook,556581.0,3.0,0.0642,584.37,0.0272,16130.0
7600.0,tammy29,LinkedIn,500390.0,4.0,0.0834,637.73,0.0429,2980.0
7601.0,owensnatalie,,141359.0,2.0,0.0986,769.94,0.0107,48629.0
7602.0,carterelizabeth,LinkedIn,844210.0,1.0,0.0642,,0.0278,2602.0
7603.0,sharondillon,Facebook,722826.0,5.0,0.102,,0.0142,27980.0
7604.0,samanthasmith,Twitter,318638.0,6.0,0.0986,612.95,0.0161,37845.0
7605.0,xcruz,TikTok,173807.0,4.0,0.0834,666.13,0.0155,9723.0
7606.0,,Instagram,149062.0,7.0,0.0834,555.7,,6005.0
7607.0,austingarza,,9293.0,3.0,0.0856,880.42,0.0272,32429.0
7608.0,mcintoshrobert,Twitter,399163.0,7.0,0.0834,612.83,0.0341,19561.0
7609.0,monroedavid,Instagram,112445.0,1.0,0.0856,987.0,0.02,44878.0
7610.0,,Twitter,590771.0,3.0,0.0986,890.31,0.0205,16432.0
7611.0,henry84,Twitter,629450.0,1.0,0.102,948.68,0.0223,32469.0
7612.0,jonathanherman,Instagram,382819.0,4.0,0.102,919.28,0.0163,42004.0
7613.0,brian17,Facebook,758872.0,6.0,0.0986,903.99,0.0259,9957.0
,conradlaura,Twitter,956283.0,5.0,0.0856,142.56,0.0406,42235.0
7615.0,robin74,Facebook,393511.0,,0.0986,456.74,0.0197,11116.0
7616.0,uflowers,Facebook,367806.0,6.0,0.102,973.57,0.0341,3473.0
7617.0,thomasjonathan,TikTok,144342.0,6.0,0.102,645.84,0.0283,46463.0
7618.0,tylermartin,TikTok,29215.0,1.0,0.0986,718.41,0.0118,38738.0
7619.0,taylorcooper,LinkedIn,228058.0,6.0,0.0642,128.61,0.0235,26360.0
7620.0,ggonzales,LinkedIn,940024.0,6.0,0.102,317.31,0.0127,46611.0
7621.0,wwatson,Twitter,162250.0,4.0,0.0986,775.97,0.0321,20628.0
7622.0,markguzman,Facebook,168922.0,2.0,0.102,962.84,0.0197,26136.0
7623.0,muellerolivia,Twitter,,6.0,0.0856,405.98,0.0402,22119.0
,clementsdevin,Instagram,345338.0,7.0,0.102,176.28,0.0166,37750.0
7625.0,rachelsnyder,TikTok,737854.0,3.0,0.0834,,,11961.0
7626.0,mitchellpatrick,Instagram,293926.0,6.0,0.0856,993.14,0.0335,2405.0
7627.0,kenneth67,TikTok,533387.0,5.0,0.0856,772.09,0.0347,
7628.0,jamiejones,TikTok,127144.0,6.0,0.102,454.84,0.0357,5417.0
7629.0,hdavis,LinkedIn,54449.0,6.0,0.0986,822.36,0.0149,41349.0
7630.0,robertsanders,Twitter,357688.0,,0.0834,286.58,0.0183,39736.0
7631.0,jenniferthornton,Facebook,202063.0,4.0,0.0856,,,15711.0
7632.0,gregoryrodriguez,TikTok,424192.0,6.0,0.0834,397.7,0.0427,1010.0
7633.0,debbieharris,TikTok,507836.0,7.0,0.0856,248.25,0.0298,33060.0
7634.0,ewalters,Instagram,435248.0,4.0,0.0642,265.2,0.0198,31722.0
7635.0,jonesjerry,Twitter,894496.0,7.0,0.102,160.84,0.0405,36943.0
7636.0,johnwilkinson,TikTok,361163.0,3.0,0.102,903.94,0.0354,17720.0
7637.0,ellenmitchell,Twitter,756415.0,6.0,0.102,498.58,0.0429,24917.0
,amyperez,Twitter,967917.0,7.0,0.0986,159.96,0.0138,
7639.0,angela07,Facebook,115254.0,2.0,0.102,265.2,0.019,28338.0
7640.0,brianna64,TikTok,724812.0,2.0,0.0986,784.57,0.0272,30013.0
7641.0,campbelljose,Twitter,837701.0,4.0,,570.51,0.0406,26667.0
7642.0,jaclyn79,Facebook,793755.0,3.0,,867.62,0.05,9758.0
7643.0,hawkinskelly,TikTok,274596.0,2.0,0.0834,798.0,0.0174,5594.0
7644.0,lrodgers,Twitter,879681.0,2.0,0.102,84.87,0.0311,16292.0
7645.0,bettyray,Twitter,50841.0,4.0,0.0834,85.1,0.0451,44555.0
7646.0,johnsonkelly,TikTok,25809.0,5.0,0.0834,358.83,0.0309,27539.0
7647.0,hlong,Instagram,606236.0,4.0,0.0986,94.05,0.046,34479.0
7648.0,mccoykaren,TikTok,835048.0,1.0,0.102,672.69,0.0213,15813.0
7649.0,blackburnanthony,Twitter,353701.0,5.0,0.0856,946.08,0.0192,14573.0
7650.0,carpenterpamela,LinkedIn,253183.0,7.0,0.0834,573.91,0.0363,12428.0
7651.0,sancheztroy,Twitter,21982.0,1.0,0.0834,117.15,0.0196,8748.0
7652.0,lisamorrow,Instagram,962706.0,4.0,0.0834,479.34,0.0255,44993.0
7653.0,amanda19,LinkedIn,902220.0,2.0,0.0642,555.7,0.0477,
7654.0,qfisher,Instagram,599643.0,1.0,0.0834,539.69,0.0275,17373.0
7655.0,debbie61,LinkedIn,978659.0,1.0,0.0856,933.25,0.0175,5399.0
7656.0,kristinwilson,Instagram,965059.0,5.0,0.0642,,0.0113,23212.0
7657.0,tjohnson,TikTok,408747.0,4.0,0.0986,864.3,0.0307,4051.0
7658.0,ycole,LinkedIn,230567.0,7.0,0.0642,731.75,0.0442,31387.0
7659.0,zobrien,Twitter,553478.0,6.0,0.102,767.52,0.0115,16902.0
7660.0,qperkins,TikTok,663611.0,4.0,0.0834,169.32,0.03,2147.0
7661.0,yweaver,TikTok,261052.0,4.0,0.0834,296.14,0.0204,18465.0
7662.0,katherinechristian,TikTok,891094.0,6.0,0.0642,315.9,0.0479,46740.0
7663.0,elizabethelliott,Twitter,130296.0,3.0,0.0642,976.76,0.0245,
7664.0,mcintoshrobert,Twitter,724758.0,1.0,,682.99,0.0427,31463.0
7665.0,melissa93,Twitter,367035.0,5.0,0.0986,645.84,0.0494,20097.0
7666.0,kjohns,LinkedIn,573708.0,5.0,0.0834,914.72,0.0445,7645.0
7667.0,tinajones,Facebook,639462.0,3.0,0.102,565.07,0.0485,3042.0
7668.0,johnsonroberto,TikTok,713891.0,,0.0856,973.44,0.0143,12831.0
7669.0,pamelagonzalez,Twitter,,4.0,0.0856,514.07,0.0274,22449.0
7670.0,patriciabutler,,659280.0,5.0,0.0834,411.63,0.0304,12922.0
7671.0,vdavila,Facebook,711975.0,6.0,0.0856,110.12,0.0341,47594.0
7672.0,smurray,Twitter,749509.0,2.0,0.0642,928.25,0.044,30825.0
7673.0,nathandouglas,TikTok,482724.0,4.0,0.102,,0.0283,12147.0
7674.0,flowerschristine,,176019.0,5.0,0.0642,587.97,0.0244,32177.0
7675.0,johnsoncourtney,Facebook,638770.0,6.0,0.0642,64.51,0.0321,39282.0
7676.0,jennifersanchez,LinkedIn,689076.0,3.0,0.0642,808.23,0.0459,39195.0
7677.0,daltonmichael,Twitter,106344.0,1.0,0.0834,370.12,0.0272,27623.0
,asantos,TikTok,159854.0,1.0,0.102,217.72,0.0385,13367.0
7679.0,amberhanson,Twitter,959479.0,3.0,0.102,522.77,0.0341,36613.0
7680.0,ogarcia,TikTok,265340.0,7.0,0.0986,361.46,0.0118,5875.0
7681.0,juliepayne,Facebook,19639.0,4.0,0.0834,285.16,0.0379,36521.0
7682.0,smithsusan,Facebook,426949.0,2.0,0.0834,573.41,0.016,30857.0
7683.0,debbie61,LinkedIn,913618.0,1.0,0.0642,808.23,0.0233,38335.0
7684.0,hawkinskelly,TikTok,909381.0,2.0,0.0642,214.7,0.0216,4940.0
7685.0,johncarpenter,LinkedIn,697698.0,4.0,0.0856,584.37,0.0176,9807.0
7686.0,combsstephanie,Instagram,427607.0,6.0,,194.55,0.0186,28985.0
,rebekah51,LinkedIn,208820.0,6.0,0.102,542.96,0.0181,34863.0
7688.0,john57,Twitter,949819.0,1.0,0.0986,422.04,0.0412,11491.0
7689.0,jmiller,Facebook,105644.0,1.0,,881.85,0.016,1996.0
7690.0,brian06,LinkedIn,323833.0,7.0,0.102,187.74,0.042,33566.0
7691.0,nwalsh,,829558.0,5.0,0.0642,238.74,0.0191,45078.0
7692.0,,LinkedIn,931409.0,2.0,0.102,614.04,0.0255,27745.0
7693.0,,Facebook,105650.0,6.0,0.0986,,0.0244,23052.0
7694.0,nicole57,Facebook,,3.0,0.0642,274.15,0.0479,16171.0
7695.0,nicole57,Facebook,737469.0,4.0,0.0986,875.2,0.0258,33871.0
7696.0,stephanie37,Instagram,647310.0,5.0,0.102,836.59,0.0206,19628.0
7697.0,,Instagram,552403.0,3.0,0.0986,405.98,0.0197,36446.0
7698.0,jonathan39,TikTok,581756.0,1.0,0.0986,516.15,0.0113,41324.0
7699.0,thomasortega,LinkedIn,240918.0,4.0,0.0642,376.75,0.0259,49813.0
7700.0,tgraham,Twitter,153349.0,7.0,0.102,332.66,0.048,36410.0
7701.0,johnwilson,Twitter,,4.0,0.102,184.93,0.0167,44166.0
7702.0,nelsonalfred,Facebook,694810.0,2.0,,772.09,0.0398,17198.0
7703.0,hunterbriana,LinkedIn,723415.0,2.0,0.0856,841.85,0.0261,42053.0
7704.0,smithjulian,Facebook,356851.0,2.0,0.0856,915.43,0.0161,39305.0
7705.0,corymann,TikTok,203164.0,4.0,0.0642,245.68,0.0242,4703.0
7706.0,kstewart,Twitter,264252.0,5.0,0.0856,390.54,0.0391,47135.0
7707.0,millerjill,Facebook,18673.0,6.0,0.0856,946.08,0.041,3550.0
7708.0,mjones,Instagram,971600.0,5.0,,53.54,0.0227,19210.0
7709.0,christianamy,Twitter,77763.0,3.0,0.0834,119.48,0.0191,37573.0
7710.0,tprice,Instagram,873306.0,7.0,0.0834,529.18,0.0277,42316.0
,johnsongregory,Twitter,10734.0,2.0,0.0642,817.09,0.0297,18598.0
7712.0,oprice,TikTok,670841.0,4.0,,274.72,0.0175,37789.0
7713.0,huberharold,Instagram,497771.0,6.0,0.0642,968.85,0.0401,17036.0
7714.0,bprice,LinkedIn,719413.0,1.0,0.0642,966.97,0.0499,35841.0
7715.0,stephen98,TikTok,645004.0,1.0,0.0986,323.15,0.023,4171.0
7716.0,tiffanyferrell,TikTok,37927.0,5.0,0.0986,630.77,0.0351,19376.0
7717.0,rachelsnyder,Instagram,822336.0,3.0,0.102,667.05,0.0113,19834.0
7718.0,andrewgregory,LinkedIn,375481.0,2.0,0.0856,882.09,0.0286,9325.0
7719.0,vrussell,Instagram,367183.0,6.0,0.0856,450.62,0.05,42646.0
7720.0,michaeldavis,Twitter,710409.0,5.0,0.0856,617.49,0.0228,27629.0
7721.0,garrettelizabeth,LinkedIn,493949.0,1.0,0.0834,637.73,0.0285,1881.0
7722.0,william00,Instagram,702480.0,3.0,0.102,376.11,0.0493,1897.0
7723.0,teresageorge,LinkedIn,929763.0,3.0,0.0856,537.16,0.0327,31401.0
7724.0,crosslaura,Instagram,244922.0,,0.0986,763.11,0.0143,36468.0
7725.0,,Twitter,828929.0,1.0,0.0986,683.43,0.0221,26292.0
7726.0,gsanchez,Facebook,932183.0,6.0,0.0986,913.87,0.0452,17811.0
,dhouse,Twitter,702305.0,5.0,0.0834,494.5,0.0188,8792.0
7728.0,hayespamela,Instagram,581180.0,3.0,0.102,869.07,0.0239,37826.0
7729.0,jade86,Facebook,110540.0,3.0,0.102,555.7,,44652.0
7730.0,corydavis,Twitter,235865.0,2.0,0.102,931.61,0.041,18991.0
7731.0,jennifersanchez,TikTok,293105.0,3.0,0.102,241.52,0.0426,13492.0
7732.0,amyperez,Twitter,689563.0,2.0,0.0834,584.37,0.0196,28667.0
7733.0,,TikTok,229472.0,2.0,0.0986,685.4,0.0334,48107.0
,qhobbs,Instagram,654086.0,1.0,0.102,877.89,0.0244,22777.0
7735.0,kevin83,Facebook,797908.0,5.0,0.0856,641.6,0.0273,29609.0
,,Instagram,142485.0,6.0,0.102,286.58,0.0415,26727.0
7737.0,kevinblack,LinkedIn,490619.0,7.0,0.0834,557.76,0.0353,22784.0
7738.0,tmarquez,Twitter,622939.0,,0.102,472.93,0.0412,36580.0
7739.0,doughertyaustin,Twitter,844559.0,6.0,0.0986,640.55,0.0177,11705.0
7740.0,fshaw,LinkedIn,918686.0,3.0,0.0834,441.13,0.0481,41895.0
7741.0,fshaw,TikTok,277314.0,5.0,0.0986,52.48,0.0208,48858.0
,kennedykayla,Facebook,150419.0,5.0,,947.76,0.0424,17006.0
7743.0,rshort,Facebook,347353.0,1.0,0.0642,459.55,0.028,10970.0
7744.0,skinnerjacob,Facebook,357254.0,2.0,0.102,,0.0143,38664.0
7745.0,qsmith,LinkedIn,736646.0,1.0,,985.46,0.0314,37178.0
7746.0,michael40,Twitter,130798.0,2.0,0.0856,672.02,0.0341,45463.0
7747.0,sheila33,Instagram,875609.0,4.0,,397.29,0.0193,31328.0
7748.0,,Twitter,714231.0,1.0,0.102,741.67,0.0168,9451.0
7749.0,jeffersonmason,Twitter,465966.0,5.0,0.0986,307.41,0.0105,29070.0
7750.0,uclark,Instagram,476732.0,5.0,0.102,126.59,0.0314,44825.0
7751.0,leemorales,,362788.0,3.0,0.0856,105.12,0.0262,10663.0
,hernandezvanessa,Facebook,275236.0,7.0,0.0834,485.39,0.0186,34275.0
7753.0,virginia09,LinkedIn,736797.0,6.0,0.0986,793.72,0.0419,21225.0
7754.0,amanda20,LinkedIn,1826.0,1.0,0.0642,895.84,0.0108,38573.0
7755.0,yvettepotts,TikTok,858292.0,5.0,0.102,400.61,0.0458,42739.0
7756.0,timothy62,Instagram,660036.0,3.0,0.0642,376.11,0.0429,21709.0
7757.0,michael22,LinkedIn,573070.0,5.0,0.0856,349.32,0.0452,16406.0
7758.0,omorgan,Facebook,325794.0,1.0,0.0642,967.56,0.038,12773.0
,vmorales,Twitter,296054.0,7.0,0.0642,383.32,0.0193,9357.0
7760.0,owenskeith,Facebook,97383.0,5.0,0.102,492.15,0.0237,34663.0
7761.0,deandawn,Instagram,84409.0,1.0,0.0856,449.39,0.0265,27948.0
7762.0,bettyray,Facebook,355543.0,2.0,0.0834,129.94,0.0258,38658.0
7763.0,ogarcia,LinkedIn,161863.0,7.0,0.0834,933.92,0.0369,38943.0
7764.0,gracegay,Instagram,75890.0,3.0,0.102,676.94,0.0192,28519.0
7765.0,mariapatel,Facebook,622126.0,6.0,0.0986,969.55,0.0201,15253.0
7766.0,timothyrandall,TikTok,337668.0,5.0,0.0986,932.62,0.0272,41665.0
7767.0,,Instagram,185800.0,6.0,0.0642,638.08,0.0423,
7768.0,matthewtaylor,Facebook,890662.0,7.0,,70.66,0.0221,29074.0
7769.0,xmacias,TikTok,584604.0,5.0,0.0856,259.06,0.0234,14562.0
7770.0,patty20,Instagram,691682.0,4.0,0.0986,869.07,0.0363,28710.0
7771.0,sriley,LinkedIn,129360.0,5.0,0.0834,944.87,0.0325,3898.0
7772.0,,TikTok,485556.0,4.0,0.0986,533.08,0.0123,29213.0
7773.0,jose67,LinkedIn,159651.0,6.0,0.0642,938.98,0.015,8936.0
7774.0,brian17,Facebook,292847.0,5.0,0.0834,270.91,0.0353,34222.0
7775.0,cody87,Facebook,526427.0,5.0,0.102,176.47,0.015,17905.0
7776.0,klee,Twitter,600042.0,6.0,0.0856,507.13,0.0221,5081.0
7777.0,ireyes,LinkedIn,758837.0,,0.102,285.16,0.0196,34823.0
7778.0,martinerica,Instagram,978998.0,2.0,0.0856,459.55,0.0278,48294.0
7779.0,erikthomas,Facebook,269184.0,6.0,0.0986,287.9,0.0393,12226.0
7780.0,stephen63,Instagram,99518.0,3.0,0.0986,245.68,0.0201,4186.0
7781.0,stonecharles,Twitter,210637.0,2.0,0.102,752.14,0.0118,26673.0
7782.0,owensnatalie,Instagram,288942.0,7.0,0.0986,456.74,0.0497,6820.0
7783.0,justin17,Twitter,761729.0,6.0,0.102,,,48366.0
7784.0,stephaniehouse,TikTok,159096.0,4.0,0.0642,800.15,0.0226,46238.0
7785.0,romerocalvin,Instagram,822447.0,1.0,0.0642,587.97,0.0245,41910.0
7786.0,lori07,Facebook,370809.0,6.0,0.0856,789.0,0.0189,1490.0
7787.0,david22,Facebook,163991.0,5.0,0.102,134.83,0.0107,29526.0
7788.0,christianamy,TikTok,668528.0,3.0,0.102,103.51,0.0258,19601.0
7789.0,ujones,TikTok,362480.0,6.0,0.102,411.29,0.0335,4675.0
7790.0,shanejohnson,LinkedIn,518399.0,3.0,0.0834,327.81,0.0269,31364.0
7791.0,kanebrenda,Twitter,618136.0,4.0,0.102,55.4,0.0197,34026.0
7792.0,dmiller,Instagram,531921.0,5.0,0.0642,135.84,,
7793.0,blackwellandrew,Facebook,228650.0,5.0,0.0642,394.17,0.013,28321.0
7794.0,harrislisa,LinkedIn,458545.0,,0.0856,580.89,0.0147,4531.0
7795.0,cbrown,Facebook,470929.0,7.0,0.0856,853.81,0.0253,35645.0
7796.0,calhounrenee,TikTok,927869.0,1.0,0.0986,129.24,0.0191,14542.0
7797.0,lisamorrow,,65345.0,1.0,0.0834,548.5,0.038,18544.0
7798.0,nicholas41,Twitter,372915.0,3.0,0.0986,176.28,0.0239,20550.0
7799.0,stephen81,TikTok,805002.0,6.0,0.0856,386.94,0.0332,20566.0
,douglasalice,Twitter,253218.0,3.0,0.102,683.43,0.0307,1580.0
7801.0,amanda27,Facebook,820375.0,6.0,,83.12,0.0227,
7802.0,amanda27,Facebook,720495.0,5.0,0.0856,842.79,0.0299,16857.0
7803.0,perryrichard,LinkedIn,197873.0,7.0,0.0986,136.78,,36776.0
7804.0,treynolds,Facebook,980134.0,3.0,0.0856,526.82,0.0163,37477.0
7805.0,samanthajohnson,Facebook,880708.0,1.0,,,0.0136,28885.0
7806.0,aryan,Facebook,,2.0,0.0986,283.03,0.0301,24942.0
7807.0,david22,LinkedIn,504237.0,1.0,0.0642,269.91,0.0472,49415.0
7808.0,fkelly,Instagram,368054.0,4.0,0.102,985.34,0.0273,30256.0
7809.0,kevin80,TikTok,,6.0,0.0834,298.05,0.0133,
,sonya64,LinkedIn,449421.0,6.0,0.0856,317.31,0.0321,33304.0
7811.0,harrismichael,LinkedIn,508269.0,3.0,0.102,152.25,0.0312,36978.0
7812.0,murphytabitha,Instagram,211034.0,2.0,0.0642,925.27,0.0405,8055.0
7813.0,,Instagram,459179.0,4.0,0.0642,609.25,0.0445,32547.0
7814.0,racheldodson,Facebook,438493.0,5.0,0.0834,578.37,0.0234,31059.0
7815.0,chavezcourtney,,255854.0,2.0,0.0986,402.13,0.0364,1764.0
7816.0,scott72,Instagram,224509.0,6.0,0.0986,141.99,0.0448,43869.0
7817.0,michael55,LinkedIn,729336.0,4.0,0.0834,799.0,0.0177,40953.0
7818.0,brett02,Facebook,177980.0,7.0,0.102,196.71,0.0285,45039.0
7819.0,wrightaudrey,TikTok,157901.0,2.0,0.0986,738.77,0.0477,1975.0
7820.0,samanthaallen,,,1.0,0.0642,349.72,0.0486,41937.0
7821.0,ysmith,TikTok,918231.0,3.0,0.102,139.9,0.0273,18250.0
7822.0,travis06,Facebook,429368.0,7.0,0.0834,951.11,0.0314,2939.0
7823.0,kstewart,LinkedIn,624328.0,4.0,0.0856,510.95,0.0334,8816.0
7824.0,besparza,LinkedIn,806426.0,2.0,0.0856,993.2,0.0343,10819.0
,turnerchristopher,Facebook,598518.0,7.0,0.0834,555.48,0.0397,46148.0
7826.0,,Instagram,459885.0,4.0,0.0834,124.95,0.0105,4788.0
7827.0,hevans,Twitter,852930.0,5.0,0.0642,,,35346.0
7828.0,lpierce,,394194.0,,0.102,281.4,,31047.0
7829.0,romerojorge,Facebook,164012.0,6.0,0.0856,170.04,0.0171,35064.0
7830.0,williambell,TikTok,,7.0,0.0856,,0.0105,
7831.0,michaelflores,TikTok,832467.0,6.0,0.0834,860.13,0.0418,9911.0
7832.0,,TikTok,956100.0,5.0,0.0986,715.37,0.0439,15031.0
7833.0,qhood,Twitter,38118.0,5.0,0.102,440.37,,21177.0
7834.0,cynthiagraham,Instagram,262519.0,5.0,0.0834,429.58,0.0479,38457.0
7835.0,,LinkedIn,679671.0,5.0,0.0834,,0.0277,20890.0
7836.0,allison03,TikTok,457403.0,5.0,0.102,893.56,0.0145,3610.0
7837.0,tylerwilliams,Twitter,172827.0,2.0,0.0986,522.77,0.0159,30367.0
7838.0,michael55,TikTok,448982.0,2.0,0.0856,535.84,0.0318,16821.0
7839.0,zblackburn,TikTok,864998.0,1.0,0.0642,374.56,0.0202,40003.0
7840.0,jameskennedy,Facebook,789581.0,3.0,0.0642,859.17,0.0109,31476.0
7841.0,victorsmith,LinkedIn,363924.0,1.0,0.0642,869.5,0.0465,24030.0
7842.0,fletcheralexis,Twitter,970459.0,5.0,0.0986,765.21,0.0149,31845.0
7843.0,fshaw,Twitter,893968.0,7.0,,153.65,0.0486,42704.0
7844.0,alexandermckenzie,TikTok,802944.0,3.0,0.0642,847.14,0.0334,9648.0
7845.0,byrdsamantha,Instagram,537007.0,3.0,0.0834,741.67,0.0468,31099.0
7846.0,larry14,LinkedIn,956373.0,5.0,0.0856,555.43,0.0364,6590.0
7847.0,qcannon,Instagram,102646.0,6.0,0.0834,594.15,0.0348,5058.0
7848.0,graymelinda,Instagram,399269.0,6.0,0.102,211.61,0.0348,5815.0
7849.0,alexandersamuel,TikTok,831703.0,5.0,0.0986,296.14,0.0292,5080.0
7850.0,mark69,Twitter,202811.0,4.0,0.0642,472.93,0.0181,46757.0
7851.0,keith55,LinkedIn,788136.0,5.0,0.0834,,0.0186,14954.0
7852.0,colestevens,Facebook,660478.0,4.0,0.102,816.11,0.0178,
7853.0,jennifer41,TikTok,466599.0,3.0,0.0642,427.92,0.0257,19437.0
7854.0,johnsongregory,,455487.0,1.0,0.0856,126.13,0.0201,11206.0
,plindsey,Twitter,425153.0,1.0,0.0986,264.98,0.0444,15659.0
,jeffreybennett,Facebook,140058.0,4.0,0.102,966.47,0.0149,11833.0
7857.0,james94,Twitter,617441.0,6.0,0.0986,126.13,0.0371,34039.0
7858.0,garciajustin,Twitter,348711.0,3.0,0.0642,192.99,0.0337,43831.0
7859.0,gthomas,Twitter,981632.0,6.0,0.0856,696.43,0.0479,44979.0
7860.0,tiffanystevens,TikTok,311832.0,3.0,0.102,126.13,0.0161,
7861.0,hannah30,LinkedIn,333444.0,5.0,0.0856,533.08,0.0178,31687.0
,sarahyang,TikTok,859797.0,4.0,0.0986,220.8,0.0174,15185.0
7863.0,andrew37,Twitter,639926.0,6.0,0.102,497.57,0.0262,24441.0
7864.0,hernandezthomas,Instagram,916943.0,6.0,0.0986,533.08,0.0406,38718.0
7865.0,gbowman,Instagram,748822.0,5.0,0.0834,430.4,0.0443,34437.0
7866.0,ryan18,Twitter,,2.0,0.0642,131.64,0.032,24968.0
7867.0,toddkenneth,TikTok,,3.0,0.0834,152.25,0.0186,27990.0
7868.0,alicechavez,LinkedIn,191447.0,6.0,0.0856,214.12,0.0123,28120.0
7869.0,elizabethwilson,LinkedIn,869536.0,6.0,0.0642,278.42,0.0285,25766.0
7870.0,aflores,Twitter,792876.0,3.0,0.0642,375.55,0.0328,17284.0
7871.0,joshua92,LinkedIn,606792.0,1.0,0.0642,154.35,0.0225,29940.0
7872.0,jwallace,TikTok,307818.0,1.0,0.0642,488.49,0.0264,31764.0
7873.0,kwashington,Instagram,391520.0,1.0,0.102,814.78,0.0243,36325.0
7874.0,margaret57,TikTok,636506.0,2.0,,867.62,0.0444,16061.0
7875.0,,Instagram,822319.0,2.0,0.102,655.03,0.0311,37842.0
7876.0,samanthajohnson,Instagram,564359.0,1.0,0.0642,894.7,0.0207,19716.0
7877.0,manuel94,TikTok,476660.0,3.0,0.0856,951.11,0.0482,41552.0
7878.0,eric95,Facebook,194472.0,1.0,0.0986,511.76,0.0488,3757.0
7879.0,kathleenmason,TikTok,185587.0,7.0,0.0642,754.87,0.0277,
7880.0,kenneth67,TikTok,739980.0,7.0,0.0986,641.6,,27675.0
7881.0,francessullivan,TikTok,25543.0,2.0,0.0856,330.78,0.0477,20204.0
7882.0,coxbrenda,Facebook,252908.0,4.0,0.0834,969.09,0.0359,43488.0
7883.0,twagner,Twitter,428840.0,4.0,0.0986,995.79,0.0439,47881.0
7884.0,williamrodriguez,,897931.0,4.0,0.0986,884.06,0.0338,21030.0
7885.0,michaellopez,Facebook,41603.0,4.0,0.102,894.32,0.0172,16426.0
7886.0,perezjacqueline,TikTok,562318.0,,0.0834,966.47,0.0115,39924.0
7887.0,ashley65,Twitter,,2.0,0.0642,340.68,0.0163,23731.0
7888.0,matthew96,Facebook,819850.0,6.0,0.0856,133.64,0.0107,39927.0
7889.0,corymann,Instagram,883916.0,3.0,0.0642,602.23,0.0471,6985.0
7890.0,mnolan,TikTok,631515.0,7.0,0.102,274.15,0.0133,36632.0
7891.0,xfreeman,Instagram,656619.0,6.0,0.102,988.96,0.04,44329.0
7892.0,keithseth,Instagram,861766.0,7.0,0.0834,934.87,0.0286,32749.0
7893.0,alexandra71,Twitter,591278.0,1.0,0.0834,323.63,0.0306,25915.0
7894.0,mariah21,TikTok,975945.0,3.0,0.0986,375.55,0.0114,10651.0
7895.0,,Twitter,802164.0,4.0,0.0834,370.17,0.019,6185.0
7896.0,henrykendra,Twitter,329294.0,7.0,,947.76,0.0133,18306.0
7897.0,voconnor,LinkedIn,401543.0,5.0,0.0642,991.41,0.0478,
7898.0,elizabethwade,Instagram,833214.0,5.0,0.102,640.24,0.0259,10829.0
,asimon,Instagram,870493.0,6.0,0.0856,794.46,0.0448,26429.0
7900.0,parkerluke,Twitter,842936.0,5.0,0.0986,858.44,0.0304,47617.0
7901.0,stephanie02,TikTok,653279.0,1.0,0.0986,987.3,0.024,29507.0
7902.0,ryanchambers,LinkedIn,,7.0,0.0986,940.9,0.0416,38443.0
7903.0,jeffreybennett,TikTok,277742.0,2.0,0.0834,872.61,0.0421,6333.0
7904.0,michaelperez,TikTok,377698.0,4.0,0.0856,175.95,0.038,31931.0
7905.0,tlawson,TikTok,935937.0,6.0,0.102,932.62,0.0325,1302.0
7906.0,erikthomas,TikTok,11014.0,6.0,0.0986,382.74,0.0244,43820.0
7907.0,carrolljames,Facebook,591562.0,6.0,,955.42,0.0443,48380.0
7908.0,bondrebecca,Facebook,411616.0,7.0,0.102,584.37,0.0373,47321.0
,jose67,Twitter,888979.0,1.0,0.0642,134.83,0.0258,36221.0
7910.0,nelsonalfred,Facebook,471882.0,5.0,0.0642,993.14,0.0499,27483.0
7911.0,josephjordan,LinkedIn,433389.0,1.0,0.0834,269.91,0.0338,42989.0
7912.0,,Instagram,340014.0,2.0,0.0856,321.64,0.0241,19024.0
7913.0,cthompson,Twitter,892785.0,7.0,0.0834,173.91,0.0488,43218.0
,jeffersonmason,Instagram,,3.0,0.0834,276.88,0.0397,42550.0
7915.0,hughesjohn,Instagram,392491.0,5.0,0.0642,955.85,0.0371,17181.0
,hardyjames,Twitter,871365.0,2.0,0.0856,181.32,0.0205,40173.0
,hwashington,Instagram,431268.0,1.0,0.0834,596.41,0.0437,26577.0
7918.0,fsanchez,Instagram,238701.0,6.0,0.0834,188.5,,8810.0
7919.0,ghall,Twitter,316664.0,6.0,0.102,,0.0304,5359.0
7920.0,lisa32,TikTok,320714.0,1.0,0.0834,376.23,0.0262,9897.0
7921.0,michaelpatrick,Facebook,957630.0,5.0,0.0834,666.13,0.0353,29455.0
7922.0,mcdonaldnancy,LinkedIn,,1.0,0.0856,458.75,0.0105,4668.0
7923.0,paul43,Facebook,291561.0,7.0,0.0642,713.9,0.0227,28663.0
7924.0,belinda51,Instagram,259601.0,3.0,0.0642,55.4,0.0477,
7925.0,wongrichard,LinkedIn,170022.0,1.0,0.0986,647.76,0.0203,19813.0
7926.0,cassandra28,Twitter,828791.0,5.0,0.0986,,0.042,14241.0
7927.0,flowerschristine,TikTok,243865.0,7.0,0.0642,53.54,0.0237,38496.0
7928.0,gabriellashort,Facebook,143671.0,6.0,0.0856,383.19,0.0265,37451.0
7929.0,,Facebook,699065.0,4.0,,176.47,0.0224,11778.0
7930.0,jordanmartin,LinkedIn,155091.0,5.0,0.0986,156.13,0.0237,6409.0
7931.0,jessica46,,370045.0,7.0,0.0834,753.13,0.0247,31765.0
7932.0,jonathan26,Facebook,56296.0,6.0,0.0834,234.79,0.0304,43442.0
7933.0,lpierce,Instagram,521099.0,,0.0856,682.99,0.0174,38168.0
7934.0,uzhang,Facebook,249207.0,5.0,0.0986,335.78,,35163.0
7935.0,,Instagram,429278.0,5.0,0.0856,989.88,0.0222,10637.0
7936.0,jonathan26,TikTok,720533.0,7.0,0.0834,383.32,0.0209,1737.0
7937.0,hardyalexander,TikTok,752992.0,7.0,0.0834,138.75,0.0397,21360.0
7938.0,meghan87,TikTok,152237.0,1.0,0.0642,754.41,0.0262,42511.0
7939.0,krystal64,TikTok,612457.0,2.0,0.0986,557.76,0.0406,43679.0
7940.0,laurendurham,Facebook,901215.0,2.0,0.0642,906.88,0.04,24280.0
7941.0,riverakevin,Instagram,899361.0,,0.102,139.04,0.0303,30332.0
7942.0,ogarcia,Facebook,19731.0,3.0,0.0856,845.29,0.0459,14523.0
7943.0,nicholas61,Facebook,994219.0,,0.0834,965.45,,29704.0
7944.0,jwallace,Twitter,549418.0,3.0,0.0834,753.13,0.0191,40531.0
7945.0,skinnerjacob,TikTok,939523.0,3.0,0.0986,557.81,0.0429,3410.0
7946.0,mcintoshrobert,LinkedIn,,1.0,0.0856,279.7,0.0429,38090.0
7947.0,mcintoshrobert,Twitter,866489.0,5.0,0.0642,449.39,0.0384,28278.0
7948.0,asantos,Twitter,834027.0,7.0,0.0856,578.37,0.0255,43867.0
7949.0,,LinkedIn,414945.0,2.0,0.0642,573.91,0.0232,25526.0
7950.0,qthomas,TikTok,350998.0,3.0,0.0856,376.75,0.0108,31036.0
7951.0,jonesaustin,TikTok,955824.0,6.0,0.102,,0.0245,12674.0
7952.0,keithseth,Twitter,261754.0,6.0,0.0642,268.92,0.0171,41349.0
7953.0,ryan18,LinkedIn,431102.0,2.0,0.0856,945.21,0.0214,8672.0
7954.0,pflores,Facebook,399459.0,1.0,0.0856,858.44,0.0451,14814.0
7955.0,ryanchambers,Facebook,967956.0,3.0,0.0642,817.67,0.0481,49253.0
7956.0,davidanderson,Facebook,19999.0,5.0,0.0834,451.91,0.046,9657.0
7957.0,robertsanders,Instagram,840511.0,6.0,0.0642,466.92,0.049,48105.0
7958.0,,Twitter,678822.0,5.0,,993.19,,40956.0
7959.0,qfisher,TikTok,784415.0,6.0,0.0856,156.13,0.0303,40797.0
7960.0,anthonyrobinson,TikTok,809297.0,1.0,0.0986,697.11,0.0189,27497.0
7961.0,morgan06,LinkedIn,733215.0,2.0,0.0834,872.61,0.0332,49600.0
7962.0,gene05,,765882.0,1.0,0.0986,932.47,0.04,18530.0
7963.0,amanda20,LinkedIn,662757.0,7.0,0.0834,510.95,0.044,14547.0
7964.0,lisachan,LinkedIn,112310.0,1.0,0.102,127.9,0.0405,15178.0
7965.0,schmittjason,TikTok,669582.0,6.0,0.102,117.22,0.0404,35525.0
7966.0,gary91,Instagram,421864.0,5.0,0.0986,612.83,0.0279,48258.0
7967.0,medinanatalie,LinkedIn,625444.0,,0.0986,,0.0465,
7968.0,jeffreysalazar,Instagram,866563.0,3.0,0.0834,798.0,0.0304,36986.0
7969.0,rmendoza,Twitter,594941.0,2.0,0.102,257.56,0.0393,17482.0
7970.0,chavezcourtney,Instagram,933071.0,7.0,0.0834,717.59,0.0255,24297.0
7971.0,amandahenry,TikTok,940572.0,7.0,,474.46,0.0261,28748.0
7972.0,hardyalexander,Twitter,530724.0,5.0,0.0834,617.25,0.0433,3431.0
7973.0,kimberlymorales,Facebook,307165.0,1.0,0.0986,97.1,0.0154,13848.0
7974.0,smack,LinkedIn,626417.0,,0.0856,737.59,0.0478,8968.0
7975.0,patriciamorse,Facebook,187956.0,1.0,0.0986,820.13,0.043,
7976.0,ysmith,Instagram,3353.0,1.0,0.0856,121.82,0.0358,23304.0
7977.0,irice,Instagram,438456.0,3.0,0.0642,466.94,0.0341,12320.0
7978.0,tyler31,LinkedIn,545469.0,7.0,0.0834,,0.0328,4520.0
7979.0,qthompson,TikTok,551073.0,,,507.39,0.0186,31563.0
,smithkristin,TikTok,837621.0,2.0,0.0986,724.29,0.0249,6807.0
7981.0,charleshayes,LinkedIn,113215.0,,0.0834,62.71,0.0429,41092.0
7982.0,michaellee,Facebook,875821.0,1.0,,500.73,0.0494,41474.0
7983.0,masonjames,TikTok,24867.0,2.0,0.0986,715.96,0.0198,31686.0
7984.0,jonesjerry,Twitter,632255.0,7.0,0.102,991.96,0.0369,45004.0
7985.0,keith55,TikTok,921998.0,1.0,0.0642,785.27,0.0103,24736.0
7986.0,hawkinskelly,TikTok,772594.0,4.0,0.102,215.08,0.046,37627.0
7987.0,julianfisher,LinkedIn,606876.0,6.0,0.102,395.39,0.0411,28094.0
,plindsey,Instagram,769555.0,4.0,0.0986,872.77,0.0135,36657.0
7989.0,,LinkedIn,983872.0,5.0,0.0986,906.88,0.037,26529.0
7990.0,diazmisty,Facebook,180874.0,5.0,0.0642,474.46,0.0351,19233.0
7991.0,ggonzales,LinkedIn,591452.0,3.0,0.0986,671.12,0.0257,49776.0
7992.0,johnsongregory,Instagram,322771.0,,0.0986,630.77,0.0244,8529.0
7993.0,joshua92,Twitter,359940.0,,0.0986,872.77,0.043,48565.0
7994.0,wongyesenia,TikTok,353856.0,,0.0986,384.1,0.0404,3489.0
7995.0,mikaylataylor,Instagram,512682.0,2.0,0.0986,,0.0379,23795.0
7996.0,markhiggins,LinkedIn,255852.0,1.0,0.0642,793.72,0.0392,2149.0
7997.0,uzhang,Facebook,693876.0,1.0,0.0856,722.82,0.0331,34433.0
7998.0,robinsonsandra,Facebook,27788.0,6.0,0.0834,933.25,0.0119,43972.0
7999.0,tristanpearson,TikTok,,6.0,0.0986,428.86,0.024,25957.0
8000.0,jennifer53,TikTok,353670.0,6.0,0.0834,302.06,0.0192,7286.0
8001.0,sarahyang,TikTok,767331.0,1.0,0.0856,810.44,0.0329,4270.0
8002.0,kennedykayla,Facebook,555176.0,3.0,0.102,248.25,0.0186,29415.0
,zbriggs,Twitter,591036.0,1.0,0.0986,533.08,0.0309,29985.0
8004.0,christineclark,Facebook,74760.0,7.0,,362.91,0.0115,42614.0
8005.0,,,684662.0,6.0,0.0642,142.77,0.0172,3614.0
8006.0,jeffreybennett,Twitter,516450.0,3.0,0.0642,845.29,0.0167,46384.0
8007.0,keithkeith,Twitter,731065.0,6.0,0.102,518.83,0.0244,28087.0
8008.0,qreyes,,885209.0,5.0,0.0642,408.93,0.0152,15394.0
8009.0,wmaxwell,Twitter,983394.0,6.0,0.0834,204.59,0.0354,18138.0
8010.0,woodjodi,Twitter,579367.0,4.0,0.102,687.61,0.029,10324.0
8011.0,rcaldwell,Instagram,305637.0,1.0,0.0856,498.58,0.032,29403.0
8012.0,smithdanielle,Instagram,8375.0,1.0,0.0986,651.18,0.0122,4825.0
8013.0,ujones,TikTok,962985.0,3.0,0.0834,429.09,0.024,20552.0
8014.0,megan48,Twitter,471055.0,1.0,0.0834,,0.0378,11116.0
8015.0,awilkins,LinkedIn,28022.0,4.0,0.102,376.75,0.0483,5295.0
8016.0,uluna,Twitter,,7.0,0.0642,696.43,0.0196,46866.0
8017.0,jeff87,LinkedIn,816658.0,1.0,0.0856,986.41,0.05,22822.0
8018.0,zjones,LinkedIn,360645.0,,0.102,166.55,0.0152,5084.0
,vincentwang,Instagram,357424.0,4.0,0.0834,94.05,0.0202,3923.0
8020.0,rebekah51,LinkedIn,252892.0,1.0,0.0834,507.39,0.0311,49921.0
8021.0,gary91,LinkedIn,30096.0,4.0,0.0834,780.56,0.0215,23051.0
8022.0,simoncarolyn,Instagram,637243.0,1.0,0.0834,602.6,0.0238,3814.0
8023.0,makaylahall,Twitter,364010.0,3.0,0.102,291.47,0.0405,18223.0
8024.0,gmcintosh,Facebook,639860.0,5.0,0.0986,,0.0324,4138.0
8025.0,hawkinskelly,,656315.0,1.0,0.0856,335.78,,5523.0
8026.0,amyperez,Instagram,108593.0,5.0,0.0986,892.8,0.0191,3902.0
8027.0,,LinkedIn,,2.0,0.0856,82.92,0.0354,46898.0
,,Facebook,516856.0,5.0,0.0642,810.44,0.0435,15570.0
8029.0,allensteven,Twitter,205116.0,1.0,0.0642,822.81,0.0447,44247.0
8030.0,fletcheralexis,Twitter,473201.0,3.0,0.0986,611.1,0.048,10501.0
8031.0,stephanie37,LinkedIn,5341.0,4.0,0.0856,536.5,0.0269,49152.0
8032.0,kellie00,Instagram,301427.0,1.0,0.0986,580.89,0.0285,32334.0
8033.0,friley,Facebook,636085.0,5.0,0.0856,243.95,0.0244,5588.0
8034.0,joshuabailey,Twitter,370176.0,3.0,0.0834,578.63,0.0138,40571.0
,henrydominique,LinkedIn,443753.0,7.0,,512.18,0.04,48686.0
8036.0,mikaylataylor,Instagram,750535.0,4.0,0.0642,572.3,0.0303,24506.0
,smithtimothy,Twitter,697770.0,7.0,0.102,374.56,0.0353,19097.0
8038.0,georgeconnie,Instagram,52233.0,,0.0642,602.27,0.0311,21130.0
8039.0,perryrichard,Twitter,650918.0,,0.0834,682.99,0.0231,11790.0
8040.0,charleswilliams,LinkedIn,837584.0,5.0,0.0834,291.47,0.0181,10603.0
8041.0,diana02,,840962.0,7.0,0.0856,117.15,0.0479,3881.0
8042.0,martinjoseph,LinkedIn,188569.0,1.0,0.0856,175.95,0.0332,20719.0
8043.0,kathrynsingh,Twitter,720903.0,5.0,0.102,800.44,0.0397,5071.0
8044.0,michael55,Facebook,167975.0,1.0,0.0986,553.49,0.0367,46446.0
8045.0,stuartsmith,Instagram,454452.0,3.0,0.0856,715.96,0.0217,29597.0
8046.0,andrewgregory,Instagram,360905.0,6.0,0.0834,,0.0328,31172.0
8047.0,bstanton,Twitter,274660.0,1.0,0.0856,363.95,0.0135,13065.0
8048.0,trobinson,Instagram,753016.0,2.0,0.0856,713.9,0.0181,38361.0
8049.0,simpsonsarah,Twitter,24816.0,1.0,0.102,104.47,0.0128,12547.0
8050.0,gpayne,TikTok,562513.0,3.0,0.102,362.24,0.0439,8571.0
8051.0,michaelbaker,Twitter,279521.0,7.0,0.102,376.23,0.0115,26768.0
8052.0,rwilliams,LinkedIn,291516.0,5.0,,574.29,0.0161,14014.0
8053.0,taraflores,Twitter,19743.0,1.0,0.0856,665.33,0.0182,8727.0
8054.0,stephanielopez,Twitter,796072.0,6.0,,142.09,0.0458,32503.0
8055.0,irice,Facebook,60622.0,4.0,0.0642,120.74,0.0351,11657.0
8056.0,amberhanson,LinkedIn,303085.0,2.0,0.0986,612.01,0.0302,34695.0
8057.0,jeffreymcneil,LinkedIn,415776.0,4.0,0.0986,363.0,,19803.0
8058.0,vrussell,LinkedIn,296822.0,7.0,0.102,291.47,0.0274,6388.0
8059.0,thomasherman,Instagram,16629.0,6.0,0.0642,612.01,0.0499,9185.0
8060.0,manuel94,Twitter,62440.0,5.0,0.0986,278.81,0.0266,1400.0
8061.0,ryan83,LinkedIn,877450.0,3.0,0.0834,882.09,0.0325,42284.0
8062.0,elizabeth92,Instagram,767759.0,2.0,0.0986,376.75,0.0444,47541.0
8063.0,makaylahall,TikTok,267773.0,1.0,0.0642,413.32,0.0397,15250.0
8064.0,tshaw,LinkedIn,,2.0,0.102,216.01,0.0369,10597.0
8065.0,cooperpaul,LinkedIn,691880.0,1.0,0.0986,422.04,0.0227,41731.0
8066.0,megan48,LinkedIn,232013.0,4.0,0.0642,643.57,0.0287,
8067.0,justin62,Instagram,985615.0,6.0,,508.6,0.0126,48195.0
8068.0,erika95,Instagram,782704.0,6.0,0.0642,795.29,0.0222,32749.0
8069.0,jesse39,Twitter,651656.0,5.0,0.0986,488.49,0.0335,28631.0
8070.0,tmcdaniel,Twitter,918634.0,4.0,0.0834,504.44,0.0412,18614.0
8071.0,thomasortega,Instagram,459573.0,6.0,0.0834,224.14,0.0222,17450.0
8072.0,baileykerry,TikTok,569575.0,7.0,0.0642,533.08,0.0235,30013.0
8073.0,voconnor,LinkedIn,872352.0,4.0,0.102,909.29,0.026,25941.0
8074.0,brenda00,Facebook,129444.0,6.0,0.0834,703.39,0.0231,27126.0
8075.0,christophermartinez,Facebook,338263.0,5.0,0.0834,868.22,0.032,31734.0
8076.0,ngray,Facebook,805954.0,5.0,0.0986,497.17,0.0281,31201.0
8077.0,lsaunders,Facebook,681843.0,1.0,0.102,778.33,0.021,24332.0
8078.0,michaellee,TikTok,367444.0,4.0,0.0834,536.5,0.0439,31722.0
8079.0,eric65,TikTok,642840.0,1.0,0.0834,898.66,0.0195,35702.0
8080.0,snicholson,Twitter,87759.0,2.0,0.0834,276.88,0.026,
,aliciajohns,Twitter,738892.0,5.0,0.0642,857.28,0.0361,24644.0
8082.0,toddbryan,Facebook,729992.0,7.0,0.0856,474.87,0.0321,4728.0
8083.0,cameron78,Facebook,844746.0,3.0,0.0986,722.82,0.0174,40463.0
8084.0,gregoryrodriguez,Twitter,31052.0,1.0,0.102,269.91,0.0227,2100.0
8085.0,hdavis,Instagram,842288.0,4.0,0.0642,363.0,0.0276,3303.0
8086.0,salazargarrett,Instagram,72372.0,2.0,0.0834,496.72,0.0478,39587.0
8087.0,,Twitter,147562.0,7.0,0.0642,281.4,0.0496,7985.0
8088.0,gtorres,LinkedIn,,2.0,0.0642,238.74,0.0239,26491.0
8089.0,robinsonmark,Facebook,552124.0,3.0,0.102,222.59,0.0456,36276.0
8090.0,michael55,Twitter,727610.0,,0.0986,814.78,0.0258,12136.0
8091.0,smithdanielle,TikTok,259208.0,7.0,0.102,683.43,0.0458,
8092.0,thompsonlisa,Twitter,308927.0,1.0,0.0642,331.37,0.0338,49317.0
8093.0,michael65,TikTok,792101.0,7.0,0.0986,689.23,0.0362,20624.0
8094.0,zhobbs,Twitter,954932.0,2.0,0.0834,683.21,0.0274,36305.0
8095.0,rachelfisher,Instagram,616184.0,2.0,0.0642,797.64,0.0274,25004.0
8096.0,aliciajohns,LinkedIn,758083.0,2.0,0.0834,485.02,0.0335,
8097.0,thomas49,Twitter,77854.0,1.0,0.0986,143.55,0.0136,13897.0
8098.0,leahcarter,TikTok,346294.0,5.0,0.0642,129.24,0.0427,2036.0
8099.0,erin92,LinkedIn,345746.0,7.0,0.0856,352.46,0.0145,10252.0
8100.0,sarahowen,LinkedIn,258746.0,6.0,0.0986,878.68,0.0181,12718.0
8101.0,ysmith,Facebook,691011.0,,0.0834,938.02,0.0282,20079.0
8102.0,mary46,Instagram,666057.0,3.0,0.0642,,0.0283,12797.0
8103.0,sharris,Twitter,260255.0,3.0,0.0642,824.16,0.0273,17837.0
8104.0,brian06,LinkedIn,764599.0,3.0,0.0856,985.46,0.0123,22935.0
8105.0,plindsey,Twitter,891995.0,3.0,0.0986,584.37,0.0325,39683.0
8106.0,elizabethcombs,Twitter,122160.0,6.0,0.0986,,0.0248,39874.0
8107.0,nturner,Twitter,916734.0,1.0,0.0642,991.41,0.019,6896.0
8108.0,alvarezdanielle,Instagram,614791.0,3.0,0.0856,452.91,0.0186,47216.0
,vday,Facebook,579969.0,5.0,0.0986,514.6,0.0429,26400.0
8110.0,mackeric,TikTok,919117.0,6.0,0.0856,875.2,0.0178,10587.0
8111.0,davidanderson,LinkedIn,143773.0,3.0,0.0642,336.2,0.0418,37874.0
8112.0,valentinetammy,LinkedIn,755683.0,1.0,0.0642,924.61,0.0409,21495.0
8113.0,daniellelamb,Twitter,964916.0,4.0,0.0834,153.65,0.0143,12262.0
8114.0,andersonjuan,Facebook,567853.0,1.0,0.0642,394.17,0.049,3549.0
8115.0,lancerios,TikTok,806925.0,6.0,0.0856,694.28,0.0427,9642.0
8116.0,hardyjames,Instagram,205905.0,3.0,0.0642,865.43,0.0461,23527.0
8117.0,marycrawford,Twitter,975416.0,1.0,0.0642,153.65,0.038,21362.0
8118.0,keithkeith,TikTok,696694.0,6.0,0.102,129.94,0.0301,43726.0
8119.0,gsharp,Twitter,84425.0,4.0,0.0642,82.89,0.0267,25333.0
8120.0,,Facebook,355930.0,6.0,0.0642,390.54,0.0418,41655.0
8121.0,hbarnes,LinkedIn,977929.0,1.0,0.0856,671.12,0.042,22129.0
8122.0,hannah30,TikTok,298712.0,4.0,0.0834,614.04,0.0375,6276.0
8123.0,travis06,TikTok,386866.0,6.0,0.0642,182.74,0.0493,
8124.0,jeffreysalazar,Facebook,492459.0,2.0,,934.87,0.0108,36355.0
8125.0,michael40,Instagram,785170.0,1.0,0.0856,955.85,0.0144,10541.0
8126.0,perezbobby,Facebook,112113.0,4.0,0.0986,238.51,0.0486,25036.0
8127.0,megan48,Twitter,891158.0,3.0,0.0986,841.85,0.0457,43828.0
8128.0,jaimeedwards,LinkedIn,167045.0,2.0,0.102,612.01,0.0448,38718.0
8129.0,danielanderson,Instagram,282119.0,6.0,0.0642,281.4,0.0209,24951.0
8130.0,nelsonalfred,LinkedIn,522766.0,7.0,0.0856,880.42,0.0483,16008.0
8131.0,fowlermichael,LinkedIn,262979.0,3.0,0.0642,353.04,,3704.0
8132.0,conradlaura,Facebook,833357.0,5.0,0.0834,,0.0103,42225.0
8133.0,amyperez,Facebook,940663.0,5.0,0.102,394.17,0.019,16325.0
8134.0,ewalters,TikTok,407858.0,6.0,0.0834,277.01,0.0306,46632.0
8135.0,douglasalice,LinkedIn,39787.0,5.0,0.0986,614.22,0.0208,40907.0
8136.0,richardmiller,TikTok,598343.0,6.0,0.0834,972.33,0.0321,9526.0
8137.0,william00,Twitter,555920.0,4.0,0.102,194.55,0.0106,39086.0
8138.0,kayla25,LinkedIn,485710.0,,0.0642,962.84,0.0431,26644.0
8139.0,robinsonsandra,TikTok,922521.0,4.0,0.0856,244.21,0.0475,49719.0
8140.0,brenda85,,194048.0,7.0,0.0856,338.05,0.0329,46773.0
8141.0,matthew40,LinkedIn,186374.0,3.0,0.0856,754.87,,46547.0
8142.0,nicholasnorton,Twitter,667923.0,5.0,0.0986,139.9,0.0283,36698.0
8143.0,hevans,Instagram,596155.0,5.0,0.0986,496.08,0.0334,12917.0
8144.0,zwhite,Twitter,715490.0,3.0,0.102,630.47,0.0161,10380.0
8145.0,xroberts,LinkedIn,965419.0,4.0,0.0642,715.37,0.0278,2109.0
8146.0,ruizguy,TikTok,614200.0,2.0,0.0642,261.62,0.0152,17208.0
8147.0,georgeconnie,Instagram,575386.0,1.0,0.0856,638.08,0.0202,6908.0
8148.0,michael99,Instagram,429353.0,2.0,0.0642,457.25,0.0283,9878.0
8149.0,donaldthompson,LinkedIn,942234.0,5.0,0.0834,553.49,,24314.0
8150.0,coxricardo,LinkedIn,425317.0,4.0,0.102,587.97,0.0378,43025.0
8151.0,timothyrandall,Facebook,115254.0,5.0,0.0986,103.51,0.0288,22479.0
8152.0,andradewesley,LinkedIn,883300.0,1.0,0.102,516.5,0.0349,39711.0
8153.0,vvega,TikTok,697524.0,6.0,0.0642,985.34,0.0454,26339.0
8154.0,wendylee,TikTok,,2.0,0.0856,454.63,0.0306,36864.0
8155.0,wilsonrobert,LinkedIn,11591.0,2.0,0.0986,164.09,0.0201,47166.0
8156.0,lrodgers,LinkedIn,320078.0,5.0,,877.89,0.0267,1524.0
8157.0,meghan87,Instagram,,5.0,,615.99,0.0329,27433.0
8158.0,patrick36,TikTok,898617.0,5.0,0.102,,0.0405,10825.0
8159.0,mnolan,Instagram,671379.0,1.0,,57.23,0.0133,8637.0
8160.0,alexandra95,LinkedIn,767833.0,5.0,0.0986,528.64,0.0351,17451.0
8161.0,nancy96,LinkedIn,586202.0,4.0,0.0642,754.87,0.0452,48987.0
8162.0,austingarza,Twitter,534716.0,4.0,0.0642,218.95,0.011,10666.0
8163.0,gene05,Facebook,764338.0,5.0,0.0856,250.33,0.0244,18789.0
8164.0,shannon54,Facebook,980798.0,2.0,0.102,96.71,,36672.0
8165.0,cooksteven,Instagram,498932.0,6.0,0.0986,278.81,0.0416,41703.0
,zwhite,Instagram,474582.0,5.0,,913.44,0.0102,11846.0
8167.0,kaitlyn63,TikTok,212416.0,7.0,0.0986,90.45,0.0186,14743.0
8168.0,,Twitter,796003.0,2.0,0.0986,587.97,0.0112,33967.0
8169.0,,LinkedIn,225173.0,5.0,0.0642,713.9,0.0345,16263.0
8170.0,andersonjuan,LinkedIn,431079.0,5.0,0.0834,869.07,0.0213,39116.0
8171.0,andrewgregory,Facebook,123904.0,5.0,0.0834,814.78,0.0347,25899.0
8172.0,katherinechristian,Facebook,614411.0,3.0,0.0642,810.62,0.0357,31725.0
8173.0,josephjordan,Instagram,71891.0,6.0,0.0986,565.07,0.0186,43401.0
8174.0,christophermartinez,LinkedIn,301823.0,6.0,0.0986,358.78,0.013,24415.0
8175.0,ggonzales,Twitter,584242.0,6.0,0.0834,933.92,0.0191,3973.0
8176.0,brandoncooper,TikTok,313344.0,2.0,0.0834,772.9,0.0172,40810.0
8177.0,samanthasmith,Facebook,669903.0,3.0,0.0642,313.49,0.0497,22815.0
8178.0,hughesmatthew,LinkedIn,,2.0,0.0642,514.6,0.0105,35469.0
8179.0,qhood,Instagram,785497.0,6.0,0.0986,,0.0402,23647.0
8180.0,peter15,Twitter,907345.0,2.0,0.0856,121.82,0.0241,28470.0
8181.0,jeffrey25,Facebook,137928.0,4.0,0.0834,137.36,0.0465,14539.0
8182.0,rmyers,LinkedIn,428588.0,6.0,0.0642,494.5,,19571.0
8183.0,elizabethcombs,Facebook,805833.0,5.0,0.0834,132.5,0.0326,34361.0
8184.0,elizabeth92,Facebook,,3.0,0.102,780.56,0.0334,2461.0
8185.0,sthompson,Facebook,272645.0,6.0,0.0642,159.96,0.0144,6264.0
8186.0,rmcpherson,Instagram,453167.0,3.0,0.0642,264.42,0.0391,17875.0
8187.0,lbaldwin,LinkedIn,210211.0,2.0,0.0834,998.2,0.0191,23822.0
8188.0,michael30,Facebook,298933.0,6.0,0.0986,285.16,0.0102,20636.0
8189.0,,Facebook,,4.0,0.102,481.13,0.024,32829.0
8190.0,jennifersanchez,Instagram,476856.0,1.0,0.102,602.27,0.0416,1406.0
8191.0,ujones,Facebook,,7.0,0.0642,637.73,0.0266,9116.0
8192.0,kanebrenda,Facebook,403660.0,1.0,0.0642,991.41,0.0278,8127.0
8193.0,mfreeman,LinkedIn,696589.0,3.0,0.0642,298.95,0.0255,19525.0
8194.0,gacosta,Twitter,,4.0,0.0642,938.02,0.0457,39663.0
8195.0,smcguire,TikTok,759492.0,6.0,0.0834,584.81,0.0181,2527.0
8196.0,erikthomas,Instagram,858925.0,4.0,,942.87,0.0246,47808.0
8197.0,paul43,Instagram,563949.0,4.0,0.0856,742.39,0.0321,16043.0
8198.0,blackwellandrew,Instagram,743909.0,1.0,0.102,811.74,0.0166,31054.0
8199.0,browndarryl,TikTok,10180.0,7.0,0.102,612.01,0.0249,3570.0
8200.0,fshaw,Facebook,3460.0,2.0,0.0856,81.51,0.019,14771.0
8201.0,daniellelamb,Instagram,361244.0,4.0,0.0642,570.51,0.0143,10876.0
8202.0,,LinkedIn,653062.0,2.0,0.0986,,0.0488,25652.0
8203.0,gabriellashort,Instagram,633047.0,3.0,0.102,307.1,0.0207,22076.0
8204.0,murphydebbie,Instagram,810603.0,3.0,,853.64,0.0427,48652.0
8205.0,sierrajohnson,TikTok,604391.0,2.0,0.0856,868.22,0.018,32073.0
8206.0,rachelsnyder,Instagram,94819.0,1.0,0.0986,973.62,0.0364,49903.0
8207.0,,Instagram,717933.0,,0.0856,800.44,0.0278,22112.0
8208.0,kdavis,LinkedIn,663326.0,7.0,0.0834,362.91,0.0448,17702.0
8209.0,ahayes,TikTok,684141.0,4.0,0.0642,798.0,0.012,49239.0
8210.0,sharonmiller,Facebook,361866.0,6.0,0.0986,496.08,,13949.0
8211.0,pbarrett,Twitter,95051.0,4.0,0.102,468.93,0.0318,15484.0
8212.0,benjamin31,Instagram,84021.0,3.0,0.102,376.23,0.0282,4924.0
8213.0,zbush,Instagram,357364.0,6.0,0.0642,363.0,0.0102,48595.0
8214.0,ryanchambers,,411307.0,4.0,0.0856,274.15,0.0364,36648.0
8215.0,logan51,Twitter,195579.0,6.0,0.102,955.8,0.0245,4092.0
8216.0,sharonmiller,Instagram,484136.0,6.0,0.0642,148.83,0.0123,26220.0
8217.0,jjones,LinkedIn,180960.0,2.0,0.0642,317.31,0.0227,5375.0
8218.0,ashley37,TikTok,789957.0,4.0,0.0834,913.87,0.044,3618.0
,tiffanycaldwell,Facebook,501756.0,3.0,0.0856,,0.0102,33496.0
8220.0,scott72,,85145.0,5.0,0.0834,,,10934.0
8221.0,hlong,Facebook,791051.0,4.0,0.0834,955.8,0.0181,6815.0
8222.0,wilsonrobert,TikTok,173838.0,5.0,0.0642,985.46,0.0378,16432.0
8223.0,qfisher,Facebook,64407.0,,0.0856,913.87,0.0104,32485.0
8224.0,cooperpaul,Instagram,583239.0,1.0,0.0986,143.89,0.0229,
8225.0,hernandezthomas,,855753.0,1.0,,373.18,0.0453,30842.0
8226.0,juarezcassandra,LinkedIn,802684.0,6.0,0.0856,511.26,0.0223,1782.0
8227.0,nperez,Facebook,524178.0,4.0,0.0986,654.96,0.0443,23308.0
8228.0,ahayes,Facebook,17507.0,5.0,0.0986,993.52,0.0191,
8229.0,jamie67,Facebook,84918.0,6.0,0.0642,184.52,0.0133,8524.0
8230.0,katherine30,TikTok,287851.0,7.0,0.0856,951.65,0.013,33076.0
8231.0,ghall,Twitter,832929.0,1.0,0.0856,797.64,0.0167,20923.0
8232.0,coxricardo,LinkedIn,758221.0,3.0,0.0642,323.15,0.0286,37141.0
8233.0,eugene39,Facebook,552577.0,7.0,0.0834,670.27,0.0217,35895.0
8234.0,anthonyrobinson,TikTok,,,0.0986,989.55,0.0209,47774.0
8235.0,owensnatalie,LinkedIn,965395.0,,0.0986,264.42,0.0108,14912.0
8236.0,allisonpatterson,Twitter,429768.0,1.0,0.0834,,0.0172,40790.0
8237.0,yvettepotts,Twitter,838835.0,4.0,0.102,798.27,0.0381,25855.0
8238.0,robertsanders,Facebook,701595.0,4.0,0.0986,,0.0477,38414.0
8239.0,hbrooks,Instagram,917678.0,1.0,0.0986,903.94,0.0393,23415.0
8240.0,mjones,Twitter,607375.0,2.0,0.0834,429.58,0.0393,44133.0
8241.0,justin17,LinkedIn,978727.0,4.0,0.0834,361.46,,40714.0
8242.0,,Instagram,740149.0,2.0,0.0986,966.84,0.0331,42398.0
8243.0,yangpamela,Facebook,376226.0,2.0,0.0986,810.62,0.0247,44825.0
8244.0,andrew53,Instagram,496123.0,4.0,0.0856,435.65,0.0241,27124.0
8245.0,xcruz,Facebook,498652.0,2.0,0.0834,743.52,0.0161,9153.0
8246.0,,TikTok,227679.0,5.0,0.102,269.7,0.0398,14055.0
8247.0,davismichael,Instagram,480402.0,6.0,0.0986,982.66,0.0126,47433.0
8248.0,fmolina,LinkedIn,752299.0,7.0,0.0856,,0.0272,
8249.0,jennifervaughn,Facebook,303224.0,5.0,0.0834,70.91,,2782.0
8250.0,parsonsashley,TikTok,582541.0,3.0,0.0834,110.12,0.0301,43976.0
8251.0,ntaylor,Instagram,672853.0,4.0,0.102,124.3,0.0105,24667.0
8252.0,hardyjames,Twitter,604973.0,6.0,0.0856,303.26,0.0398,27113.0
8253.0,zrivers,Twitter,899797.0,4.0,0.0834,830.49,0.0361,34025.0
8254.0,,LinkedIn,,,0.0834,682.58,0.023,13823.0
8255.0,melissa08,,965558.0,2.0,0.0642,99.67,0.0149,7393.0
8256.0,yhahn,Facebook,703673.0,1.0,0.0834,238.14,0.0233,2765.0
8257.0,andersonnina,Twitter,118603.0,6.0,0.0642,,0.0266,13111.0
,shermanjoshua,Facebook,503978.0,5.0,0.102,798.0,0.0286,7966.0
,vanessa81,Instagram,853018.0,7.0,0.0642,893.81,0.0239,25683.0
,,Facebook,555958.0,6.0,0.0642,548.5,,48333.0
8261.0,brian16,Instagram,803993.0,1.0,0.0856,504.44,0.0397,14521.0
,smithkristin,Instagram,658979.0,3.0,0.0986,,0.0496,18070.0
8263.0,jenniferreilly,Facebook,704783.0,1.0,0.0834,796.42,,3843.0
8264.0,pamelagonzalez,LinkedIn,250926.0,6.0,0.102,187.74,0.0138,39497.0
8265.0,qsmith,LinkedIn,919481.0,4.0,0.0642,878.37,0.0186,3978.0
,tammyhowell,,989881.0,2.0,0.102,265.18,0.0145,4602.0
8267.0,russellcynthia,TikTok,767927.0,1.0,0.0856,321.64,0.0244,36665.0
8268.0,mary46,Facebook,11021.0,5.0,0.0986,283.03,0.0343,
8269.0,stephanie37,Twitter,240342.0,5.0,0.102,616.12,0.0249,5344.0
8270.0,kevin83,Facebook,136815.0,7.0,0.0856,221.5,0.0286,10246.0
,amberhanson,Instagram,371971.0,6.0,0.0834,139.18,0.0177,14051.0
8272.0,ricardo38,Facebook,529607.0,7.0,0.0834,,0.0283,3766.0
8273.0,,TikTok,366943.0,2.0,0.0856,968.85,0.0304,20922.0
8274.0,clementsdevin,LinkedIn,,1.0,0.0834,217.72,0.0417,25133.0
8275.0,yvettepotts,Facebook,818432.0,7.0,0.0642,677.17,0.0245,15306.0
8276.0,whitedanielle,Twitter,268395.0,3.0,0.102,797.64,0.0227,48177.0
8277.0,graymelinda,,827501.0,6.0,0.0856,,0.0258,32820.0
8278.0,,TikTok,293322.0,1.0,0.0642,400.82,0.0424,9401.0
8279.0,bondrebecca,Instagram,661328.0,1.0,0.0642,,0.0409,14327.0
8280.0,stuartsmith,,843162.0,6.0,0.0642,646.61,,27953.0
8281.0,qlopez,Instagram,473036.0,7.0,0.102,533.08,0.044,31557.0
8282.0,,,125344.0,7.0,0.0856,993.2,0.0391,3911.0
8283.0,,Instagram,535062.0,4.0,0.0856,881.41,0.0196,8975.0
8284.0,mtaylor,Facebook,47576.0,1.0,0.0856,796.42,0.0332,13707.0
8285.0,ibrock,Facebook,925152.0,4.0,0.102,827.63,0.0193,10203.0
8286.0,christie73,Instagram,768611.0,5.0,0.0642,991.41,0.021,47346.0
8287.0,edwardschristina,Facebook,283311.0,2.0,0.0986,61.27,0.0216,36253.0
8288.0,,Instagram,745895.0,5.0,0.102,938.98,0.0338,27142.0
,cynthiagraham,LinkedIn,785831.0,3.0,0.0642,678.02,0.0228,27459.0
8290.0,kennedykayla,,172719.0,5.0,0.0856,452.91,,19321.0
8291.0,juliepayne,Facebook,905037.0,1.0,0.0856,94.05,0.0395,2139.0
8292.0,allen72,Instagram,635425.0,3.0,0.102,,0.0153,13471.0
8293.0,kimberlymorales,Twitter,517494.0,6.0,0.0642,594.15,0.0294,42888.0
8294.0,mackeric,Facebook,308953.0,6.0,0.102,654.96,0.0213,30518.0
8295.0,hayespamela,Facebook,601818.0,1.0,0.0834,948.58,0.0287,43099.0
8296.0,nroberts,LinkedIn,690933.0,1.0,0.0986,998.2,0.0287,40465.0
8297.0,aflores,Instagram,559912.0,1.0,0.0642,339.15,0.0397,28834.0
8298.0,qthompson,Instagram,562620.0,7.0,0.0986,630.77,0.0319,36450.0
8299.0,uclark,TikTok,663111.0,1.0,0.0986,135.84,0.0221,9410.0
8300.0,patrick36,Twitter,509087.0,2.0,0.0856,68.93,0.0304,
8301.0,kaylasmith,Twitter,112610.0,6.0,0.102,958.39,0.0479,13728.0
8302.0,tyleralvarado,Twitter,727296.0,1.0,,942.87,0.04,17033.0
8303.0,dunndaniel,LinkedIn,482874.0,1.0,0.0986,966.47,0.05,43885.0
8304.0,krystal64,Twitter,728400.0,1.0,0.0834,146.95,0.0397,42343.0
8305.0,elaine15,LinkedIn,233081.0,2.0,0.102,831.16,0.022,37632.0
8306.0,wolfejoshua,LinkedIn,325100.0,2.0,,124.3,0.0483,43742.0
8307.0,ahayes,Facebook,111602.0,6.0,0.0834,597.9,0.0143,6469.0
8308.0,elizabeth54,Facebook,358392.0,4.0,0.0642,572.98,0.0211,39987.0
8309.0,skinnerjacob,Instagram,229557.0,6.0,0.0834,148.83,0.0193,8513.0
8310.0,xnelson,LinkedIn,715098.0,,,573.91,0.0391,17194.0
8311.0,jeffreymyers,TikTok,984072.0,5.0,0.0834,127.9,0.0259,19000.0
8312.0,,TikTok,700823.0,4.0,0.0642,,0.0112,14655.0
8313.0,debbieharris,,139096.0,5.0,0.0834,695.52,0.0267,9924.0
8314.0,ruth02,LinkedIn,430474.0,1.0,0.0642,90.45,0.0445,34807.0
8315.0,hayespamela,Instagram,135440.0,5.0,0.0642,735.9,0.0393,11368.0
8316.0,awilkins,Twitter,664368.0,2.0,0.0856,710.34,0.0492,41461.0
8317.0,andradewesley,,754051.0,7.0,0.0834,902.41,0.0186,19485.0
8318.0,gonzaleznicholas,Instagram,59756.0,3.0,0.0856,905.3,0.0422,4732.0
8319.0,billpage,Instagram,243431.0,1.0,0.0986,641.6,0.0443,3308.0
8320.0,barbara57,Facebook,996310.0,1.0,0.0642,649.02,0.0465,2147.0
8321.0,alyssa15,Facebook,726335.0,7.0,0.0642,147.17,0.0385,40947.0
8322.0,uzhang,LinkedIn,747946.0,2.0,0.0642,238.74,0.0192,34709.0
8323.0,christopher68,LinkedIn,195262.0,1.0,0.0834,386.33,0.0416,
8324.0,charles14,LinkedIn,872461.0,4.0,0.0642,94.05,0.0379,9880.0
8325.0,llopez,Facebook,892791.0,6.0,0.0986,81.51,0.0427,27783.0
8326.0,fullerchristine,TikTok,601326.0,4.0,0.102,956.1,0.049,43293.0
8327.0,jaclyn79,Facebook,56922.0,6.0,0.0986,123.52,0.0229,5596.0
8328.0,jenniferwaller,Facebook,167726.0,7.0,0.0986,452.19,0.0176,9301.0
8329.0,colemanbrooke,Instagram,840833.0,2.0,0.0986,973.44,0.0448,5945.0
8330.0,johnmartinez,LinkedIn,901914.0,2.0,0.0642,695.81,0.0466,14548.0
8331.0,xgarcia,Twitter,847424.0,2.0,0.102,602.27,0.0328,6804.0
8332.0,christie73,LinkedIn,861190.0,6.0,0.0986,500.73,0.0397,12092.0
8333.0,williamcoffey,TikTok,431612.0,3.0,0.0642,133.68,0.0137,6953.0
8334.0,chenjoseph,Instagram,436708.0,3.0,0.0986,262.66,0.0406,4774.0
8335.0,mauricecalderon,,70147.0,4.0,0.0856,542.96,0.0191,24416.0
8336.0,qthomas,Facebook,135281.0,6.0,0.0834,822.36,0.0192,33930.0
8337.0,slambert,TikTok,998045.0,3.0,0.102,141.99,0.0245,25559.0
8338.0,diana02,Instagram,581714.0,5.0,0.102,558.4,0.0133,5025.0
8339.0,hawkinskelly,Twitter,959616.0,7.0,0.102,841.85,,2653.0
8340.0,ojohnson,,755496.0,1.0,0.0986,,,9832.0
8341.0,ibrock,Facebook,59943.0,,0.0642,753.13,0.028,48649.0
8342.0,tiffany99,TikTok,446801.0,4.0,0.0642,396.53,0.0307,12521.0
8343.0,evanssteven,Instagram,526527.0,4.0,0.0986,228.19,0.0112,46841.0
8344.0,alexandra95,TikTok,275987.0,2.0,0.0986,332.66,0.0275,17244.0
8345.0,carlosholt,TikTok,171074.0,4.0,0.0642,969.88,0.0293,28930.0
8346.0,qramos,,419183.0,5.0,,998.2,,
8347.0,reidkristine,,823483.0,5.0,0.0986,446.68,0.038,6566.0
8348.0,allensteven,LinkedIn,345373.0,2.0,0.102,474.87,0.0426,28281.0
8349.0,qhobbs,LinkedIn,424512.0,2.0,0.0642,298.95,0.0239,1322.0
8350.0,alisonrobertson,Facebook,330941.0,2.0,0.0986,951.47,0.0339,35592.0
8351.0,debbieharris,Facebook,293224.0,7.0,0.0834,334.54,0.0122,38656.0
8352.0,ahoover,LinkedIn,669954.0,1.0,0.0834,132.5,0.0191,9651.0
,barbara57,Facebook,403752.0,1.0,0.0986,224.65,0.0385,9908.0
8354.0,chavezcourtney,LinkedIn,440437.0,3.0,0.0834,109.81,0.0389,10024.0
8355.0,davistammy,LinkedIn,674210.0,6.0,0.0856,528.64,0.0203,48451.0
8356.0,evanssteven,Instagram,501695.0,1.0,0.0986,529.18,0.0113,7122.0
8357.0,davidvaldez,LinkedIn,646517.0,6.0,0.0856,150.36,0.0464,
8358.0,tprice,,,5.0,0.0834,984.35,0.0352,37608.0
8359.0,dgarza,Facebook,,4.0,0.102,892.99,0.0409,45462.0
8360.0,mosleymark,Twitter,300969.0,5.0,0.102,742.16,0.0402,27059.0
8361.0,fullerchristine,Twitter,873845.0,6.0,0.102,728.89,0.0184,30645.0
8362.0,kevingarcia,Facebook,52744.0,3.0,0.0642,640.24,0.0386,24675.0
8363.0,charles14,Instagram,330382.0,5.0,0.0986,892.8,0.0477,39642.0
8364.0,bondrebecca,Twitter,858766.0,4.0,0.102,81.94,0.0321,17923.0
8365.0,bethholt,Facebook,526889.0,,0.0986,764.67,0.0149,21699.0
8366.0,,Twitter,471173.0,3.0,0.0856,,,32771.0
8367.0,roger15,Instagram,9376.0,7.0,0.102,617.25,0.0331,28532.0
8368.0,paulprice,,996799.0,7.0,0.102,582.66,0.035,27455.0
8369.0,patrick36,LinkedIn,977407.0,4.0,0.0986,277.01,0.0153,44499.0
8370.0,tylermartin,LinkedIn,239610.0,2.0,0.0856,170.85,0.0304,34011.0
8371.0,ihernandez,Twitter,144440.0,4.0,0.0856,842.79,0.0493,
8372.0,holmesjohn,TikTok,522582.0,3.0,0.0986,690.0,0.013,21470.0
8373.0,carlosrivera,LinkedIn,571272.0,1.0,0.102,783.6,0.0213,19439.0
8374.0,,TikTok,,4.0,0.0856,95.36,0.0303,14898.0
8375.0,mcintoshrobert,TikTok,476500.0,6.0,0.0834,891.71,0.0421,10643.0
8376.0,,TikTok,200763.0,6.0,0.0834,778.33,0.0133,
8377.0,vmorgan,,587796.0,3.0,0.0986,204.59,0.0285,18678.0
8378.0,hernandezvanessa,TikTok,468072.0,6.0,0.0834,301.92,0.014,26998.0
8379.0,samanthasmith,Instagram,22409.0,6.0,0.102,177.32,0.0337,7815.0
8380.0,wwatson,Instagram,547767.0,6.0,0.0642,353.04,0.0273,46601.0
8381.0,cooksteven,TikTok,272083.0,7.0,0.102,485.39,,42636.0
,thompsonlisa,Instagram,916571.0,7.0,0.0642,497.29,0.0318,35723.0
8383.0,amanda20,TikTok,311014.0,6.0,0.102,643.57,0.0496,48532.0
8384.0,elizabeth92,Facebook,869215.0,1.0,0.0856,376.11,0.0488,3661.0
8385.0,chaseronald,,167132.0,6.0,0.102,727.33,0.0188,20701.0
8386.0,cooklinda,Twitter,,4.0,0.0834,428.86,0.0424,1822.0
8387.0,keithkeith,Facebook,102359.0,4.0,,53.62,0.0492,30740.0
8388.0,gsharp,LinkedIn,469558.0,7.0,,222.46,0.0285,35477.0
8389.0,vvega,Facebook,629625.0,1.0,0.102,422.04,0.0498,28004.0
8390.0,ronnie15,Facebook,248388.0,3.0,0.0834,729.55,0.0166,8815.0
8391.0,jeremiah03,Facebook,7059.0,3.0,0.0834,115.57,0.0102,
8392.0,sierrajohnson,Twitter,221062.0,1.0,0.0856,387.96,0.0118,30464.0
8393.0,jamescohen,Facebook,466021.0,2.0,0.0834,394.17,0.0118,26873.0
8394.0,thomasjonathan,LinkedIn,464148.0,7.0,0.102,105.5,0.0158,24744.0
8395.0,vmorgan,TikTok,663555.0,5.0,0.102,340.95,0.0421,39895.0
,montgomeryjaime,Facebook,782851.0,4.0,,386.94,0.0426,21962.0
8397.0,sharondillon,Instagram,149734.0,6.0,0.0834,323.15,0.0392,9624.0
8398.0,skinnerjacob,LinkedIn,428818.0,7.0,0.0986,763.11,,45972.0
8399.0,ghouse,,920901.0,1.0,0.102,992.22,0.041,29291.0
8400.0,kharris,Facebook,914931.0,1.0,0.0642,,0.0366,48676.0
8401.0,melissa93,TikTok,727490.0,6.0,,83.12,0.021,48644.0
8402.0,sonya64,Twitter,101467.0,6.0,0.0834,221.5,0.0387,32501.0
8403.0,campbellross,,647351.0,2.0,0.0986,315.9,0.0385,10181.0
8404.0,gstone,,413390.0,4.0,0.0856,390.34,0.0429,45865.0
8405.0,kevin80,Facebook,279725.0,5.0,0.102,637.73,0.0122,17114.0
8406.0,toddbryan,Instagram,839593.0,6.0,0.102,870.78,0.0395,10507.0
8407.0,cody18,Facebook,936312.0,,0.0642,944.87,0.0393,41499.0
8408.0,bryanfisher,Facebook,816134.0,6.0,0.0856,748.28,0.0103,42863.0
8409.0,kathleenmason,,833293.0,6.0,0.0856,913.39,0.0419,21035.0
8410.0,tiffanyferrell,LinkedIn,231105.0,1.0,0.0642,,0.0321,1452.0
8411.0,uclark,Facebook,568176.0,2.0,0.0856,,0.0225,46394.0
8412.0,tracistephens,LinkedIn,847177.0,3.0,0.0642,505.51,0.0287,39442.0
8413.0,,Facebook,771652.0,6.0,0.0834,77.54,0.0181,20188.0
8414.0,elizabethwilson,LinkedIn,626277.0,3.0,0.0856,126.59,0.0127,18195.0
,williamskyle,LinkedIn,518186.0,7.0,0.0986,196.71,0.0499,12621.0
8416.0,victorsmith,,,1.0,0.0834,345.58,0.0159,18993.0
8417.0,tracy84,TikTok,20120.0,7.0,,516.81,0.0262,14147.0
8418.0,gregoryrodriguez,Facebook,668688.0,3.0,0.0834,125.06,0.0192,22016.0
8419.0,acevedoryan,Instagram,897047.0,6.0,0.0856,868.22,0.0219,8383.0
8420.0,justin17,Instagram,579324.0,6.0,0.0642,394.17,0.0112,30632.0
8421.0,salazargarrett,Instagram,385304.0,4.0,,824.16,,34069.0
8422.0,xcruz,Facebook,108120.0,6.0,0.0856,500.73,0.0192,12476.0
8423.0,keithkeith,LinkedIn,789562.0,3.0,0.0642,715.11,0.0417,43372.0
,vday,TikTok,313388.0,5.0,0.0986,894.7,0.0202,18960.0
8425.0,sophia02,LinkedIn,375553.0,5.0,0.102,932.62,0.026,25282.0
8426.0,donna02,LinkedIn,786305.0,7.0,0.102,123.52,0.0174,24721.0
8427.0,laurendurham,Twitter,,6.0,0.0642,423.76,0.0131,26316.0
8428.0,fduffy,Facebook,375612.0,6.0,0.0642,905.43,0.0198,30983.0
8429.0,vgriffith,,60074.0,4.0,,993.14,0.0338,39737.0
8430.0,sthompson,LinkedIn,396366.0,,0.0834,676.94,0.0341,6815.0
8431.0,bowenamanda,TikTok,,5.0,0.102,194.99,0.0163,37233.0
8432.0,xlindsey,LinkedIn,736681.0,,0.0642,356.3,0.0418,3074.0
8433.0,qlopez,TikTok,298589.0,2.0,0.0834,755.58,0.0335,46371.0
8434.0,leonardkatherine,Twitter,995173.0,6.0,0.0834,489.75,0.0212,3979.0
8435.0,mike65,LinkedIn,732732.0,7.0,0.0986,310.39,0.0402,26841.0
8436.0,,TikTok,352245.0,6.0,0.0856,968.85,0.0499,43575.0
8437.0,brian17,Twitter,223322.0,5.0,0.0856,745.68,,9016.0
8438.0,revans,Instagram,880497.0,5.0,0.0986,694.28,0.0234,18030.0
8439.0,jwallace,TikTok,292055.0,2.0,0.102,953.16,0.0226,30653.0
8440.0,hernandezshawn,Twitter,846459.0,7.0,0.0856,283.03,0.0222,48026.0
8441.0,snicholson,LinkedIn,611035.0,6.0,0.0986,868.22,0.0126,29671.0
8442.0,kwashington,Instagram,400902.0,2.0,0.102,993.19,0.0177,
,wcolon,Instagram,706786.0,6.0,0.0834,878.37,0.0292,21350.0
8444.0,ruth02,Facebook,126620.0,1.0,0.0856,959.49,0.028,30356.0
8445.0,nicholaspeters,Facebook,901339.0,6.0,0.0856,127.9,0.0247,28232.0
8446.0,billpage,TikTok,65762.0,2.0,0.0642,375.89,0.0306,26917.0
8447.0,jamescohen,Instagram,594582.0,2.0,0.0642,169.32,0.0424,31983.0
8448.0,ftrevino,Instagram,632415.0,,0.0642,248.25,0.0269,33343.0
8449.0,robinsonmark,,705698.0,6.0,0.0642,278.42,0.0168,27987.0
8450.0,kimryan,Twitter,793082.0,7.0,0.102,514.07,0.0251,
8451.0,andrewberg,Facebook,875030.0,6.0,0.0834,421.56,0.0273,30661.0
8452.0,smurray,LinkedIn,432494.0,2.0,0.0986,,0.0311,35354.0
8453.0,omccann,LinkedIn,92848.0,7.0,0.0986,244.23,0.04,3627.0
8454.0,palmerjeffrey,Facebook,467785.0,,0.0986,303.26,0.024,2979.0
8455.0,thomas49,Instagram,390940.0,4.0,0.102,836.59,0.0321,44799.0
8456.0,mcurtis,Facebook,208293.0,4.0,0.0642,218.75,0.0494,12053.0
8457.0,kstewart,Facebook,121918.0,2.0,0.0642,830.49,0.0466,17053.0
8458.0,molinaisaac,Facebook,791446.0,7.0,0.0834,,0.0496,9241.0
,matthew17,Instagram,91028.0,6.0,0.0986,361.15,0.0326,41071.0
8460.0,uzhang,Twitter,903886.0,,0.102,767.52,0.0115,9476.0
8461.0,emily58,Instagram,329258.0,1.0,0.0986,540.64,0.0233,2948.0
8462.0,joshua92,LinkedIn,93311.0,5.0,0.102,682.47,0.0105,4099.0
8463.0,boothjacob,Twitter,,2.0,0.0856,108.56,0.0104,34308.0
8464.0,michelleriggs,Instagram,239942.0,7.0,0.102,542.96,0.0103,29298.0
8465.0,michelleriggs,Instagram,730479.0,1.0,0.0834,959.49,0.0273,27225.0
8466.0,justinpatel,TikTok,413816.0,7.0,0.0834,771.95,0.0118,25557.0
8467.0,palmerjeffrey,Facebook,231378.0,2.0,0.0834,497.57,0.0378,28998.0
8468.0,hughesjohn,Instagram,529786.0,2.0,0.0642,718.41,0.0178,21483.0
8469.0,michelle11,LinkedIn,713334.0,5.0,0.102,643.4,0.0222,12877.0
8470.0,jeffery32,TikTok,604903.0,6.0,0.0642,230.6,0.0194,40611.0
8471.0,zbriggs,Facebook,,3.0,0.0986,457.26,0.0365,12996.0
8472.0,jonesjerry,LinkedIn,663906.0,3.0,0.0642,395.62,0.0391,28233.0
8473.0,garrettelizabeth,Twitter,957378.0,4.0,,276.36,0.0168,17418.0
8474.0,emily77,Twitter,504099.0,1.0,0.0834,,0.0432,25363.0
8475.0,baileykerry,Facebook,481586.0,3.0,0.0642,188.5,0.0292,24234.0
8476.0,,Instagram,710808.0,5.0,0.0856,298.05,0.0385,15077.0
8477.0,michaelgonzales,LinkedIn,812601.0,4.0,0.0834,358.83,0.0152,28108.0
8478.0,zbriggs,LinkedIn,288768.0,5.0,0.0986,,0.0273,45453.0
8479.0,,Twitter,587496.0,5.0,0.0986,845.29,0.0391,25461.0
8480.0,mccoykaren,Instagram,268336.0,7.0,0.0856,109.81,0.0105,29314.0
8481.0,wjohnson,Twitter,837346.0,6.0,0.0642,428.98,0.016,44367.0
8482.0,eric95,Instagram,345515.0,5.0,0.102,266.98,0.0398,36621.0
8483.0,nhoffman,Twitter,745424.0,2.0,0.102,516.5,0.0209,40146.0
8484.0,ucooper,LinkedIn,839640.0,4.0,0.102,74.72,0.0186,31065.0
8485.0,robert05,TikTok,13754.0,3.0,0.0642,142.56,0.0499,20261.0
8486.0,fletcheralexis,Facebook,819798.0,6.0,0.0986,196.71,0.0422,29657.0
8487.0,pierceaaron,Twitter,433546.0,3.0,0.0642,612.83,0.0432,21969.0
8488.0,royharper,Facebook,742906.0,2.0,0.0642,123.58,0.0427,12384.0
8489.0,morgancook,TikTok,156519.0,1.0,0.0856,334.87,0.0221,42186.0
8490.0,alisonrobertson,Twitter,946316.0,5.0,0.102,427.92,0.0323,34801.0
8491.0,diana02,TikTok,786715.0,7.0,0.0986,872.77,0.0311,31923.0
8492.0,amandahenry,Twitter,159760.0,4.0,0.0834,928.28,0.032,20500.0
8493.0,tyleralvarado,Twitter,220855.0,6.0,0.0856,652.74,0.0204,
8494.0,paulprice,Instagram,479158.0,3.0,0.0642,987.3,0.0283,1076.0
8495.0,david22,LinkedIn,790259.0,2.0,0.0856,831.16,0.0319,
8496.0,markgray,LinkedIn,772227.0,3.0,0.0834,935.93,0.0238,35454.0
8497.0,,Twitter,891028.0,5.0,0.0834,284.36,0.0311,40565.0
8498.0,williamrodriguez,,980179.0,3.0,0.102,135.73,0.0499,13778.0
8499.0,andrewberg,,508344.0,6.0,0.102,798.27,0.0216,47207.0
8500.0,kaitlyn63,Facebook,994287.0,2.0,0.0834,428.02,0.0245,38681.0
8501.0,,LinkedIn,,3.0,0.0986,349.32,0.0298,48622.0
8502.0,novakjennifer,Facebook,962179.0,3.0,0.0856,757.24,0.0278,46934.0
8503.0,tammy73,Instagram,533250.0,5.0,0.0642,597.9,0.0128,47871.0
8504.0,cynthia04,TikTok,585099.0,3.0,0.0834,820.13,0.0489,15778.0
8505.0,scott72,LinkedIn,883934.0,1.0,0.0642,440.37,0.0439,8089.0
8506.0,williamwyatt,Facebook,483121.0,6.0,0.0642,993.2,0.0146,7415.0
8507.0,joshua55,Twitter,,2.0,0.0986,238.14,0.0107,
8508.0,daltonmichael,Twitter,637292.0,4.0,0.0856,160.84,0.049,9428.0
8509.0,ijohnson,LinkedIn,35625.0,2.0,0.0642,360.29,0.0255,4121.0
8510.0,gene05,Twitter,945669.0,5.0,0.0834,800.44,0.019,27055.0
8511.0,jonathan39,Twitter,14124.0,1.0,,389.68,0.0488,23082.0
8512.0,turnerchristopher,TikTok,503533.0,2.0,0.0642,975.52,0.0332,33742.0
8513.0,lisa73,,537953.0,2.0,0.0856,682.99,0.0143,49756.0
8514.0,nlewis,Twitter,680131.0,6.0,0.0834,194.99,0.0321,1069.0
8515.0,ysmith,Twitter,470946.0,2.0,0.0856,710.67,0.0196,1989.0
8516.0,smithsusan,Twitter,5273.0,7.0,0.0642,858.82,0.038,26684.0
8517.0,jilliannielsen,Instagram,921705.0,6.0,0.0834,654.96,0.0307,44934.0
8518.0,garciaaudrey,Twitter,460611.0,4.0,0.0986,257.85,,13790.0
8519.0,royharper,LinkedIn,712098.0,,0.0834,479.34,0.0189,38521.0
8520.0,robertsjared,Facebook,713715.0,5.0,0.102,731.75,0.0348,
8521.0,yvettepotts,TikTok,,1.0,0.0856,507.13,0.0334,34880.0
8522.0,jconner,Facebook,722439.0,,0.0834,138.75,0.0311,22502.0
8523.0,jwallace,Facebook,23372.0,6.0,0.0642,637.48,0.02,20626.0
8524.0,eedwards,Facebook,263932.0,2.0,0.0834,892.8,0.0456,9915.0
8525.0,patriciamorse,Instagram,468996.0,1.0,0.0642,196.71,0.0499,42228.0
8526.0,voconnor,LinkedIn,396593.0,3.0,0.0856,511.43,0.0212,
8527.0,charlescisneros,LinkedIn,877779.0,7.0,0.0834,375.55,0.0278,16947.0
8528.0,elizabethwilson,Facebook,579595.0,3.0,0.0986,146.95,0.0392,33976.0
8529.0,krystal64,Instagram,713173.0,6.0,0.102,565.07,0.0358,16710.0
8530.0,byrdsamantha,Instagram,248981.0,7.0,0.0834,274.55,0.0225,43282.0
8531.0,mike15,Facebook,53388.0,2.0,0.0986,665.33,0.0397,12988.0
8532.0,williamwyatt,Twitter,,4.0,0.0986,108.56,0.028,46426.0
8533.0,mackenziedaniels,Facebook,199028.0,6.0,,,0.0243,26226.0
8534.0,,Twitter,839593.0,2.0,0.0834,604.48,0.0473,24134.0
8535.0,allen72,Twitter,608309.0,4.0,0.0856,61.27,0.03,32048.0
8536.0,evanscarrie,LinkedIn,318020.0,4.0,0.0986,824.16,0.0328,18550.0
8537.0,russellcynthia,LinkedIn,218260.0,2.0,0.0834,880.42,0.0114,18142.0
8538.0,aliciajohns,TikTok,383949.0,2.0,0.0834,330.78,0.0391,34208.0
8539.0,kevinblack,Instagram,206455.0,5.0,0.0834,806.51,0.011,16591.0
8540.0,jbonilla,Twitter,364342.0,5.0,0.0856,310.36,0.0107,33557.0
8541.0,benjamingutierrez,LinkedIn,479326.0,,0.0986,651.68,0.0457,1900.0
8542.0,charleshayes,LinkedIn,603836.0,,0.0834,317.31,0.0258,34824.0
8543.0,zhobbs,LinkedIn,627874.0,2.0,0.0642,337.84,0.0427,40893.0
8544.0,mcintoshrobert,Instagram,285343.0,1.0,0.0834,217.72,0.031,6062.0
8545.0,christopherhoward,Twitter,66767.0,4.0,0.0986,766.12,0.0238,33368.0
,anthonyrobinson,,7891.0,6.0,0.102,897.3,0.0163,31746.0
8547.0,richardmiller,Facebook,495582.0,3.0,0.0834,516.15,0.0222,15711.0
8548.0,royharper,Facebook,864777.0,3.0,0.0642,643.4,0.0133,15754.0
8549.0,,LinkedIn,870945.0,6.0,0.0986,569.7,0.0211,35083.0
8550.0,patrick36,TikTok,181919.0,6.0,0.0642,868.22,0.0154,9278.0
8551.0,nwalsh,TikTok,896662.0,4.0,0.102,517.56,0.0272,35638.0
8552.0,christophermartinez,Facebook,518670.0,1.0,0.0642,548.5,0.0113,14354.0
8553.0,tiffanycaldwell,,648073.0,5.0,0.0642,504.44,0.0118,12004.0
8554.0,diazchristina,LinkedIn,262013.0,3.0,0.0834,374.56,0.0178,8346.0
8555.0,hernandezthomas,TikTok,575826.0,4.0,0.0986,825.62,0.0158,3789.0
8556.0,gtorres,TikTok,232104.0,6.0,0.0642,176.47,0.0418,22208.0
8557.0,hobrien,Facebook,782262.0,2.0,0.102,928.25,0.013,49679.0
8558.0,donna02,Twitter,940605.0,1.0,0.102,694.28,0.038,1744.0
8559.0,carrolljames,,978267.0,7.0,,268.1,0.0168,48194.0
8560.0,mullinsalicia,LinkedIn,,2.0,0.0856,643.57,0.0358,2571.0
8561.0,valdezjessica,LinkedIn,647813.0,7.0,0.0642,735.9,0.0314,15552.0
8562.0,tshaw,LinkedIn,516088.0,3.0,0.0856,633.93,0.0301,37842.0
8563.0,carpenterthomas,Instagram,108687.0,1.0,0.0856,97.88,0.0499,25286.0
8564.0,ronnieperry,LinkedIn,311977.0,6.0,0.0856,349.32,0.0259,4901.0
8565.0,sonya64,LinkedIn,683951.0,,,899.04,0.0319,44996.0
,justinwilson,TikTok,590304.0,5.0,0.0856,85.08,0.0113,27848.0
8567.0,carpenterpamela,Instagram,772691.0,1.0,0.102,376.93,0.0481,45038.0
8568.0,luislove,LinkedIn,236147.0,5.0,0.0834,139.38,0.0126,42887.0
8569.0,rmcpherson,LinkedIn,112561.0,2.0,0.0986,556.13,0.0223,5818.0
8570.0,jacksonberry,Facebook,430531.0,7.0,0.0856,322.9,0.019,2976.0
8571.0,pbrooks,Twitter,,1.0,0.102,369.37,0.0332,45118.0
8572.0,ruizguy,LinkedIn,604309.0,5.0,0.0834,955.42,0.0483,20451.0
8573.0,cameron78,,319997.0,5.0,0.0642,511.26,0.026,29994.0
8574.0,katherine30,Twitter,872243.0,4.0,0.0834,894.32,0.0411,31311.0
8575.0,norma50,Twitter,593540.0,1.0,0.0986,209.6,0.0268,13252.0
8576.0,nturner,Twitter,,6.0,0.0986,849.11,0.0329,43090.0
8577.0,blackburnanthony,TikTok,216804.0,7.0,0.0642,755.58,0.0334,46267.0
8578.0,kristinlynch,LinkedIn,6964.0,4.0,0.102,383.32,0.0364,47796.0
8579.0,pittmanfrank,Instagram,864862.0,1.0,,400.61,0.0245,31011.0
8580.0,marissa77,,203823.0,5.0,0.102,836.59,0.0296,41617.0
8581.0,jamiejones,Instagram,916651.0,2.0,0.0856,754.87,0.0172,43954.0
8582.0,nblake,Twitter,770990.0,1.0,0.0834,670.27,0.0384,30141.0
8583.0,nancy96,Instagram,698055.0,5.0,0.0986,55.4,0.0148,30799.0
8584.0,michael40,Instagram,802498.0,6.0,0.0642,181.53,0.0192,3967.0
8585.0,hayespamela,Instagram,460890.0,5.0,0.0986,878.37,0.0253,41004.0
8586.0,michael40,Instagram,871811.0,7.0,0.0642,262.51,0.0439,31624.0
8587.0,olopez,Twitter,585257.0,5.0,0.0986,612.95,0.0486,34929.0
,smithsusan,Twitter,794438.0,4.0,0.102,,0.0398,34274.0
8589.0,murphytabitha,LinkedIn,326481.0,7.0,0.0642,989.88,0.0349,40448.0
8590.0,thompsonlisa,LinkedIn,158901.0,5.0,0.0642,198.72,0.0262,32408.0
8591.0,tyler94,LinkedIn,348943.0,3.0,0.0986,511.43,0.0478,23833.0
8592.0,murphytabitha,LinkedIn,469462.0,6.0,0.0642,573.41,0.04,25843.0
8593.0,krystal64,Twitter,540115.0,4.0,0.0856,864.3,0.036,11408.0
8594.0,imorton,Facebook,386881.0,1.0,0.0834,325.81,0.0238,8688.0
8595.0,erodriguez,Twitter,579753.0,2.0,0.0986,696.43,0.0335,7903.0
,alvarezdanielle,,904324.0,6.0,0.0834,298.05,0.0102,9050.0
8597.0,jeffreysalazar,Twitter,480622.0,,0.0856,395.01,0.0337,45937.0
8598.0,ntaylor,Facebook,38531.0,2.0,0.0834,789.28,0.0378,35167.0
8599.0,russellcynthia,LinkedIn,596063.0,3.0,0.0642,864.63,0.0262,22522.0
8600.0,tylermartin,LinkedIn,891567.0,5.0,0.0986,396.53,0.0334,6275.0
,sparker,Twitter,430897.0,6.0,0.0856,858.44,0.044,19835.0
8602.0,cooksteven,Facebook,796643.0,1.0,0.0834,769.94,0.0384,
8603.0,jacksongerald,Twitter,597745.0,1.0,0.0986,604.48,0.0306,6741.0
8604.0,maysmeghan,Facebook,973357.0,3.0,0.0856,358.78,0.0166,2935.0
8605.0,nroberts,LinkedIn,156110.0,2.0,0.0834,274.15,0.0171,9974.0
8606.0,bhamilton,LinkedIn,322306.0,2.0,0.0642,133.68,0.0451,33031.0
8607.0,thomasherman,Facebook,421980.0,2.0,0.0834,982.66,0.044,
8608.0,shermanjoshua,Instagram,177336.0,2.0,0.0642,492.15,0.0428,45904.0
8609.0,barbarabranch,Twitter,380016.0,1.0,0.0856,827.47,0.013,3857.0
8610.0,nicholaspeters,TikTok,957538.0,5.0,0.0834,,0.0142,6277.0
8611.0,leahcarter,Facebook,595008.0,1.0,0.0856,600.46,0.0477,4563.0
8612.0,mccoykaren,Twitter,,5.0,0.0856,203.52,0.0257,31724.0
,karen03,TikTok,596931.0,5.0,,154.01,0.0329,16724.0
8614.0,eric65,Instagram,956125.0,2.0,0.102,756.77,0.0391,21450.0
8615.0,lisa73,TikTok,747927.0,5.0,0.102,676.94,0.0178,43585.0
8616.0,skinnerjacob,TikTok,78408.0,3.0,0.0834,971.23,0.0272,9082.0
8617.0,robinparsons,Facebook,909291.0,3.0,0.102,494.5,0.0118,
8618.0,benjamin31,TikTok,306697.0,7.0,0.0986,825.23,0.0184,34621.0
8619.0,david26,Facebook,,2.0,0.0834,298.05,0.0276,20724.0
8620.0,catherine31,Facebook,505477.0,5.0,0.0834,211.96,0.0205,31507.0
8621.0,amanda27,Twitter,455013.0,6.0,0.0986,423.83,0.0428,13018.0
8622.0,mhart,Facebook,861603.0,4.0,0.102,383.19,0.0365,44414.0
8623.0,russellmelissa,LinkedIn,106152.0,2.0,0.0642,451.91,0.03,22981.0
8624.0,jennifer41,Twitter,899087.0,1.0,0.0856,97.1,0.0402,30670.0
,mary48,TikTok,112423.0,6.0,0.0834,651.18,0.0219,2322.0
8626.0,feliciabrown,Twitter,515523.0,3.0,0.0986,737.59,0.0418,46404.0
8627.0,bberry,Instagram,796349.0,2.0,0.0856,450.94,0.0494,33884.0
8628.0,ahoover,TikTok,6701.0,6.0,0.0986,710.67,0.0391,37551.0
8629.0,peter15,Twitter,261604.0,6.0,0.0986,138.75,0.0494,32056.0
8630.0,claudiaferrell,Twitter,724792.0,1.0,0.0834,630.21,0.0186,10771.0
8631.0,gonzalezjulie,,,4.0,,677.17,0.0255,28298.0
8632.0,jamiejones,TikTok,984610.0,6.0,0.102,265.2,0.0406,16356.0
8633.0,tommy65,LinkedIn,855878.0,5.0,0.102,965.17,0.024,7285.0
8634.0,mackenziedaniels,LinkedIn,944572.0,2.0,,646.61,0.045,5299.0
8635.0,davidsmith,Facebook,137495.0,1.0,0.0856,905.43,0.0275,26719.0
8636.0,paul06,Instagram,38603.0,7.0,0.102,379.97,0.0318,22069.0
8637.0,brian11,Instagram,602213.0,5.0,0.0986,237.74,0.0363,41023.0
8638.0,aandrade,LinkedIn,240961.0,2.0,0.0834,428.86,0.0463,39786.0
8639.0,blakebell,Twitter,,,0.102,,0.0378,39123.0
8640.0,yangpamela,Twitter,802074.0,4.0,0.0834,247.27,0.0227,3857.0
8641.0,mariewilliams,Facebook,,4.0,0.0642,899.04,0.0338,14676.0
8642.0,clementsdevin,Instagram,207028.0,5.0,0.0856,131.64,0.0162,49782.0
8643.0,carrolljames,,,7.0,0.0856,757.24,0.0261,10121.0
8644.0,kelleytina,LinkedIn,163371.0,6.0,0.0856,892.6,0.0283,41223.0
8645.0,hellis,TikTok,459907.0,4.0,,81.51,0.0223,46119.0
8646.0,edward01,LinkedIn,567617.0,,0.0856,136.15,0.0343,10644.0
8647.0,novakjennifer,TikTok,63891.0,5.0,0.0834,357.45,0.0372,3223.0
8648.0,mark69,TikTok,552074.0,6.0,0.0856,991.41,0.0269,39192.0
8649.0,kanebrenda,LinkedIn,500719.0,3.0,0.0834,551.17,0.0436,43761.0
8650.0,romeroallison,Twitter,649000.0,3.0,0.0986,817.09,0.0363,13064.0
8651.0,angela07,Twitter,395314.0,4.0,,864.15,0.0276,25339.0
8652.0,murraykyle,Facebook,747543.0,6.0,0.102,965.17,0.0237,27580.0
8653.0,qthomas,Facebook,229780.0,5.0,0.0856,83.12,0.0297,47947.0
8654.0,ntodd,Facebook,432521.0,2.0,0.0642,372.21,0.0152,4365.0
8655.0,cscott,Instagram,389214.0,,,376.23,0.0106,19203.0
8656.0,martinerica,Twitter,82701.0,4.0,0.102,858.82,0.0206,4698.0
8657.0,roger15,,635068.0,1.0,0.102,984.08,0.0276,15224.0
8658.0,anthonyrobinson,LinkedIn,985281.0,1.0,0.0834,302.06,0.0443,9969.0
8659.0,ruizguy,LinkedIn,931063.0,5.0,0.0642,275.71,0.0486,45653.0
8660.0,gracegay,Instagram,589843.0,7.0,0.0834,270.38,0.0275,11999.0
8661.0,bpham,TikTok,160365.0,5.0,0.102,968.85,0.0288,10342.0
8662.0,christopherbarnes,Instagram,713941.0,3.0,0.0856,131.64,0.0189,
8663.0,rgarrison,Twitter,809289.0,6.0,0.0986,104.47,0.0406,41752.0
8664.0,brett02,Instagram,971679.0,1.0,0.0834,962.84,0.0133,14131.0
8665.0,stevensondesiree,Twitter,220107.0,5.0,0.0834,785.27,0.0175,30230.0
8666.0,bpham,Facebook,378899.0,3.0,0.0642,247.27,0.0273,12325.0
8667.0,toneill,LinkedIn,652322.0,4.0,0.102,291.47,,30297.0
8668.0,ljensen,LinkedIn,526607.0,3.0,0.0834,991.96,0.0286,38527.0
8669.0,tyleralvarado,Facebook,121642.0,6.0,0.0642,387.36,0.0397,42019.0
8670.0,tmcdaniel,Twitter,,3.0,0.0642,457.26,0.0473,12660.0
8671.0,carpenterthomas,Instagram,153855.0,5.0,0.102,352.12,0.0274,27138.0
8672.0,kathrynsingh,TikTok,852026.0,7.0,0.0856,573.41,0.0127,45241.0
8673.0,brandoncooper,Twitter,160777.0,1.0,0.0986,592.26,0.0424,37870.0
8674.0,patty20,LinkedIn,50186.0,6.0,,70.91,0.0286,16796.0
8675.0,garciajustin,Instagram,793498.0,4.0,0.0986,408.67,0.0239,11227.0
8676.0,lsherman,LinkedIn,183326.0,3.0,0.102,654.96,0.0281,42055.0
8677.0,gonzaleznicholas,TikTok,487586.0,4.0,0.102,916.32,,15486.0
8678.0,martinerica,LinkedIn,952784.0,7.0,0.0834,647.76,0.0188,47347.0
8679.0,barbara57,Instagram,173109.0,6.0,0.0856,881.85,0.0285,9933.0
8680.0,james60,Facebook,849940.0,3.0,0.102,279.7,0.011,43485.0
8681.0,leemorales,LinkedIn,465009.0,3.0,0.102,860.13,0.0372,45538.0
8682.0,aprilwilliams,,6680.0,,0.0856,913.44,0.0354,46369.0
8683.0,sheila33,LinkedIn,155708.0,5.0,0.102,202.23,0.0323,11408.0
8684.0,mtaylor,Instagram,941313.0,3.0,0.0642,959.49,0.0366,5148.0
8685.0,wilsonrobert,LinkedIn,702939.0,7.0,0.0642,789.28,0.0166,8475.0
8686.0,alexandersamuel,Instagram,999726.0,3.0,0.0834,687.61,0.0205,11050.0
8687.0,kaylasmith,LinkedIn,205498.0,6.0,0.102,85.1,0.0372,28441.0
8688.0,,LinkedIn,197191.0,1.0,0.0834,222.59,0.042,40390.0
8689.0,briannataylor,Instagram,247960.0,6.0,0.0642,77.54,0.0432,18847.0
8690.0,ronnie15,Instagram,130892.0,1.0,0.0834,224.95,0.0424,33325.0
8691.0,vgriffith,Instagram,599246.0,7.0,0.102,339.15,0.0293,7153.0
8692.0,jconner,Facebook,975200.0,6.0,0.0834,973.62,0.0321,9387.0
8693.0,,Instagram,23061.0,4.0,,573.41,0.0229,15918.0
8694.0,melissa08,LinkedIn,296969.0,2.0,0.0986,678.02,0.0261,34977.0
8695.0,williamrodriguez,Twitter,137710.0,5.0,0.0834,236.48,0.0227,11291.0
8696.0,crosslaura,Twitter,368411.0,4.0,0.0856,902.41,0.018,11500.0
8697.0,diazmisty,Twitter,756533.0,3.0,0.0856,154.35,0.0309,9919.0
8698.0,vmorgan,LinkedIn,302177.0,5.0,0.0834,396.19,0.0348,15760.0
8699.0,wmercado,Twitter,325959.0,3.0,0.0642,365.32,,42038.0
8700.0,jonathan26,Facebook,358097.0,4.0,0.0834,139.18,0.0228,13703.0
8701.0,bryanfisher,TikTok,580645.0,5.0,0.0856,430.4,0.0106,32077.0
8702.0,fgamble,,217404.0,6.0,0.0986,766.12,0.0257,9735.0
8703.0,johnsongregory,Facebook,585789.0,7.0,0.0834,987.3,0.023,31828.0
8704.0,williamskyle,Twitter,,5.0,0.102,181.32,0.0198,8371.0
,ojohnson,,759014.0,2.0,0.0986,858.44,0.0186,1722.0
8706.0,uhobbs,TikTok,350184.0,6.0,,390.54,0.049,13458.0
8707.0,ptorres,Twitter,934451.0,2.0,0.0834,375.89,0.042,18290.0
8708.0,duranbrittany,Instagram,538248.0,7.0,0.0856,892.8,0.0293,35922.0
8709.0,justinwilson,LinkedIn,908482.0,3.0,0.0986,375.55,0.018,
8710.0,smithdanielle,TikTok,753189.0,5.0,0.0986,135.73,,41372.0
8711.0,harrisjacob,Instagram,622201.0,5.0,0.0642,337.84,0.02,7016.0
8712.0,larry14,TikTok,862270.0,1.0,0.0856,582.88,0.0167,36637.0
8713.0,hrobinson,Twitter,603470.0,5.0,0.0642,460.86,0.0106,21976.0
8714.0,jaclyn79,TikTok,909174.0,2.0,0.0834,105.5,0.0191,37054.0
8715.0,jamiejones,LinkedIn,46612.0,3.0,0.0986,307.41,0.045,14473.0
8716.0,,TikTok,600268.0,7.0,0.0986,406.54,0.0167,20652.0
8717.0,trobinson,TikTok,753002.0,3.0,0.0856,103.15,0.0244,44978.0
8718.0,ritalynch,Facebook,126083.0,1.0,0.0834,561.63,0.0136,38311.0
8719.0,ujohnson,TikTok,199191.0,6.0,0.0986,297.39,0.0485,46918.0
8720.0,molly66,Instagram,713038.0,3.0,0.0856,357.45,0.0186,24769.0
8721.0,samanthajohnson,Twitter,861900.0,1.0,0.0642,321.35,0.0233,27431.0
8722.0,robertpalmer,Facebook,470043.0,2.0,0.0642,322.9,0.049,24189.0
8723.0,michaelchung,TikTok,519566.0,7.0,0.0834,905.43,0.0193,20853.0
8724.0,tiffanyferrell,Instagram,974374.0,3.0,0.0642,204.59,0.0189,16993.0
8725.0,kristy65,Instagram,488701.0,2.0,0.0834,975.52,0.0133,
8726.0,emily58,Instagram,940737.0,2.0,0.0986,914.72,0.0148,23264.0
8727.0,gonzaleznicholas,TikTok,717307.0,3.0,0.0856,120.74,0.0372,16851.0
8728.0,olopez,Facebook,688217.0,7.0,0.0834,51.95,0.0172,15185.0
8729.0,jesse39,TikTok,710075.0,4.0,0.0986,682.99,0.0481,12739.0
8730.0,colleen63,Instagram,80257.0,6.0,0.0856,982.66,0.0384,34167.0
8731.0,vmorales,LinkedIn,13702.0,1.0,0.0834,224.07,0.0366,6576.0
8732.0,jonathanjones,Twitter,347794.0,1.0,0.102,955.85,0.0195,48553.0
8733.0,muellerolivia,TikTok,839558.0,3.0,0.0834,826.95,0.0326,6860.0
8734.0,rebekah51,TikTok,854620.0,4.0,0.102,257.85,0.0456,1650.0
8735.0,williamrodriguez,LinkedIn,960127.0,1.0,0.0986,307.1,0.0311,18316.0
8736.0,william00,Instagram,499273.0,2.0,0.0642,735.9,0.0149,49954.0
8737.0,eryan,Twitter,76145.0,6.0,0.0986,285.16,0.0421,46918.0
8738.0,melissa93,LinkedIn,301642.0,2.0,0.0856,976.76,0.0454,46421.0
8739.0,racheldodson,LinkedIn,435433.0,1.0,0.102,411.29,0.0103,24155.0
8740.0,laura14,Facebook,556692.0,3.0,0.0642,719.2,0.0126,3616.0
8741.0,benjamingutierrez,Twitter,,3.0,0.0642,699.97,0.0103,35556.0
8742.0,sharonmiller,Twitter,388682.0,6.0,0.0986,791.91,0.0431,37123.0
8743.0,kevin83,TikTok,339720.0,6.0,0.0986,587.97,0.0304,41856.0
8744.0,mariah21,Instagram,,6.0,0.0642,966.01,0.0137,48155.0
8745.0,alyssa15,Facebook,621477.0,4.0,0.0834,517.56,0.0393,27680.0
8746.0,amanda19,Twitter,405411.0,4.0,0.102,89.54,0.0163,17722.0
8747.0,johnsongregory,Twitter,224983.0,4.0,0.0856,905.43,0.0174,8649.0
8748.0,jennifer53,Instagram,604621.0,4.0,0.0986,164.09,0.041,48945.0
8749.0,,TikTok,975295.0,7.0,0.0642,488.49,0.0397,14567.0
8750.0,sharris,TikTok,245114.0,2.0,0.0856,945.21,0.0493,41913.0
8751.0,kimryan,Facebook,675769.0,4.0,0.0834,96.71,0.0147,24417.0
8752.0,katieking,Facebook,141065.0,2.0,0.102,814.78,0.0213,4022.0
8753.0,cameron78,Instagram,415117.0,7.0,0.0986,842.79,0.0174,6473.0
8754.0,michaeldavis,,877425.0,5.0,0.0856,888.27,0.0389,2100.0
8755.0,danielharper,Twitter,474291.0,6.0,0.0986,699.97,0.0105,24255.0
8756.0,dmanning,Facebook,603341.0,2.0,0.102,935.93,0.0334,5692.0
8757.0,fullerchristine,Instagram,677444.0,1.0,0.0986,274.15,0.0405,23461.0
8758.0,bnelson,Instagram,93551.0,5.0,0.0834,215.04,0.0212,30898.0
,stephen98,,900146.0,3.0,0.0834,263.63,0.0244,35225.0
8760.0,ewilliams,Instagram,,3.0,0.0642,612.95,0.0261,26891.0
8761.0,andrew24,Twitter,747346.0,5.0,0.0986,422.75,0.0441,26998.0
8762.0,mcdonaldnancy,TikTok,202235.0,7.0,0.0642,754.41,0.0345,42703.0
8763.0,jaimeedwards,Instagram,47229.0,7.0,0.0856,563.74,0.0315,29256.0
8764.0,zblackburn,Instagram,659261.0,1.0,0.0986,323.15,0.0406,38442.0
8765.0,kaitlyn63,Instagram,944089.0,7.0,0.0856,948.68,0.0335,41078.0
8766.0,yrodriguez,Facebook,192520.0,6.0,0.0834,596.41,,5147.0
8767.0,elizabeth86,Twitter,757819.0,2.0,0.0642,800.15,,15820.0
8768.0,lsaunders,Instagram,504239.0,4.0,0.0642,214.78,0.0404,1400.0
8769.0,jbrown,TikTok,243072.0,6.0,0.0642,428.86,0.0214,13683.0
8770.0,ruizguy,LinkedIn,105461.0,7.0,0.0856,888.27,0.035,19128.0
8771.0,ucooper,LinkedIn,179794.0,5.0,0.0986,334.54,0.0285,40287.0
8772.0,xshort,Facebook,660522.0,7.0,0.0834,333.93,0.0471,32525.0
8773.0,turnerchristopher,Instagram,23999.0,2.0,0.0834,967.5,0.0105,45319.0
8774.0,michelleriggs,LinkedIn,260948.0,2.0,0.0856,560.62,0.0389,21420.0
8775.0,amandahenry,Instagram,523803.0,6.0,0.0856,244.21,0.0103,25696.0
8776.0,jennifercummings,TikTok,767871.0,4.0,0.0834,,0.0178,36243.0
8777.0,brenda52,Instagram,,7.0,0.0856,340.68,0.0237,19530.0
8778.0,karen03,Instagram,307066.0,5.0,0.0642,913.39,0.0306,32589.0
8779.0,smithdanielle,Facebook,745910.0,3.0,0.0642,,0.0315,9808.0
8780.0,michael30,Instagram,635100.0,7.0,0.0856,806.51,0.0444,8829.0
8781.0,alexandersamuel,LinkedIn,455437.0,1.0,0.102,892.8,0.0244,29396.0
8782.0,michael55,Facebook,122693.0,4.0,0.0856,763.66,0.0401,27092.0
8783.0,masonjames,Twitter,705995.0,5.0,0.0642,798.0,0.0159,49565.0
8784.0,davismichael,Facebook,908774.0,2.0,0.102,361.46,0.0184,40999.0
8785.0,,Facebook,31558.0,3.0,0.0834,423.76,0.0488,19826.0
8786.0,kaitlynvalentine,Facebook,532928.0,1.0,,303.16,0.0483,10282.0
8787.0,owenskeith,TikTok,499306.0,3.0,0.102,934.87,0.0249,1094.0
8788.0,leonardkatherine,Facebook,62568.0,1.0,0.0856,323.9,0.0195,9504.0
8789.0,ricardo38,Instagram,708711.0,3.0,0.0856,458.75,0.0274,7523.0
8790.0,,TikTok,636409.0,1.0,0.0986,892.8,0.0456,12197.0
8791.0,smcguire,Twitter,,6.0,0.102,987.3,0.0478,3155.0
8792.0,ladams,Facebook,573906.0,1.0,0.0834,,0.024,6309.0
8793.0,jeffreymyers,Facebook,389772.0,1.0,0.0986,361.15,0.0158,32368.0
8794.0,luislove,LinkedIn,274558.0,3.0,0.0856,390.54,0.0238,8177.0
8795.0,hunterbriana,Twitter,244959.0,7.0,0.0642,479.34,0.0206,25052.0
8796.0,julie27,Twitter,415845.0,3.0,0.0856,557.81,0.0494,39244.0
8797.0,armstrongjuan,LinkedIn,422743.0,6.0,0.0856,741.69,0.0227,46381.0
8798.0,thomasherman,TikTok,283806.0,3.0,0.0856,618.92,0.0325,1607.0
8799.0,,Twitter,862822.0,4.0,,307.41,0.0427,1360.0
8800.0,tinajones,Facebook,188902.0,2.0,0.0642,638.08,0.0318,33044.0
8801.0,smcguire,Twitter,647029.0,4.0,0.0642,353.04,,47188.0
8802.0,tiffany99,TikTok,788927.0,7.0,0.0834,,0.0229,22107.0
8803.0,debbie61,Twitter,52336.0,4.0,0.102,198.72,0.0135,26649.0
8804.0,tlawson,Twitter,,5.0,0.0834,522.77,0.0346,16923.0
8805.0,qshannon,Instagram,627650.0,6.0,0.102,987.3,0.0476,39884.0
8806.0,cscott,Instagram,902071.0,5.0,0.0834,800.15,0.0453,6956.0
8807.0,benjamin31,Twitter,146690.0,2.0,0.0834,,0.0402,45247.0
8808.0,nturner,LinkedIn,830852.0,5.0,0.0834,,0.0273,12753.0
8809.0,yrodriguez,TikTok,455183.0,3.0,0.102,162.16,0.0421,29976.0
8810.0,lpierce,Instagram,439632.0,3.0,0.0642,364.3,0.0144,6927.0
8811.0,mcintoshrobert,TikTok,476631.0,2.0,0.0986,397.7,0.015,10688.0
8812.0,lrusso,TikTok,603127.0,,0.0834,257.56,0.0287,34210.0
8813.0,mike65,TikTok,379479.0,3.0,,727.33,0.0263,23583.0
8814.0,,TikTok,399307.0,3.0,0.0856,253.21,0.0499,29766.0
8815.0,eric65,Instagram,798300.0,4.0,0.0642,194.99,0.0267,39126.0
8816.0,sharondillon,TikTok,117979.0,2.0,0.0642,281.4,0.0192,45727.0
8817.0,ewilliams,TikTok,609578.0,7.0,0.102,257.56,0.047,39825.0
8818.0,,Twitter,473411.0,3.0,0.0642,364.3,0.0351,18309.0
,cbrown,Facebook,476788.0,1.0,0.0834,864.15,0.04,33256.0
8820.0,rebekah51,Instagram,412811.0,,0.0986,53.54,0.0496,30015.0
8821.0,smithtimothy,LinkedIn,626617.0,5.0,0.102,938.02,0.0488,31244.0
8822.0,barbarabranch,Instagram,833702.0,2.0,0.0642,250.43,0.0225,22908.0
8823.0,montgomeryjaime,Facebook,458407.0,2.0,0.0986,234.79,0.0268,27897.0
8824.0,garciakatherine,Instagram,,4.0,0.0642,377.8,0.0433,9194.0
8825.0,murraykyle,TikTok,194363.0,5.0,0.0986,126.59,0.0194,9407.0
8826.0,flowerschristine,Facebook,299830.0,5.0,0.0642,430.4,0.0394,23051.0
8827.0,royharper,TikTok,869553.0,3.0,0.0642,,0.0319,13278.0
8828.0,wongrichard,TikTok,754680.0,6.0,0.0834,64.51,0.0276,43283.0
8829.0,crystalsharp,Instagram,847877.0,5.0,0.0834,162.16,0.0285,26185.0
8830.0,donaldthompson,Facebook,151588.0,4.0,0.102,906.88,0.0321,49227.0
8831.0,peter15,Twitter,875399.0,5.0,0.0856,,0.0365,13549.0
8832.0,julie27,Twitter,623792.0,1.0,0.0986,569.83,0.0335,7633.0
8833.0,katherine30,Instagram,673300.0,6.0,0.0834,973.44,0.0191,15810.0
8834.0,stevensondesiree,Facebook,797708.0,6.0,0.102,139.18,0.046,9237.0
8835.0,charlescisneros,,33509.0,7.0,0.102,916.32,0.0241,34764.0
8836.0,andrew37,Twitter,27587.0,4.0,0.102,270.31,0.0225,
8837.0,fkelly,TikTok,404462.0,3.0,0.102,382.74,0.0115,4316.0
8838.0,dnguyen,LinkedIn,13908.0,3.0,0.0986,395.62,0.0172,40415.0
8839.0,wongrichard,LinkedIn,685156.0,3.0,0.0642,827.47,0.0158,33353.0
8840.0,lisabarber,TikTok,873790.0,1.0,0.0642,991.96,0.0172,26979.0
8841.0,rachel74,LinkedIn,239987.0,5.0,0.0834,286.17,0.0273,19039.0
8842.0,lisamorrow,Facebook,954982.0,1.0,0.0834,75.54,0.0359,33868.0
,calhounrenee,TikTok,543397.0,6.0,0.0834,,0.0219,29353.0
8844.0,claudiaferrell,Instagram,340858.0,4.0,0.0986,651.18,0.0193,46480.0
8845.0,tyler94,LinkedIn,413291.0,7.0,0.102,206.84,0.0238,40377.0
,katherine30,Instagram,889075.0,2.0,0.102,54.61,0.024,10266.0
8847.0,qshannon,,132770.0,,0.0856,643.57,0.0251,47429.0
8848.0,jconner,TikTok,515049.0,3.0,0.0856,192.99,0.0463,3799.0
8849.0,corydavis,Twitter,,3.0,0.102,788.29,0.043,3956.0
8850.0,,Instagram,767728.0,6.0,0.0642,984.35,0.0398,28939.0
8851.0,wstevens,Instagram,940768.0,4.0,0.0856,810.44,0.0136,
8852.0,zblackburn,Facebook,40764.0,,0.102,85.1,,44337.0
8853.0,dmartin,Facebook,827295.0,1.0,,317.31,0.041,
8854.0,smithjulian,LinkedIn,646237.0,5.0,0.102,321.35,0.0362,47606.0
8855.0,erodriguez,Twitter,311708.0,,0.0856,152.87,0.0315,34240.0
8856.0,luislove,Facebook,790189.0,7.0,0.0834,573.91,0.0318,21465.0
8857.0,christianamy,Instagram,317791.0,6.0,0.0856,890.31,,36528.0
8858.0,michellemcdaniel,Facebook,323808.0,2.0,0.0642,799.49,0.0102,24016.0
8859.0,nelsonalfred,TikTok,229356.0,2.0,0.102,789.39,0.0364,25862.0
8860.0,bobbystrickland,TikTok,683602.0,5.0,0.0642,587.66,0.0493,33566.0
,melissacordova,Facebook,856323.0,5.0,0.0986,287.9,0.0258,39446.0
8862.0,yvettepotts,LinkedIn,815226.0,4.0,0.0642,846.43,0.047,10633.0
,ojohnson,Twitter,250848.0,5.0,0.0834,297.39,0.0297,
8864.0,lsaunders,Twitter,972143.0,3.0,0.0642,228.19,0.0415,15593.0
8865.0,vmorgan,,111673.0,5.0,0.102,689.23,0.041,8028.0
8866.0,ojohnson,Twitter,360338.0,1.0,0.102,429.09,0.0239,44130.0
8867.0,donna02,Twitter,592190.0,5.0,0.0986,250.43,0.0376,42526.0
8868.0,wstevens,Instagram,773065.0,5.0,0.0642,429.58,0.0341,36245.0
8869.0,uflowers,TikTok,536277.0,5.0,0.0856,539.69,0.0409,30579.0
8870.0,ashleycooper,Facebook,906908.0,7.0,0.0986,317.82,0.0125,6610.0
8871.0,danny18,Twitter,341129.0,7.0,0.0834,90.38,0.0214,27442.0
8872.0,yrodriguez,TikTok,972677.0,4.0,0.102,367.45,0.0373,8207.0
8873.0,ericmiller,Twitter,,7.0,0.0642,539.69,0.0369,5858.0
8874.0,shermanjoshua,Facebook,833545.0,3.0,0.0986,952.79,0.0444,17958.0
8875.0,aprilwilliams,Facebook,563190.0,4.0,0.0856,254.87,0.0494,14666.0
8876.0,mary46,Instagram,145371.0,1.0,0.0986,518.83,0.0192,33269.0
8877.0,ntodd,TikTok,926048.0,2.0,,603.08,0.0426,1187.0
8878.0,lisachan,,419096.0,3.0,0.0986,836.59,0.0279,40431.0
,fosterjillian,Twitter,738380.0,3.0,0.102,204.59,0.0457,41747.0
8880.0,tjohnson,Twitter,695205.0,5.0,0.0642,203.52,0.0343,17240.0
8881.0,,TikTok,963468.0,5.0,0.0642,630.21,0.0369,43842.0
8882.0,michael22,TikTok,972216.0,2.0,0.102,536.5,0.0442,29626.0
8883.0,kathrynsingh,TikTok,238558.0,2.0,0.0856,640.55,0.032,29770.0
8884.0,gmcintosh,Facebook,472855.0,1.0,0.102,965.86,0.0402,
8885.0,jjones,Twitter,673532.0,1.0,0.0856,263.63,0.0147,36413.0
,gstone,TikTok,74233.0,1.0,0.0986,516.5,0.0315,41857.0
8887.0,irice,Twitter,583418.0,2.0,0.0642,763.66,0.0391,27431.0
8888.0,jeffrey25,Instagram,871367.0,3.0,0.0834,216.91,0.0493,36795.0
8889.0,michelleriggs,Instagram,530202.0,7.0,0.0834,780.39,0.0371,44549.0
,nicholasmontgomery,LinkedIn,981136.0,6.0,0.0834,713.93,,6458.0
8891.0,robert05,Facebook,397610.0,2.0,0.0642,842.79,0.0375,49667.0
8892.0,ewalters,Twitter,535161.0,2.0,0.0856,408.67,0.0128,39249.0
8893.0,taraflores,LinkedIn,,5.0,0.0856,,0.0143,25555.0
8894.0,gmeyer,Facebook,144310.0,4.0,0.0856,373.18,0.0209,4553.0
8895.0,xnelson,Facebook,434260.0,2.0,0.0856,244.21,,38990.0
8896.0,sheila33,Instagram,197047.0,5.0,0.102,858.44,0.0118,14065.0
8897.0,bondrebecca,Instagram,457091.0,4.0,0.0856,238.74,0.0304,35760.0
8898.0,nelsonalfred,Instagram,965426.0,,0.102,612.01,0.034,4228.0
8899.0,tristanpearson,Twitter,508161.0,3.0,0.0642,500.37,0.045,24558.0
8900.0,john57,Twitter,500453.0,4.0,0.0642,485.02,0.0375,
,petersonkristie,LinkedIn,701651.0,1.0,0.0856,196.71,0.028,5844.0
8902.0,mariapatel,Facebook,911893.0,5.0,0.0834,741.69,,13102.0
8903.0,romerojorge,LinkedIn,48386.0,4.0,0.0986,376.75,0.0397,37727.0
,sarah18,Facebook,602130.0,5.0,0.0986,68.93,0.0361,41537.0
8905.0,cooperpaul,LinkedIn,643984.0,7.0,0.0642,931.61,0.0101,31506.0
8906.0,taylornewman,TikTok,337873.0,1.0,0.0986,225.29,0.0227,38919.0
8907.0,jessica46,Instagram,448696.0,,,761.22,0.024,32760.0
,katiewolfe,Facebook,944943.0,,0.102,938.98,0.0286,43229.0
8909.0,sonya64,Facebook,631711.0,5.0,0.0642,492.15,0.038,15017.0
8910.0,victoria86,LinkedIn,470415.0,6.0,0.0642,352.46,0.046,26134.0
,toddkenneth,TikTok,693990.0,3.0,0.102,767.52,0.0116,49493.0
8912.0,gutierreznicholas,Instagram,846812.0,2.0,0.0834,827.47,0.016,43541.0
8913.0,brian17,LinkedIn,27875.0,7.0,0.102,951.47,0.0204,34468.0
8914.0,keith55,LinkedIn,970226.0,3.0,0.0834,214.7,,1142.0
8915.0,andrew53,Facebook,120994.0,2.0,0.102,798.0,0.0416,
8916.0,sancheztroy,Twitter,128949.0,7.0,0.0986,969.88,0.0223,2230.0
8917.0,bberry,TikTok,235672.0,2.0,0.0834,194.99,,44892.0
,colestevens,TikTok,873795.0,4.0,0.0986,640.55,0.0481,4181.0
8919.0,andrew24,Instagram,625603.0,2.0,0.0834,356.29,0.0411,36115.0
8920.0,zrivers,Twitter,724105.0,4.0,0.0856,160.84,0.0103,38209.0
8921.0,yangpamela,TikTok,974380.0,5.0,0.102,829.47,0.0381,
8922.0,,Twitter,167544.0,1.0,0.0642,882.09,0.0397,5800.0
8923.0,kenneth67,Twitter,353331.0,7.0,0.0856,816.11,0.0457,26921.0
8924.0,friley,Twitter,101449.0,3.0,0.0834,114.01,0.0297,28610.0
8925.0,murphydebbie,Facebook,324563.0,4.0,0.0986,992.22,0.0219,49920.0
8926.0,gbowman,LinkedIn,887999.0,2.0,0.0856,372.21,0.0419,13774.0
8927.0,kayla25,Instagram,718939.0,7.0,0.102,967.56,0.0262,17413.0
8928.0,ashleyzuniga,Facebook,876210.0,4.0,0.0642,73.0,0.0272,25889.0
8929.0,fkelly,Twitter,939082.0,7.0,0.0642,373.18,0.0492,5991.0
8930.0,kkelly,Facebook,281363.0,7.0,0.0642,507.99,0.0174,32780.0
8931.0,larryperez,Instagram,284509.0,1.0,0.0856,,0.0393,36283.0
8932.0,petersonjerry,Facebook,385926.0,6.0,0.0834,764.67,0.0432,30434.0
8933.0,kathymacias,Twitter,513094.0,5.0,0.0986,661.37,0.0285,49072.0
8934.0,laura55,TikTok,,1.0,0.0642,488.49,0.011,38603.0
8935.0,treynolds,Facebook,336595.0,5.0,0.0986,237.74,0.0287,26263.0
8936.0,plindsey,Twitter,928693.0,2.0,0.0986,439.08,0.0331,25666.0
8937.0,adamthomas,Twitter,322676.0,4.0,0.102,57.23,0.0338,48719.0
8938.0,nicholas61,LinkedIn,758828.0,3.0,0.0642,74.72,0.0487,29844.0
8939.0,wilsonrobert,LinkedIn,140649.0,3.0,0.0642,226.55,0.023,15130.0
8940.0,stephen81,Facebook,830860.0,5.0,0.102,952.28,0.0361,31248.0
8941.0,michael22,TikTok,527753.0,3.0,0.0986,,0.0133,36221.0
8942.0,mitchellpatrick,Twitter,24090.0,6.0,0.0986,767.52,0.0288,28289.0
8943.0,jonathanherman,Instagram,707278.0,2.0,0.0856,413.32,0.0192,3912.0
8944.0,donna02,Instagram,402025.0,1.0,,474.46,0.015,38330.0
8945.0,charleswilliams,Twitter,525847.0,,0.102,195.91,0.0277,48113.0
8946.0,perezbobby,Facebook,922563.0,6.0,,826.39,0.0343,37584.0
8947.0,vincentwang,Twitter,99676.0,,0.0986,919.28,0.0222,45354.0
8948.0,romeroallison,Instagram,580488.0,7.0,0.0856,905.83,0.0402,
8949.0,gonzaleznicholas,Facebook,368266.0,4.0,0.0986,330.78,0.0182,29900.0
8950.0,tlawson,Facebook,992602.0,2.0,0.0834,537.42,,36212.0
8951.0,stephen63,,747246.0,5.0,0.0642,170.85,0.0118,6733.0
8952.0,andrew24,TikTok,370142.0,6.0,0.102,713.9,0.0191,40492.0
8953.0,herbertallen,Facebook,854055.0,5.0,0.0856,643.4,0.0288,16385.0
8954.0,smack,TikTok,635964.0,5.0,0.0856,150.36,0.0458,7326.0
8955.0,vmorales,LinkedIn,,2.0,0.102,139.04,0.0226,47107.0
8956.0,garciaaudrey,Twitter,261162.0,7.0,0.0856,892.99,0.0359,36076.0
8957.0,lisa30,Instagram,313089.0,7.0,0.0986,474.87,0.0427,10103.0
8958.0,jenniferthornton,Twitter,883325.0,4.0,0.0642,572.3,0.0228,3648.0
8959.0,,Instagram,604350.0,6.0,0.0642,285.16,0.0197,2962.0
8960.0,,TikTok,163444.0,7.0,0.0856,,0.012,39616.0
8961.0,wilsonrobert,LinkedIn,454206.0,4.0,0.0834,678.02,0.0457,31886.0
8962.0,colleen63,TikTok,530858.0,1.0,0.0856,457.26,0.0137,8483.0
8963.0,tristanpearson,TikTok,668842.0,2.0,0.0856,221.45,0.0319,
8964.0,vanessa81,LinkedIn,907215.0,5.0,,459.55,0.0163,38077.0
8965.0,sharonmiller,TikTok,190031.0,6.0,0.102,422.04,0.0372,45550.0
8966.0,bakerchristina,Instagram,567042.0,1.0,0.0856,53.62,0.0417,
8967.0,sharris,Facebook,727320.0,6.0,0.0834,375.89,0.0321,1296.0
8968.0,wmercado,Twitter,402359.0,2.0,0.0856,215.08,0.0255,9777.0
8969.0,matthew40,TikTok,445295.0,1.0,0.0834,286.58,0.0468,7393.0
8970.0,wreed,Twitter,250978.0,4.0,0.102,,0.05,25753.0
8971.0,keith55,Twitter,644683.0,1.0,0.0856,443.29,0.049,10168.0
8972.0,mcdonaldnancy,Twitter,94502.0,6.0,0.0642,806.92,0.0393,22528.0
8973.0,corydavis,,213186.0,7.0,0.0834,515.08,0.0244,19785.0
8974.0,evanssteven,Facebook,551259.0,1.0,,121.82,0.0427,36673.0
8975.0,wwatson,LinkedIn,407187.0,1.0,0.0834,369.37,0.0369,46768.0
8976.0,grayrachel,Facebook,707248.0,1.0,0.0834,136.78,,4886.0
8977.0,debbieharris,Twitter,124105.0,1.0,0.0986,175.75,0.035,34907.0
,jmiller,Instagram,858738.0,6.0,0.0986,510.8,0.0164,18556.0
8979.0,shawnallen,,173612.0,7.0,0.102,308.89,0.0189,29792.0
8980.0,ricardo38,LinkedIn,209105.0,6.0,0.0834,327.81,0.0418,28693.0
8981.0,michaelflores,Facebook,549178.0,5.0,0.0986,892.6,0.0354,3942.0
8982.0,nicholasmontgomery,TikTok,469530.0,2.0,0.0856,253.21,0.0213,20383.0
8983.0,voconnor,LinkedIn,229176.0,3.0,0.0856,610.44,0.028,14261.0
8984.0,brett02,Twitter,217634.0,5.0,0.0834,274.15,0.0278,48378.0
8985.0,olopez,Instagram,354003.0,6.0,0.0986,429.58,0.0124,20474.0
8986.0,vincentwang,Facebook,375752.0,5.0,0.0986,955.85,0.0143,36227.0
8987.0,alexandersamuel,TikTok,160895.0,1.0,0.0834,787.7,,45461.0
8988.0,plindsey,Twitter,894257.0,1.0,0.0834,493.64,0.0405,2548.0
8989.0,nathaniel06,TikTok,590766.0,6.0,,360.29,0.0405,
8990.0,lesliepennington,Twitter,371223.0,6.0,0.0986,395.62,0.0205,34431.0
8991.0,wrightaudrey,,214682.0,7.0,,,0.049,4918.0
8992.0,brian11,Facebook,948090.0,1.0,0.0856,612.29,0.0467,12777.0
8993.0,tracistephens,Facebook,105500.0,6.0,0.0986,269.7,0.0321,24936.0
8994.0,christopherbarnes,TikTok,308277.0,7.0,0.0856,892.99,0.0247,43559.0
8995.0,jeffreymcneil,Instagram,698951.0,7.0,0.0856,76.36,0.0246,3878.0
8996.0,dmiller,Twitter,294467.0,4.0,0.0856,376.76,0.016,22750.0
8997.0,patrick62,Facebook,883530.0,,0.102,298.05,0.0247,42894.0
8998.0,toddbryan,LinkedIn,735812.0,5.0,0.0856,528.64,0.0202,28825.0
8999.0,krystal64,LinkedIn,360081.0,5.0,0.0642,735.9,0.032,37394.0
9000.0,fwade,Facebook,110290.0,3.0,0.0834,,0.0424,8136.0
9001.0,flemingrichard,LinkedIn,683665.0,6.0,0.102,541.86,0.0397,10320.0
9002.0,ewilliams,LinkedIn,445808.0,5.0,0.0642,798.55,0.0227,
9003.0,danielanderson,TikTok,808286.0,1.0,0.0856,96.71,0.0214,28349.0
9004.0,qhobbs,Facebook,507948.0,7.0,0.0856,741.79,0.0378,5655.0
9005.0,qsmith,Facebook,290708.0,7.0,0.0986,644.12,0.0115,49998.0
9006.0,jonathanherman,Instagram,748507.0,7.0,0.0856,808.94,0.0323,6458.0
9007.0,lawrencejulie,TikTok,132361.0,4.0,0.0642,516.81,0.0235,14595.0
9008.0,ogarcia,LinkedIn,943437.0,1.0,0.102,919.28,0.0398,20522.0
9009.0,lisa91,Facebook,73069.0,1.0,0.0856,995.79,0.018,10557.0
9010.0,thomas49,TikTok,80394.0,5.0,0.102,511.32,,33917.0
,ulandry,LinkedIn,546350.0,5.0,0.0642,277.4,0.0142,3728.0
9012.0,makaylahall,,991482.0,6.0,0.0834,430.4,0.0285,15208.0
9013.0,,TikTok,451841.0,3.0,0.0856,57.19,0.013,25033.0
9014.0,johnsoncourtney,Facebook,342685.0,3.0,0.0986,194.99,0.0192,10404.0
9015.0,uluna,LinkedIn,720956.0,3.0,0.0856,421.56,0.0202,44514.0
9016.0,lsherman,Instagram,47206.0,6.0,0.0986,696.43,0.0337,
9017.0,graymelinda,Twitter,688385.0,7.0,0.0642,719.56,0.0222,23287.0
9018.0,steven51,LinkedIn,118549.0,3.0,0.0986,862.77,0.0274,33219.0
9019.0,,Twitter,213664.0,,0.0856,862.77,,37013.0
9020.0,,Instagram,885337.0,1.0,0.0986,247.27,0.0205,22104.0
9021.0,kenneth65,LinkedIn,581007.0,4.0,0.0642,375.55,0.0411,
9022.0,vvega,LinkedIn,977760.0,3.0,0.0642,798.55,0.048,40658.0
,mary05,,98276.0,3.0,0.0986,510.8,0.045,28986.0
9024.0,kevingarcia,LinkedIn,517730.0,3.0,0.0986,119.48,0.0163,28794.0
9025.0,gregory84,Twitter,519285.0,6.0,0.0642,374.56,0.0373,4303.0
9026.0,williamcoffey,LinkedIn,72069.0,3.0,0.0986,573.91,0.0411,36546.0
,kellidaniel,TikTok,912006.0,7.0,0.0834,321.35,0.0334,10682.0
9028.0,mhart,Facebook,959373.0,5.0,0.0856,203.52,0.0479,3404.0
9029.0,fwalker,TikTok,,,,755.58,0.0133,36767.0
9030.0,mark69,Facebook,407319.0,2.0,0.0856,,0.0397,43141.0
9031.0,keithkeith,Facebook,962071.0,2.0,0.0986,53.62,0.04,4728.0
9032.0,iorozco,Facebook,819463.0,1.0,0.0986,358.78,0.0165,25747.0
9033.0,michael40,Twitter,805701.0,4.0,,269.7,0.0497,14584.0
9034.0,tylermartin,LinkedIn,,3.0,0.0986,,0.0137,5490.0
9035.0,snicholson,,929506.0,4.0,0.0856,370.12,,25822.0
9036.0,justin62,Instagram,770873.0,1.0,0.0856,526.7,0.031,19516.0
9037.0,ronnieperry,TikTok,397072.0,2.0,0.102,,0.0283,25615.0
9038.0,larryperez,LinkedIn,605385.0,1.0,0.0856,160.86,,38948.0
9039.0,racheldodson,Twitter,160482.0,2.0,0.0834,196.71,0.0285,9786.0
9040.0,katieking,LinkedIn,931267.0,1.0,0.0642,504.44,0.0475,9380.0
9041.0,nicholas41,TikTok,592829.0,1.0,0.102,284.36,0.0175,43762.0
9042.0,mosleymark,Twitter,31604.0,4.0,0.0834,68.93,0.0302,32223.0
9043.0,gacosta,Instagram,117075.0,6.0,0.0834,885.8,0.0188,31448.0
9044.0,luislove,TikTok,907285.0,2.0,0.0986,677.17,0.0319,29857.0
9045.0,barneszachary,TikTok,24330.0,6.0,0.0642,587.97,0.0415,
9046.0,sriley,Facebook,561654.0,3.0,0.0642,360.29,0.0294,21152.0
9047.0,allisonpatterson,Facebook,563411.0,2.0,0.0834,763.66,0.0444,15756.0
9048.0,wongyesenia,Instagram,316846.0,3.0,0.0834,204.59,0.0227,38023.0
9049.0,vliu,LinkedIn,133227.0,1.0,0.102,548.59,0.0397,17297.0
9050.0,,Twitter,,5.0,0.0986,,0.0436,1020.0
,,TikTok,543279.0,3.0,0.0856,369.37,0.0423,33408.0
,randallmichael,Facebook,105542.0,4.0,0.0986,96.71,0.0417,43868.0
9053.0,williamcoffey,Facebook,929465.0,6.0,0.0642,630.97,0.0233,7867.0
9054.0,baileykerry,LinkedIn,672115.0,2.0,0.0986,497.29,0.0344,44581.0
9055.0,justin99,Instagram,474793.0,2.0,0.0642,85.08,,41735.0
9056.0,xcruz,Twitter,976026.0,2.0,0.102,888.13,0.0309,41154.0
9057.0,zbriggs,Instagram,877834.0,1.0,0.102,794.46,0.0363,9038.0
9058.0,william00,LinkedIn,736872.0,4.0,0.0856,712.81,0.0246,2862.0
9059.0,michael16,Facebook,688249.0,3.0,0.0642,397.29,0.0172,8877.0
9060.0,kevin80,LinkedIn,452287.0,,0.102,505.61,0.0168,
9061.0,travis06,Instagram,358531.0,5.0,0.102,135.84,0.0314,3297.0
9062.0,stephanievasquez,LinkedIn,662131.0,3.0,0.0986,973.44,0.0456,37703.0
9063.0,mary32,Instagram,299577.0,6.0,0.0856,214.7,0.0143,42685.0
9064.0,calebramsey,Facebook,632955.0,6.0,0.0834,430.92,0.0231,21256.0
9065.0,victoria05,Facebook,853044.0,2.0,0.0834,297.39,0.0496,27868.0
9066.0,taylorcooper,LinkedIn,398785.0,4.0,0.0986,569.7,0.0161,
9067.0,tmarquez,Facebook,500404.0,4.0,0.102,948.58,0.0189,34505.0
9068.0,,Instagram,755822.0,5.0,0.0642,84.87,0.0329,13120.0
9069.0,kevin80,Twitter,860781.0,1.0,0.102,822.81,0.0103,47364.0
9070.0,,Facebook,596269.0,6.0,0.0986,360.29,0.0166,12523.0
9071.0,ladams,Facebook,453217.0,1.0,0.0834,804.4,,10262.0
9072.0,brett02,Twitter,485518.0,5.0,0.0856,473.76,0.043,14672.0
9073.0,amandahenry,LinkedIn,49177.0,6.0,0.0642,358.78,0.0354,49714.0
9074.0,dmartin,LinkedIn,945472.0,1.0,0.0642,712.81,0.0144,28960.0
9075.0,,TikTok,730433.0,7.0,0.102,727.33,0.0237,43958.0
9076.0,billpage,Instagram,526479.0,3.0,0.102,141.99,0.0479,26251.0
9077.0,irice,Facebook,22509.0,3.0,0.0642,,0.0352,9519.0
9078.0,micheleshaw,LinkedIn,744312.0,3.0,0.0642,762.66,0.0187,
9079.0,brandoncooper,Twitter,146236.0,1.0,0.0856,238.74,0.0261,43381.0
9080.0,lopezsusan,,163301.0,1.0,0.0986,97.88,0.0276,4389.0
9081.0,juliepayne,LinkedIn,439480.0,3.0,0.102,682.99,0.0258,2860.0
9082.0,ewilliams,TikTok,925994.0,3.0,0.0856,516.5,0.0348,30101.0
9083.0,monroedavid,Facebook,,5.0,,62.71,0.0295,7574.0
9084.0,zwhite,Instagram,988358.0,6.0,0.102,,0.0488,
9085.0,marycrawford,TikTok,840899.0,3.0,0.0986,811.74,0.0274,
9086.0,rachelfisher,Instagram,49645.0,3.0,0.102,121.82,0.011,4998.0
9087.0,tshaw,LinkedIn,272994.0,3.0,0.0834,993.14,0.0381,29982.0
9088.0,millerjill,Twitter,147203.0,4.0,0.0986,845.29,0.0175,4699.0
9089.0,sharondillon,Instagram,400520.0,6.0,0.102,176.0,0.0331,42803.0
9090.0,tmarquez,TikTok,931474.0,1.0,0.0986,969.09,0.0329,6205.0
9091.0,melendezpamela,Twitter,916699.0,3.0,0.0986,960.27,0.0419,17038.0
9092.0,danny18,Instagram,388572.0,2.0,0.0834,789.28,0.0142,31598.0
9093.0,perryrichard,Instagram,468325.0,4.0,0.0642,611.1,0.0215,29206.0
9094.0,zjones,TikTok,664722.0,3.0,0.102,103.1,,12180.0
9095.0,qthompson,Twitter,616104.0,4.0,0.0642,578.0,0.0215,10198.0
9096.0,petersonjerry,LinkedIn,,3.0,0.0856,584.95,0.0242,21850.0
9097.0,mary32,TikTok,179365.0,3.0,0.0986,697.11,0.028,24878.0
9098.0,michael16,Facebook,,6.0,0.0642,250.33,0.0496,37903.0
9099.0,nturner,Facebook,962022.0,2.0,0.102,965.17,0.0392,32597.0
9100.0,morgan06,TikTok,545501.0,5.0,0.0856,104.69,0.0152,40912.0
9101.0,robertsjennifer,Instagram,656058.0,3.0,0.0986,387.68,0.0227,49185.0
9102.0,elizabeth86,LinkedIn,480432.0,4.0,0.0642,730.24,0.0161,
9103.0,whunt,TikTok,372683.0,6.0,0.102,287.49,0.0452,37060.0
9104.0,stevensondesiree,TikTok,910688.0,7.0,0.0986,841.85,0.047,19828.0
,benjamingutierrez,Twitter,199547.0,,0.102,114.01,0.0137,21238.0
9106.0,peter15,Facebook,700073.0,6.0,0.0856,84.87,0.0463,44935.0
9107.0,laurendurham,Facebook,832558.0,5.0,0.0642,397.29,0.0451,40271.0
9108.0,grayrachel,Twitter,647848.0,2.0,0.0986,115.57,0.0499,1574.0
9109.0,jacksonsuzanne,LinkedIn,657101.0,2.0,0.0642,756.77,0.023,11759.0
9110.0,jeffreysalazar,Instagram,540708.0,,0.0856,868.22,0.0304,43910.0
9111.0,kstewart,TikTok,283903.0,2.0,0.0834,641.6,0.0219,21954.0
9112.0,james94,Facebook,395623.0,2.0,0.102,81.9,0.0183,45499.0
9113.0,michaelflores,,179588.0,2.0,0.0834,903.94,0.0143,19498.0
9114.0,tprice,Instagram,86043.0,,0.102,238.74,0.0279,26773.0
9115.0,mikaylataylor,Instagram,,6.0,0.0834,975.52,0.0201,26305.0
9116.0,jesse39,LinkedIn,601701.0,5.0,,764.67,0.0231,31714.0
9117.0,tiffany85,LinkedIn,124037.0,5.0,0.0856,715.37,0.0145,25667.0
9118.0,benjamin31,,741863.0,1.0,,526.7,0.0331,44962.0
9119.0,petersonjerry,LinkedIn,359110.0,2.0,,651.28,0.0171,5647.0
9120.0,jonathanreynolds,Twitter,683218.0,1.0,0.0986,508.6,0.014,13032.0
9121.0,evanscarrie,Facebook,291822.0,1.0,0.0986,367.45,0.0312,14055.0
9122.0,jennifer53,Twitter,338621.0,1.0,0.0856,952.79,0.0176,31516.0
9123.0,,TikTok,692171.0,3.0,,741.67,0.0225,34975.0
9124.0,garymoore,,,1.0,0.0986,636.6,0.0158,16469.0
9125.0,daltonmichael,LinkedIn,800827.0,5.0,0.0856,259.06,0.0153,13931.0
,gsharp,Instagram,308936.0,3.0,0.0642,236.48,0.0283,2681.0
9127.0,davisbrenda,Twitter,1927.0,6.0,0.0986,775.97,0.0107,41193.0
9128.0,larry14,Instagram,130002.0,4.0,0.0642,228.19,0.0233,29238.0
9129.0,jjones,LinkedIn,917693.0,6.0,0.102,826.39,0.0269,37950.0
9130.0,xzavala,Twitter,619500.0,1.0,0.0642,200.82,0.0401,47527.0
,brenda00,Twitter,611835.0,4.0,0.0642,147.17,0.0277,6459.0
9132.0,,Twitter,811323.0,4.0,0.0856,569.7,0.0313,42639.0
9133.0,cassandra28,Twitter,,5.0,0.0856,170.85,0.0293,15557.0
9134.0,besparza,Instagram,521577.0,5.0,0.0856,973.57,,47874.0
9135.0,lsherman,TikTok,14504.0,6.0,0.102,960.27,0.0222,42565.0
9136.0,katieking,LinkedIn,323941.0,,0.0986,931.61,0.0143,37107.0
9137.0,jmcgee,Twitter,21672.0,6.0,0.0642,333.93,0.0418,31376.0
9138.0,kdavis,Twitter,,1.0,0.102,799.49,0.026,8976.0
9139.0,dmiller,LinkedIn,803138.0,4.0,0.102,422.61,0.0465,24011.0
9140.0,ujones,Twitter,750392.0,1.0,0.0986,,0.0343,39638.0
9141.0,,Facebook,501071.0,7.0,0.0642,897.3,0.019,15293.0
9142.0,patricia15,TikTok,267650.0,5.0,0.0986,676.94,0.0437,19214.0
9143.0,,Facebook,662895.0,2.0,,266.98,0.0122,13196.0
9144.0,lisa32,TikTok,60721.0,3.0,0.0834,420.51,0.0454,18815.0
,kellie00,TikTok,457592.0,7.0,,961.97,0.0417,19998.0
9146.0,samantha64,TikTok,404899.0,2.0,,473.76,0.0134,38849.0
9147.0,jennifer98,,,6.0,0.102,427.57,0.0201,15941.0
9148.0,twagner,TikTok,,2.0,0.102,182.75,0.0459,46754.0
9149.0,wendylee,Facebook,671665.0,1.0,0.102,797.64,0.0349,10985.0
9150.0,davismichael,Twitter,104879.0,3.0,,777.68,0.021,5337.0
9151.0,,LinkedIn,592069.0,3.0,0.0642,176.47,0.0276,22025.0
9152.0,caitlin54,,693376.0,7.0,0.0856,340.68,0.0189,4308.0
9153.0,ryan83,Twitter,110991.0,3.0,0.0834,225.29,0.0238,29761.0
9154.0,dmanning,LinkedIn,,6.0,0.0834,682.99,0.0342,4878.0
9155.0,blakebell,Instagram,789787.0,2.0,0.0856,170.85,0.0378,28892.0
9156.0,,Twitter,121262.0,2.0,0.0986,136.29,0.0264,31200.0
9157.0,thomassherri,TikTok,640764.0,4.0,0.0856,597.33,0.0223,16929.0
9158.0,awilkins,LinkedIn,791823.0,5.0,0.0986,869.5,0.0251,31167.0
9159.0,patricia15,LinkedIn,221376.0,4.0,0.102,681.75,0.015,28986.0
9160.0,lsaunders,LinkedIn,103763.0,5.0,0.102,672.02,,9035.0
9161.0,qthomas,Twitter,4865.0,3.0,0.0642,651.68,0.0364,39672.0
9162.0,robinparsons,LinkedIn,108791.0,4.0,0.0642,135.73,0.0483,46864.0
9163.0,timothyrandall,Twitter,907381.0,3.0,0.102,587.97,0.0125,17607.0
9164.0,melendezpamela,LinkedIn,365439.0,2.0,0.0986,332.66,0.0448,30690.0
9165.0,jonathanreynolds,TikTok,617162.0,1.0,0.0834,733.6,0.0198,33546.0
9166.0,erikthomas,Facebook,340002.0,5.0,0.0856,936.37,0.0453,3990.0
9167.0,michael22,Twitter,728892.0,2.0,0.0986,689.23,0.0223,28352.0
9168.0,lesliepennington,Twitter,425727.0,6.0,0.0856,,0.0467,36511.0
9169.0,michael16,Facebook,293508.0,5.0,,682.47,0.0303,5654.0
9170.0,jonathanjones,Facebook,418753.0,4.0,0.0642,148.04,0.0398,17105.0
9171.0,alexis09,LinkedIn,758597.0,2.0,0.102,277.01,,43429.0
9172.0,pbarrett,LinkedIn,483178.0,4.0,0.0834,208.78,0.0152,34130.0
9173.0,mfreeman,LinkedIn,313583.0,2.0,0.0642,836.59,,41976.0
9174.0,calebramsey,Facebook,764098.0,5.0,0.102,852.45,0.0148,34986.0
9175.0,adam31,LinkedIn,745915.0,2.0,0.0642,211.61,0.0428,26822.0
9176.0,sparksshane,Twitter,147158.0,1.0,0.0986,573.91,0.0226,1910.0
9177.0,jonathanherman,Facebook,268572.0,7.0,0.0856,787.03,0.0181,12698.0
9178.0,manuel94,LinkedIn,184965.0,1.0,0.102,669.64,0.0276,43332.0
9179.0,ireyes,Instagram,86423.0,3.0,0.0834,678.02,0.0405,36041.0
9180.0,samantha64,Instagram,,7.0,0.0834,215.04,0.039,12604.0
9181.0,wrightnorman,LinkedIn,13715.0,,0.102,244.21,0.0131,6762.0
9182.0,wmercado,TikTok,651838.0,6.0,0.0834,557.76,,9896.0
9183.0,mackenziedaniels,LinkedIn,225527.0,3.0,0.0986,695.81,0.011,19858.0
9184.0,kdavis,Twitter,695485.0,5.0,0.102,517.59,0.0287,14636.0
,canderson,LinkedIn,17900.0,3.0,0.102,925.27,0.019,8675.0
9186.0,,Instagram,250348.0,,0.102,130.29,0.0464,16861.0
,calhounrenee,,504187.0,2.0,0.0642,423.76,0.0123,42589.0
9188.0,patricknoble,LinkedIn,318035.0,4.0,,787.03,,22134.0
9189.0,treynolds,Facebook,286320.0,6.0,0.0856,430.4,0.0343,13695.0
9190.0,bhamilton,TikTok,98269.0,3.0,0.0986,208.07,0.0235,15083.0
9191.0,xgarcia,Twitter,348261.0,5.0,0.0856,596.52,0.0372,37253.0
9192.0,brian16,TikTok,192621.0,4.0,,53.32,0.0304,29918.0
9193.0,christopherknox,Instagram,662186.0,3.0,0.0986,917.31,0.044,17344.0
9194.0,michaellopez,Facebook,883978.0,7.0,0.0642,834.49,0.0468,18274.0
9195.0,katherinechristian,Instagram,432547.0,6.0,0.0856,124.95,0.0138,16966.0
9196.0,parkerluke,Facebook,,5.0,0.0986,791.29,0.0179,47425.0
9197.0,kaitlyn63,Facebook,255887.0,6.0,0.102,99.67,0.0207,35990.0
9198.0,beth19,Twitter,138425.0,1.0,0.102,278.81,0.0331,
9199.0,,,423974.0,1.0,0.0834,694.21,0.0229,44219.0
9200.0,millerjill,Twitter,976419.0,5.0,0.0834,916.1,0.0106,2159.0
9201.0,toddkenneth,Twitter,887392.0,2.0,0.0834,557.81,0.0172,42028.0
9202.0,georgeconnie,LinkedIn,724507.0,4.0,0.0834,430.92,0.0262,
9203.0,donna02,Instagram,384855.0,3.0,0.0834,962.84,0.0166,23748.0
9204.0,,TikTok,873000.0,6.0,0.0834,121.82,0.024,32230.0
9205.0,xdavis,LinkedIn,83530.0,5.0,0.0642,557.81,0.0497,45051.0
9206.0,ogarcia,Twitter,808544.0,,0.0856,75.54,0.0406,39785.0
9207.0,lrusso,Instagram,351596.0,5.0,0.102,797.64,0.0493,42280.0
9208.0,,TikTok,915664.0,1.0,0.0642,181.32,0.035,11903.0
9209.0,ujones,TikTok,609212.0,2.0,0.102,105.12,0.0402,34101.0
9210.0,kimryan,TikTok,735463.0,7.0,0.102,779.45,0.0192,2496.0
9211.0,carlosrivera,TikTok,106510.0,6.0,0.102,502.29,0.0322,47222.0
9212.0,ewilliams,TikTok,260039.0,1.0,0.0642,623.81,0.0393,41037.0
9213.0,fwalker,,312197.0,5.0,0.0642,682.58,0.0149,34191.0
9214.0,michaellee,LinkedIn,595990.0,7.0,0.0856,616.12,0.0343,31011.0
9215.0,wongyesenia,Facebook,69048.0,4.0,0.0642,216.91,0.043,33513.0
9216.0,megan48,TikTok,130586.0,2.0,0.0856,,0.0159,5154.0
9217.0,carlosrivera,Twitter,739176.0,2.0,0.0986,517.59,0.0252,43315.0
9218.0,eugene39,TikTok,279849.0,4.0,0.0856,537.16,0.0258,26974.0
9219.0,ryanchambers,Instagram,582215.0,1.0,0.102,756.25,0.0154,16783.0
9220.0,andre58,Twitter,386669.0,1.0,0.0834,551.17,0.0158,32345.0
9221.0,hardyjames,Twitter,390138.0,1.0,,411.63,0.0392,26700.0
,tlee,LinkedIn,445997.0,5.0,0.0856,969.88,0.0425,13565.0
9223.0,uzhang,,721251.0,,0.102,57.23,,18739.0
9224.0,ellenmitchell,LinkedIn,152437.0,4.0,,913.87,0.0411,1220.0
9225.0,medinanatalie,TikTok,374562.0,,0.0856,269.7,0.0191,22766.0
9226.0,,TikTok,891937.0,6.0,0.0986,878.87,0.0102,43688.0
,fowlermichael,Twitter,319660.0,6.0,0.0642,693.78,0.0164,12057.0
9228.0,kevin80,Twitter,396715.0,2.0,0.0986,115.57,0.0304,22654.0
,besparza,Instagram,57296.0,6.0,0.0986,539.69,0.05,11265.0
9230.0,evanscarrie,Facebook,4721.0,5.0,0.102,938.98,0.0216,17486.0
9231.0,elizabethcombs,Facebook,533511.0,6.0,0.0834,682.58,,14973.0
9232.0,jonathan39,TikTok,937076.0,1.0,0.0986,244.21,0.0371,34344.0
9233.0,ftrevino,Twitter,,4.0,0.102,120.74,0.0242,26108.0
9234.0,nperez,Twitter,84603.0,7.0,0.102,955.85,0.0353,
9235.0,mosleymark,Facebook,85730.0,1.0,0.0986,266.98,0.0264,2029.0
9236.0,mccoykaren,Facebook,,5.0,0.0834,439.08,0.0416,31600.0
9237.0,rmyers,TikTok,816290.0,2.0,0.102,578.63,0.0249,19865.0
9238.0,brenda85,TikTok,892604.0,3.0,0.102,799.04,0.011,14279.0
9239.0,johnhawkins,Facebook,158594.0,6.0,0.0986,887.03,0.0255,29624.0
9240.0,gmeyer,TikTok,771803.0,3.0,,528.64,0.0175,35916.0
9241.0,nicole57,LinkedIn,67465.0,,0.0856,200.82,0.0348,3228.0
9242.0,michael30,TikTok,55370.0,2.0,0.0856,446.68,0.0353,19602.0
9243.0,edwardschristina,LinkedIn,445468.0,5.0,0.0986,397.7,0.0473,32091.0
9244.0,hwashington,Twitter,144527.0,5.0,,829.47,0.0191,12915.0
9245.0,lisaallen,Facebook,793743.0,2.0,0.102,497.57,0.0376,33647.0
9246.0,amanda19,Instagram,176465.0,2.0,0.0856,729.55,0.0106,2359.0
9247.0,michellemcdaniel,Instagram,78244.0,3.0,0.0856,,0.022,23813.0
9248.0,eriknelson,Facebook,652632.0,3.0,0.0856,497.29,0.041,
9249.0,jasonmiller,LinkedIn,927708.0,3.0,0.0856,,0.025,43780.0
9250.0,bclark,,982002.0,4.0,0.0834,928.28,0.0406,19911.0
9251.0,patrick36,Twitter,539662.0,3.0,0.0642,816.11,0.0221,37955.0
9252.0,molinaisaac,Facebook,51089.0,3.0,0.0834,804.4,0.0214,10982.0
9253.0,jennifercummings,TikTok,255822.0,5.0,0.0986,376.23,0.0427,38327.0
9254.0,evanscarrie,Twitter,319802.0,2.0,0.0856,265.18,0.0379,32510.0
9255.0,cboyd,,231856.0,3.0,,162.16,0.0118,19295.0
9256.0,kevin83,Twitter,729097.0,1.0,0.0856,365.32,0.0384,5441.0
9257.0,williamcoffey,TikTok,157037.0,5.0,0.0642,919.28,,30255.0
9258.0,ahayes,LinkedIn,891523.0,5.0,0.0986,754.87,0.0297,18998.0
9259.0,,TikTok,604019.0,5.0,0.102,893.81,0.041,1080.0
9260.0,jacksonsuzanne,Facebook,537566.0,4.0,0.0856,196.71,0.0108,9874.0
9261.0,alicechavez,Twitter,872442.0,2.0,0.0986,667.59,0.0244,2390.0
,dmiller,Twitter,835352.0,7.0,0.0986,154.35,0.0196,25601.0
9263.0,romeroallison,Facebook,471234.0,5.0,,432.65,0.0428,32865.0
9264.0,kjohns,TikTok,820035.0,3.0,0.102,334.54,0.0104,17596.0
9265.0,perezbobby,TikTok,365354.0,5.0,0.0986,,0.0196,1549.0
9266.0,brandoncooper,LinkedIn,475018.0,2.0,0.0642,99.67,0.0266,10950.0
9267.0,,LinkedIn,195442.0,1.0,0.102,985.46,0.0238,26137.0
9268.0,allen72,TikTok,588956.0,1.0,0.0856,137.36,0.0398,4731.0
9269.0,johnwilson,Instagram,410182.0,1.0,0.0986,136.29,0.014,46031.0
9270.0,eric65,Instagram,16155.0,,0.102,965.17,0.0261,25110.0
9271.0,brian17,Facebook,927037.0,2.0,0.0856,715.11,0.0286,38533.0
9272.0,jennifer53,Instagram,531243.0,5.0,0.0986,423.76,0.0384,4935.0
9273.0,beth19,TikTok,395134.0,1.0,0.0856,334.54,0.0193,20636.0
9274.0,barbara57,Instagram,886207.0,3.0,0.0986,353.04,,31552.0
,alexis09,LinkedIn,,1.0,0.0834,637.73,0.0165,44699.0
9276.0,jonesangela,Instagram,624772.0,6.0,0.0986,919.28,0.0247,45360.0
9277.0,ntodd,TikTok,898920.0,6.0,0.0986,840.87,0.0304,40562.0
9278.0,nblake,TikTok,616932.0,5.0,0.0834,985.46,0.0198,21376.0
9279.0,thomasjonathan,,669640.0,1.0,0.0856,230.6,0.0247,47718.0
9280.0,wmaxwell,Twitter,793927.0,5.0,0.0986,829.47,0.0143,40253.0
9281.0,jamescohen,Facebook,903404.0,6.0,0.0834,120.74,0.0151,28165.0
9282.0,andre58,TikTok,852087.0,1.0,,247.27,0.0115,27158.0
9283.0,joe98,Instagram,927376.0,6.0,0.0986,286.58,0.015,14817.0
9284.0,mary05,LinkedIn,923207.0,5.0,0.0856,77.54,0.0404,30862.0
9285.0,garrettelizabeth,Instagram,804899.0,1.0,0.0856,379.97,0.0499,49446.0
9286.0,paul06,Facebook,865004.0,1.0,0.0986,268.92,0.0405,38151.0
9287.0,,LinkedIn,861356.0,7.0,0.0642,965.45,0.0119,10896.0
9288.0,claudiaferrell,TikTok,,4.0,0.0856,630.47,,42502.0
9289.0,qramos,Facebook,334826.0,4.0,0.0856,264.98,0.0402,6174.0
9290.0,williamwyatt,Facebook,213230.0,,0.0986,296.14,0.0182,20281.0
9291.0,crystalsharp,LinkedIn,997551.0,6.0,0.0986,498.58,0.0283,20740.0
9292.0,ptorres,Facebook,636628.0,1.0,0.0834,57.19,0.0192,20297.0
9293.0,elizabethelliott,LinkedIn,313967.0,6.0,0.0986,576.61,0.0174,37445.0
9294.0,,,399531.0,5.0,0.102,667.59,0.0454,9071.0
9295.0,jbonilla,,678720.0,3.0,0.0986,895.84,,12982.0
9296.0,corymann,Twitter,412314.0,1.0,0.0986,522.77,0.0364,23381.0
9297.0,jmiller,LinkedIn,,7.0,0.102,244.21,0.0211,10014.0
9298.0,kevin83,Facebook,519978.0,6.0,0.0986,57.19,0.048,28517.0
9299.0,bradleyfox,Facebook,878511.0,1.0,0.102,469.53,0.0247,34416.0
9300.0,stevensondesiree,Twitter,621389.0,6.0,0.0856,383.19,0.0341,46381.0
9301.0,trobinson,Facebook,,7.0,0.0856,139.9,0.0112,22300.0
9302.0,lauragarcia,TikTok,119414.0,3.0,0.102,129.94,0.0405,47624.0
9303.0,trobinson,Facebook,770115.0,1.0,0.102,53.62,0.0362,18084.0
9304.0,ashley37,Facebook,512175.0,1.0,,895.84,0.0391,34028.0
9305.0,smithmatthew,TikTok,282754.0,6.0,0.0856,526.7,0.0247,26436.0
,allisonpatterson,LinkedIn,256371.0,2.0,0.0856,452.19,0.0155,47798.0
9307.0,michaelpatrick,Twitter,990034.0,1.0,0.0856,507.39,0.0448,22737.0
9308.0,kristy65,LinkedIn,,6.0,0.0856,899.76,0.0174,48366.0
9309.0,byrdsamantha,TikTok,2763.0,2.0,0.0834,644.12,0.0499,15855.0
9310.0,,TikTok,638447.0,5.0,0.0986,120.74,0.0273,10180.0
9311.0,nicole57,Facebook,864757.0,3.0,0.0986,283.03,0.0192,33409.0
9312.0,erikthomas,Facebook,560592.0,4.0,0.102,82.92,0.0439,38513.0
9313.0,masonjames,Instagram,365724.0,6.0,0.0834,259.06,0.0201,35662.0
9314.0,ljensen,LinkedIn,743749.0,2.0,0.0834,774.51,0.0258,18823.0
9315.0,mcurtis,Instagram,337094.0,2.0,0.102,529.18,0.0174,20981.0
9316.0,peter15,Instagram,,6.0,0.0986,428.98,0.0122,42660.0
9317.0,,LinkedIn,,2.0,0.0642,630.47,0.0245,10084.0
9318.0,armstrongjuan,LinkedIn,371989.0,7.0,0.0834,608.81,0.0213,24737.0
,ftrevino,Facebook,888176.0,5.0,0.102,703.39,0.0313,28552.0
9320.0,baileykerry,Facebook,355857.0,3.0,0.0642,969.81,0.0227,34852.0
9321.0,ireyes,Twitter,668009.0,5.0,0.0834,565.07,0.0274,48604.0
9322.0,belinda51,Twitter,111778.0,7.0,0.102,651.18,0.0486,16284.0
9323.0,ujones,,742234.0,6.0,0.102,516.81,0.0483,7197.0
,ogarcia,Facebook,683540.0,5.0,0.0834,468.93,0.0244,1890.0
9325.0,ysmith,LinkedIn,261079.0,4.0,0.102,801.17,0.0113,6692.0
9326.0,sarahowen,,292465.0,,0.0642,432.08,0.0276,35613.0
9327.0,zrivers,Twitter,714541.0,7.0,0.102,303.16,0.0269,13961.0
9328.0,qcannon,Twitter,912433.0,1.0,0.102,350.68,0.0164,48328.0
9329.0,tyler31,Twitter,124675.0,5.0,0.0834,761.22,0.0144,21013.0
9330.0,eriknelson,TikTok,152482.0,6.0,0.0856,511.76,,2955.0
9331.0,besparza,Twitter,649379.0,5.0,0.0642,274.72,,
9332.0,kimberly47,TikTok,390390.0,1.0,0.0986,361.15,0.041,15276.0
9333.0,james60,TikTok,153641.0,5.0,0.0642,212.36,0.0294,1634.0
9334.0,qcannon,LinkedIn,523962.0,1.0,0.0834,62.71,0.0344,29667.0
9335.0,garciaaudrey,Facebook,3615.0,1.0,0.0986,254.87,0.0126,21389.0
9336.0,alexandermckenzie,Instagram,236541.0,5.0,0.0856,797.64,0.0488,44848.0
9337.0,ewilliams,Twitter,656230.0,5.0,0.0986,989.55,0.0266,1309.0
9338.0,schmittjason,Facebook,648054.0,3.0,0.0642,916.32,0.0416,13854.0
9339.0,dmartin,Twitter,604107.0,5.0,0.0834,,0.0419,7570.0
,deandawn,LinkedIn,115759.0,4.0,0.0986,396.53,0.0137,32426.0
9341.0,fshaw,Facebook,467850.0,4.0,0.102,233.02,0.0417,5241.0
9342.0,shannon54,TikTok,628869.0,6.0,0.0642,774.51,0.0301,8298.0
,susanbrown,LinkedIn,632264.0,2.0,0.0856,572.98,0.0439,29857.0
9344.0,barneszachary,LinkedIn,706381.0,3.0,0.0642,926.81,0.0213,19969.0
9345.0,stephanievasquez,Instagram,237328.0,3.0,0.0642,321.35,0.0483,35209.0
9346.0,peggymunoz,Instagram,954563.0,4.0,0.0834,175.75,0.0344,7407.0
9347.0,bberry,Twitter,625147.0,4.0,0.0834,115.57,0.015,21972.0
9348.0,fduffy,LinkedIn,380345.0,1.0,0.0986,785.27,0.0381,
9349.0,angelsmith,TikTok,221122.0,5.0,0.0986,787.99,0.0286,20814.0
9350.0,,Facebook,411578.0,3.0,,129.24,0.0241,6118.0
9351.0,fduffy,Twitter,986925.0,6.0,0.0856,516.15,0.0247,25488.0
9352.0,hayespamela,TikTok,482392.0,5.0,0.0986,561.63,0.0343,24544.0
9353.0,kstewart,Twitter,777773.0,5.0,0.0856,428.86,0.0354,47463.0
9354.0,ggonzales,Facebook,138470.0,6.0,0.102,935.93,0.0285,17219.0
9355.0,adunn,TikTok,311748.0,3.0,0.0834,761.22,0.0119,19964.0
9356.0,ellenmitchell,LinkedIn,832631.0,7.0,0.0642,395.62,0.0477,12745.0
9357.0,larryperez,Facebook,995118.0,4.0,0.0856,170.85,0.0195,39635.0
9358.0,hardyjames,LinkedIn,376649.0,5.0,0.102,83.53,0.0457,26456.0
9359.0,uluna,Facebook,368276.0,5.0,0.102,603.08,0.0348,21247.0
9360.0,gacosta,LinkedIn,467457.0,5.0,0.0834,890.31,0.0447,
9361.0,andrew08,TikTok,9810.0,2.0,0.102,340.95,,42137.0
9362.0,nperez,Facebook,315057.0,4.0,0.0642,795.29,0.0237,28270.0
9363.0,gonzalezjulie,Instagram,689170.0,3.0,,380.39,0.0475,
9364.0,jesse39,Twitter,983692.0,4.0,0.102,408.67,0.0184,45514.0
9365.0,barbara57,Twitter,241274.0,3.0,0.0986,274.55,0.0402,42944.0
9366.0,johnsonkelly,Instagram,613744.0,5.0,0.0986,528.03,0.0306,48840.0
,matthew70,Instagram,99654.0,4.0,0.0986,909.29,0.0398,24453.0
9368.0,fshaw,LinkedIn,271697.0,7.0,0.0834,511.43,0.0486,43780.0
9369.0,tiffanyferrell,Instagram,532469.0,1.0,0.0986,742.39,0.0454,6796.0
9370.0,ryanchambers,TikTok,448669.0,7.0,0.0856,310.39,0.0113,13531.0
9371.0,joshua55,LinkedIn,487688.0,3.0,,190.5,0.0171,32498.0
9372.0,elizabeth86,Twitter,667839.0,3.0,0.102,926.97,0.0128,23044.0
9373.0,,Instagram,484721.0,5.0,0.102,284.36,0.0373,
9374.0,johnsoncourtney,Facebook,363211.0,3.0,0.0834,291.47,0.0418,6150.0
9375.0,fwade,LinkedIn,542105.0,2.0,0.0986,218.75,0.0213,43712.0
9376.0,davisbrenda,Twitter,415510.0,7.0,0.0834,541.86,0.038,30580.0
9377.0,cynthia04,Instagram,596113.0,1.0,0.0856,375.89,0.0425,19712.0
9378.0,treynolds,LinkedIn,819952.0,5.0,0.0834,385.8,0.0376,
9379.0,ashley37,Instagram,786105.0,3.0,0.0986,972.33,0.0485,18232.0
9380.0,,LinkedIn,706748.0,7.0,0.0642,965.17,0.0178,43663.0
9381.0,robinparsons,TikTok,923991.0,3.0,0.102,263.63,0.023,40622.0
9382.0,lisa32,Facebook,831136.0,5.0,0.0642,557.81,0.0161,38013.0
9383.0,edwardthomas,Twitter,284276.0,1.0,0.0986,853.64,0.0391,49519.0
9384.0,michaelflores,Instagram,180899.0,2.0,0.102,637.48,0.0498,33111.0
9385.0,davismichael,Facebook,178793.0,7.0,0.0834,208.07,0.0425,43651.0
9386.0,shermanjoshua,Twitter,730155.0,7.0,0.0834,540.64,,14151.0
9387.0,thomasjonathan,TikTok,635023.0,1.0,0.0986,847.14,0.0277,5909.0
9388.0,bethgrimes,Facebook,154794.0,1.0,0.0642,379.97,0.0493,24236.0
9389.0,,Facebook,954592.0,4.0,0.0642,177.41,0.0301,28651.0
9390.0,ewilliams,Facebook,351158.0,5.0,0.0856,317.31,0.0102,18160.0
9391.0,dmiller,Facebook,145462.0,6.0,0.0856,386.94,0.023,9875.0
9392.0,jay23,TikTok,777304.0,3.0,0.0834,497.57,0.0275,18691.0
9393.0,davidanderson,Instagram,557752.0,7.0,0.0834,982.66,0.0275,14703.0
9394.0,christianamy,TikTok,845070.0,3.0,0.0834,136.15,0.0154,11564.0
9395.0,paularios,LinkedIn,275527.0,2.0,0.0986,966.01,0.0343,24152.0
9396.0,andrew53,Facebook,725722.0,2.0,0.0986,984.35,0.0313,40532.0
9397.0,henrydominique,Facebook,803356.0,2.0,0.0642,577.15,0.013,13606.0
9398.0,ruizguy,Facebook,711403.0,,0.0856,836.59,0.0163,45820.0
9399.0,mckenzieadam,TikTok,700758.0,4.0,0.0642,213.67,0.0227,5523.0
9400.0,llopez,LinkedIn,225695.0,4.0,0.0986,384.1,0.0152,25046.0
9401.0,sarah70,Instagram,323061.0,1.0,0.0642,243.95,0.0194,39414.0
9402.0,larry14,TikTok,82456.0,6.0,0.0834,230.6,0.0398,32737.0
9403.0,julie27,Instagram,541848.0,2.0,0.0642,962.84,0.0332,35484.0
9404.0,joshua55,Facebook,882914.0,5.0,0.0986,469.53,0.0389,24496.0
9405.0,taylorcooper,TikTok,277836.0,1.0,0.0642,,0.044,45026.0
9406.0,brianna64,Facebook,677492.0,6.0,0.0856,965.17,0.0127,26595.0
9407.0,justin17,Instagram,364735.0,5.0,0.102,423.83,0.0274,14522.0
9408.0,xmartinez,LinkedIn,912273.0,,0.0856,599.73,0.0415,3773.0
9409.0,gonzalezjulie,Facebook,957753.0,2.0,0.0856,671.12,0.048,33923.0
9410.0,murphydebbie,TikTok,214716.0,7.0,,572.3,0.0332,38280.0
9411.0,wrightaudrey,Twitter,613425.0,1.0,0.0986,924.61,0.0237,14630.0
9412.0,smithdanielle,Twitter,571883.0,3.0,0.102,282.33,0.0329,33548.0
9413.0,,TikTok,498598.0,4.0,,575.94,0.0278,37951.0
9414.0,kenneth67,LinkedIn,590190.0,7.0,0.0834,952.28,0.0301,21914.0
9415.0,timothyrandall,,404013.0,5.0,0.102,666.13,0.035,45045.0
9416.0,keithseth,Instagram,200179.0,7.0,,181.4,0.0473,40461.0
9417.0,mike65,,722974.0,3.0,0.0856,68.52,0.0318,2494.0
9418.0,kenneth67,TikTok,397714.0,7.0,0.0834,614.04,0.0273,19910.0
9419.0,hernandezthomas,Facebook,140110.0,4.0,0.0834,376.23,0.0499,32011.0
9420.0,logan51,,347199.0,7.0,0.0986,816.11,0.0124,37046.0
9421.0,evanssteven,Instagram,927454.0,3.0,0.0834,84.87,0.04,
9422.0,jonathanjones,Facebook,69292.0,2.0,0.0834,681.35,0.0279,13872.0
9423.0,blackburnanthony,Facebook,270838.0,2.0,,,0.0391,8085.0
9424.0,grayrachel,Facebook,74929.0,1.0,0.0856,422.61,0.0452,13626.0
9425.0,christopher68,LinkedIn,946717.0,7.0,0.0642,181.53,,17210.0
9426.0,palmerjeffrey,Instagram,141013.0,1.0,0.0834,132.5,0.0133,46157.0
,sthompson,Facebook,652821.0,1.0,0.0856,974.35,0.0119,32502.0
9428.0,trobinson,LinkedIn,516773.0,3.0,0.102,971.23,0.0406,31991.0
9429.0,gonzaleslauren,LinkedIn,585821.0,1.0,0.0986,,0.0424,26084.0
9430.0,,LinkedIn,15778.0,2.0,0.0986,474.46,0.0266,35238.0
9431.0,cody18,Facebook,498834.0,6.0,0.0834,206.84,0.0329,25683.0
9432.0,gluna,Facebook,44079.0,7.0,0.0856,170.04,0.0483,27911.0
9433.0,morgancook,Instagram,389868.0,,0.0642,278.81,0.0411,20499.0
9434.0,,Instagram,626009.0,6.0,0.0856,678.02,0.0314,27888.0
9435.0,sbyrd,LinkedIn,803124.0,5.0,0.0856,633.93,0.0237,40250.0
9436.0,morganmelanie,TikTok,45115.0,5.0,0.0986,965.86,0.0439,27443.0
9437.0,larry14,Facebook,729189.0,4.0,0.0986,169.32,0.0437,15146.0
9438.0,jbrown,LinkedIn,718153.0,7.0,0.0856,390.34,0.0306,41806.0
9439.0,,Instagram,723456.0,1.0,0.0834,928.28,0.0164,16183.0
9440.0,coxbrenda,Twitter,530807.0,6.0,0.102,617.49,0.015,46337.0
9441.0,,Facebook,594685.0,4.0,0.0642,361.15,0.0457,24831.0
9442.0,robertsanders,Twitter,66601.0,6.0,0.0856,237.74,0.0273,33191.0
,laurendurham,TikTok,,1.0,0.0642,969.09,0.0321,46062.0
9444.0,dunndaniel,Twitter,163379.0,1.0,0.0986,,0.0328,25714.0
9445.0,michaelperez,LinkedIn,341723.0,,0.0986,68.93,0.0198,19860.0
9446.0,ohuber,Twitter,732495.0,6.0,0.0856,731.75,0.0274,1291.0
9447.0,xroberts,Facebook,285352.0,3.0,0.0986,123.52,0.0378,17159.0
9448.0,williamskyle,Twitter,983915.0,4.0,0.0834,541.86,0.0168,7240.0
9449.0,ptorres,,19429.0,7.0,0.0834,360.29,0.0365,15400.0
9450.0,alexis09,TikTok,,6.0,0.0856,177.92,0.0422,17899.0
9451.0,qramos,,843465.0,3.0,0.0986,640.55,0.0402,48482.0
,xshort,LinkedIn,5795.0,3.0,0.102,967.5,0.0227,34464.0
9453.0,jennifer98,TikTok,548345.0,2.0,0.102,505.51,0.0243,46735.0
9454.0,melissacordova,Instagram,333961.0,7.0,0.102,405.74,0.0175,30607.0
9455.0,lisa73,TikTok,597712.0,5.0,0.0642,630.47,0.0174,37694.0
9456.0,fwade,Facebook,463855.0,5.0,0.0856,800.44,0.0424,30046.0
9457.0,bbarber,Twitter,59362.0,5.0,0.0856,380.39,0.035,17300.0
9458.0,nicolereyes,Instagram,279414.0,2.0,0.0834,451.91,0.0125,36070.0
9459.0,daltonmichael,TikTok,,2.0,0.102,537.16,0.0143,34468.0
9460.0,alvarezdanielle,LinkedIn,465109.0,6.0,0.0856,603.07,0.0244,34666.0
9461.0,toddbryan,Instagram,477282.0,7.0,0.0986,,0.0283,41294.0
9462.0,corydavis,LinkedIn,611582.0,6.0,0.0986,214.78,0.0357,43578.0
9463.0,brian17,LinkedIn,710732.0,4.0,0.0642,451.91,0.0434,7774.0
9464.0,slambert,Twitter,558926.0,6.0,0.0834,898.66,0.0231,1201.0
9465.0,norma50,LinkedIn,758608.0,5.0,,926.97,0.0307,13096.0
9466.0,sophia02,LinkedIn,444307.0,6.0,0.0642,224.95,0.0107,31342.0
9467.0,kimberlymorales,Facebook,459670.0,3.0,0.0856,,0.0475,19608.0
9468.0,sierrajohnson,LinkedIn,579454.0,3.0,0.0834,905.83,0.0186,2009.0
9469.0,kimberlymorales,Twitter,504767.0,5.0,0.102,406.54,0.0454,8341.0
9470.0,qsmith,TikTok,377585.0,1.0,0.0856,687.61,0.04,46698.0
9471.0,hernandezthomas,TikTok,849166.0,3.0,0.102,139.18,0.0478,39097.0
9472.0,teresataylor,,758808.0,2.0,0.102,446.68,0.0283,33459.0
9473.0,mtaylor,Twitter,702041.0,7.0,,126.13,0.0191,46890.0
9474.0,xmacias,LinkedIn,322807.0,1.0,0.0986,880.42,,16800.0
9475.0,,TikTok,638994.0,3.0,0.0986,630.77,0.0496,40276.0
9476.0,douglasalice,Instagram,658521.0,7.0,0.102,224.95,0.0186,39757.0
9477.0,jennifer98,Twitter,776654.0,4.0,0.0642,250.31,0.0238,7546.0
9478.0,jeffreybennett,LinkedIn,400906.0,2.0,0.0856,154.35,0.05,18997.0
9479.0,danielanderson,Instagram,375844.0,3.0,0.102,943.64,0.02,19368.0
9480.0,,TikTok,553920.0,4.0,0.102,451.91,0.0315,43940.0
9481.0,silvaphillip,Instagram,301160.0,4.0,,146.95,,21597.0
9482.0,nponce,Twitter,507597.0,5.0,0.102,287.49,0.016,45058.0
9483.0,dnguyen,TikTok,477873.0,1.0,0.0834,,0.0213,46696.0
9484.0,manuel94,Instagram,40797.0,4.0,0.0986,276.36,0.0486,7838.0
9485.0,zpratt,LinkedIn,119725.0,6.0,0.0642,405.98,0.0311,45065.0
9486.0,alexandra71,Twitter,334536.0,6.0,0.0986,298.05,0.0225,30750.0
9487.0,olopez,TikTok,,5.0,0.102,638.08,0.0331,2391.0
9488.0,kathrynsingh,Instagram,861057.0,7.0,0.102,224.95,,18992.0
9489.0,mtaylor,Facebook,621014.0,7.0,0.0834,993.14,0.0492,11143.0
9490.0,ryan18,Instagram,864376.0,2.0,0.0856,625.62,0.0208,45233.0
9491.0,cooklinda,TikTok,512094.0,6.0,0.102,154.35,0.0411,37447.0
9492.0,carlosholt,Facebook,669368.0,7.0,0.102,428.98,0.0225,4921.0
9493.0,keith55,TikTok,433109.0,5.0,0.0642,582.66,0.0405,1337.0
9494.0,parsonsmichael,Twitter,778196.0,,,192.99,0.0432,6435.0
9495.0,ujones,LinkedIn,448267.0,6.0,0.0986,892.6,0.0214,46473.0
9496.0,molly66,,285392.0,1.0,0.102,454.63,0.0304,8953.0
9497.0,karenbarron,Instagram,233778.0,5.0,0.0986,651.18,0.0483,32869.0
9498.0,eric95,,8008.0,1.0,0.0986,224.07,0.0246,40959.0
9499.0,ggonzales,LinkedIn,625442.0,1.0,0.0856,371.62,0.0486,
9500.0,mfreeman,LinkedIn,953775.0,4.0,0.0834,126.13,0.0307,15977.0
9501.0,zbriggs,TikTok,348494.0,2.0,0.0986,682.99,0.0418,15935.0
9502.0,thomasjonathan,Twitter,82583.0,1.0,0.0834,474.87,0.0429,27671.0
9503.0,kstewart,Instagram,741751.0,7.0,0.0642,551.25,,
9504.0,andersonjuan,TikTok,735285.0,7.0,0.0856,905.43,0.0493,32288.0
9505.0,ugrant,LinkedIn,354220.0,1.0,0.0856,429.09,0.0402,4377.0
9506.0,kstewart,TikTok,545535.0,7.0,0.102,654.96,0.015,39158.0
,paulprice,TikTok,933513.0,5.0,0.0834,307.41,0.0105,32335.0
9508.0,michael30,TikTok,743025.0,,0.0986,655.03,0.0223,14920.0
9509.0,angelarose,LinkedIn,491824.0,5.0,0.0834,287.9,,14145.0
9510.0,taylornathan,Instagram,383938.0,2.0,0.0642,602.44,0.0249,4908.0
9511.0,tprice,Instagram,460453.0,2.0,0.102,357.45,0.0188,36029.0
9512.0,michaellopez,LinkedIn,697795.0,7.0,0.0986,277.01,0.0385,10613.0
9513.0,gary91,LinkedIn,182062.0,2.0,0.0856,,0.025,28484.0
9514.0,wcolon,Instagram,426731.0,,,537.16,0.0428,40373.0
9515.0,diazmisty,Facebook,534839.0,7.0,0.0642,966.84,0.0424,6914.0
9516.0,marquezedward,Facebook,814043.0,6.0,0.102,952.79,0.0353,6992.0
9517.0,martinjoseph,Facebook,795380.0,7.0,,973.44,0.0279,19977.0
9518.0,josephjordan,Facebook,964794.0,3.0,0.0986,892.8,0.0295,20783.0
9519.0,anthonyrobinson,,493027.0,6.0,0.102,944.87,0.0313,12102.0
9520.0,chaseronald,Instagram,,4.0,0.0834,595.24,0.0387,1109.0
9521.0,francojoseph,TikTok,522134.0,6.0,0.0642,816.11,0.0447,23369.0
9522.0,donaldthompson,Twitter,73553.0,3.0,0.0642,345.58,0.0247,29072.0
9523.0,westjustin,Twitter,979035.0,7.0,,551.17,0.0418,28462.0
9524.0,michael22,Facebook,214229.0,,0.0986,515.08,0.0353,8532.0
9525.0,cthompson,LinkedIn,641592.0,7.0,0.0834,,0.0435,28709.0
9526.0,christie73,Instagram,31154.0,3.0,0.0856,767.4,0.0274,3987.0
9527.0,paul43,Facebook,969725.0,6.0,0.0642,986.41,0.0419,15963.0
9528.0,anthonywilliams,LinkedIn,839461.0,1.0,0.0986,765.21,0.027,1585.0
9529.0,mjones,LinkedIn,882479.0,4.0,0.0856,396.53,0.0358,6200.0
9530.0,kelly58,TikTok,23438.0,6.0,0.0642,858.82,0.0379,24290.0
9531.0,fordrichard,Instagram,747934.0,4.0,0.102,510.95,0.016,16831.0
9532.0,ruth02,TikTok,824449.0,2.0,0.0834,478.69,0.0458,
9533.0,tgraham,Twitter,825918.0,4.0,0.0986,510.95,0.0376,19456.0
9534.0,sheila33,LinkedIn,370198.0,4.0,0.0642,661.37,0.0341,18822.0
9535.0,johnsonkelly,Facebook,977965.0,2.0,0.0642,798.0,0.0186,4649.0
9536.0,graymelinda,Instagram,601153.0,5.0,0.0642,881.85,0.0137,29463.0
9537.0,peggymunoz,Instagram,94436.0,4.0,0.0642,914.72,0.0276,1739.0
9538.0,marissa77,Facebook,202731.0,3.0,0.0856,124.95,0.0245,17192.0
9539.0,briannataylor,TikTok,958540.0,4.0,0.0856,801.28,0.0108,35100.0
9540.0,jason52,Twitter,358399.0,5.0,0.0642,428.02,0.035,2079.0
9541.0,michael61,Twitter,484160.0,7.0,0.0856,307.1,0.0163,12949.0
9542.0,hobrien,TikTok,668119.0,6.0,0.0834,798.96,0.0227,10315.0
9543.0,elizabethelliott,Facebook,,6.0,0.0986,528.64,0.0109,19948.0
9544.0,michaeldavis,Instagram,138932.0,2.0,0.0986,974.35,0.0397,18425.0
9545.0,vrussell,Instagram,486267.0,5.0,,973.57,0.0317,41470.0
9546.0,mary05,LinkedIn,428930.0,7.0,0.0856,224.07,0.0273,48700.0
9547.0,tammyhowell,,891952.0,4.0,0.0856,153.92,,36408.0
9548.0,jesse39,LinkedIn,144031.0,5.0,0.0834,307.41,0.0488,27298.0
9549.0,johnsonkelly,Instagram,145807.0,4.0,0.102,,0.0389,41722.0
9550.0,pittmanfrank,Instagram,672709.0,4.0,0.102,451.91,0.012,43572.0
9551.0,tlawson,,513218.0,7.0,0.0856,753.13,0.0167,46472.0
9552.0,qreyes,LinkedIn,476950.0,4.0,0.0986,926.97,0.048,6342.0
9553.0,blakebell,TikTok,241957.0,,0.0986,143.55,0.0337,38382.0
9554.0,aflores,,158317.0,4.0,0.102,539.03,0.0206,1449.0
9555.0,ladams,Twitter,781124.0,1.0,0.0856,715.11,0.0163,7767.0
9556.0,andre58,TikTok,955498.0,5.0,0.0834,126.59,0.0468,8000.0
9557.0,barbarabranch,Instagram,763697.0,4.0,0.0986,336.2,0.0261,44790.0
9558.0,tmcdaniel,LinkedIn,633484.0,4.0,0.0856,298.95,0.0168,40110.0
9559.0,tommy65,TikTok,25387.0,3.0,0.0834,491.99,0.0205,21309.0
9560.0,lori07,Facebook,510909.0,3.0,0.102,459.37,0.0295,7201.0
9561.0,micheleshaw,LinkedIn,166925.0,7.0,0.0834,938.98,0.0123,7437.0
9562.0,patty20,Instagram,740106.0,2.0,0.0834,384.1,0.0391,35489.0
9563.0,jay23,Facebook,786577.0,3.0,0.0642,160.86,0.0187,7456.0
9564.0,jessica26,TikTok,520509.0,2.0,0.0834,612.95,0.0321,25731.0
9565.0,tiffany85,LinkedIn,638399.0,5.0,0.102,864.15,0.0302,49248.0
9566.0,belinda51,LinkedIn,702221.0,1.0,0.0834,683.21,0.0486,33267.0
9567.0,ryanchambers,Facebook,115534.0,1.0,0.0986,493.64,0.0311,32726.0
9568.0,nlewis,TikTok,737986.0,4.0,0.0986,406.54,0.023,16659.0
9569.0,eric65,Twitter,3819.0,3.0,0.0834,681.35,0.0193,1426.0
9570.0,marcoporter,Facebook,115834.0,4.0,0.0834,955.8,0.0285,33874.0
9571.0,marissa77,Facebook,,5.0,0.0986,173.91,0.0108,14182.0
9572.0,nbutler,LinkedIn,538153.0,3.0,0.102,100.35,0.0306,1278.0
9573.0,muellerolivia,Twitter,323122.0,4.0,0.102,283.03,0.0277,48076.0
9574.0,tyler94,Twitter,70548.0,2.0,0.0642,166.55,0.0478,43338.0
9575.0,ashleycooper,TikTok,981973.0,4.0,0.0856,500.37,0.0338,9336.0
9576.0,henry84,Facebook,321362.0,4.0,0.0986,81.94,0.0409,45240.0
9577.0,nathaniel06,Instagram,106145.0,6.0,0.0834,681.75,0.0499,25765.0
9578.0,kimryan,Twitter,133557.0,5.0,0.0834,596.41,0.04,4078.0
9579.0,brenda85,LinkedIn,92112.0,5.0,0.0642,612.29,0.0299,
9580.0,matthew17,Facebook,480284.0,1.0,0.102,526.82,,40588.0
9581.0,gclark,Facebook,929097.0,7.0,0.102,640.57,0.0483,25455.0
9582.0,,Facebook,285335.0,5.0,0.0834,512.18,0.0174,20182.0
9583.0,russellmelissa,Instagram,940560.0,5.0,0.0834,582.88,0.0115,29884.0
9584.0,dmiller,LinkedIn,437283.0,2.0,0.102,537.42,0.0226,12310.0
9585.0,ewilliams,Facebook,115775.0,2.0,0.102,429.01,0.0455,39700.0
9586.0,cassandramiles,Facebook,113979.0,7.0,0.0642,769.94,0.0145,17841.0
,dannylee,Facebook,19568.0,7.0,0.0642,454.84,0.0115,17675.0
,jefferygarcia,TikTok,795805.0,6.0,0.0856,,,46441.0
9589.0,mnolan,,840707.0,5.0,0.102,61.62,0.0497,34920.0
9590.0,tonyarobertson,Instagram,700178.0,1.0,0.102,791.91,,27061.0
9591.0,vgriffith,Facebook,505852.0,3.0,0.0986,181.53,0.0373,17469.0
9592.0,mariapatel,LinkedIn,673449.0,3.0,0.102,868.53,0.038,34850.0
9593.0,matthew17,TikTok,798274.0,6.0,0.102,775.97,0.0187,23529.0
9594.0,chavezjason,Facebook,37475.0,2.0,0.0986,640.55,0.0178,11662.0
9595.0,,Facebook,669345.0,5.0,0.0856,420.51,0.0122,32245.0
9596.0,andersonnina,Facebook,328433.0,3.0,0.0642,485.02,0.0124,36606.0
9597.0,cynthia04,Twitter,762488.0,6.0,0.0856,317.31,0.0328,26361.0
,mcurtis,TikTok,133665.0,6.0,0.102,238.51,0.0225,39094.0
9599.0,yangpamela,Twitter,62164.0,4.0,0.0856,349.32,,27014.0
9600.0,imorton,Twitter,,1.0,0.102,885.8,0.0278,12936.0
9601.0,nicolereyes,Twitter,47502.0,5.0,0.0986,913.39,0.016,
9602.0,reneecontreras,Twitter,110204.0,5.0,0.0834,521.24,0.0442,37615.0
,snyderryan,Twitter,14356.0,5.0,0.0986,497.57,,27104.0
9604.0,zjones,TikTok,445526.0,,0.0856,799.04,0.0164,
9605.0,tmarquez,Instagram,509008.0,2.0,0.0834,423.83,0.0426,28199.0
9606.0,garciasarah,Instagram,790297.0,1.0,0.0642,323.15,0.0159,26691.0
9607.0,friley,TikTok,900072.0,7.0,0.102,942.87,0.0213,17452.0
9608.0,matthew70,Facebook,646760.0,3.0,0.0834,521.24,0.0304,15137.0
9609.0,jjones,TikTok,397133.0,6.0,0.0834,907.05,0.0196,33139.0
9610.0,dylansmith,Instagram,942206.0,3.0,0.0986,794.46,0.0494,27460.0
9611.0,besparza,Facebook,31828.0,6.0,,948.58,0.0458,46743.0
9612.0,kgraves,Twitter,315652.0,2.0,0.0834,827.63,0.0494,9005.0
9613.0,dennismichael,Facebook,421597.0,3.0,0.102,692.69,0.016,10514.0
9614.0,garciasarah,Instagram,627728.0,2.0,,176.47,0.0483,27199.0
9615.0,virginia09,Facebook,814805.0,3.0,0.0834,148.83,0.0381,33121.0
9616.0,,LinkedIn,987303.0,3.0,0.0642,879.58,0.0364,44042.0
9617.0,boothjacob,LinkedIn,714988.0,2.0,0.102,791.29,0.0232,5041.0
9618.0,llopez,LinkedIn,857713.0,2.0,0.102,217.72,0.0133,41068.0
9619.0,cscott,Twitter,302671.0,1.0,0.102,,0.0499,25823.0
9620.0,qperkins,Instagram,305618.0,1.0,0.0986,799.0,0.011,37131.0
9621.0,asantos,TikTok,247076.0,5.0,,872.77,0.0221,22229.0
9622.0,hernandezpatricia,TikTok,497463.0,1.0,0.0834,966.01,0.014,9868.0
9623.0,michaelperez,Facebook,7690.0,3.0,0.102,362.24,0.0478,37822.0
9624.0,pamelagonzalez,TikTok,602424.0,3.0,0.102,390.34,0.0272,24532.0
9625.0,vgriffith,Instagram,767213.0,2.0,0.0856,602.44,0.0206,42748.0
9626.0,kimberlymorales,Facebook,503797.0,4.0,0.0986,827.63,0.0417,12627.0
9627.0,nancy96,Twitter,336227.0,5.0,0.0834,920.89,0.0283,4419.0
9628.0,rebeccapatrick,Twitter,468932.0,6.0,0.0856,767.52,0.0328,38130.0
9629.0,tiffanyferrell,Facebook,222762.0,1.0,0.0856,278.81,0.0247,45349.0
,kimberlymorales,Facebook,751791.0,4.0,0.102,84.87,,18358.0
9631.0,teresa99,Twitter,675167.0,1.0,0.0642,667.05,0.0391,
9632.0,christianmiller,,754270.0,2.0,0.0834,989.55,0.0262,19867.0
9633.0,lopezsusan,Facebook,575361.0,1.0,0.0986,785.4,0.0102,5557.0
9634.0,emily58,Facebook,738369.0,5.0,0.0856,724.29,0.0283,40998.0
9635.0,jeffersonmason,LinkedIn,287108.0,4.0,,340.68,0.0309,36997.0
9636.0,kristinwilson,Instagram,510304.0,1.0,0.0856,494.5,0.0392,10328.0
9637.0,bettyray,LinkedIn,486633.0,,0.0834,890.31,0.0338,27733.0
9638.0,duranbrittany,Facebook,,6.0,,546.44,,1936.0
9639.0,baileykerry,TikTok,728095.0,7.0,0.0856,692.69,0.0315,44958.0
9640.0,ljensen,Instagram,827011.0,1.0,0.0986,126.13,0.0369,
9641.0,,,570567.0,5.0,0.0834,516.91,0.0268,39120.0
9642.0,jmcgee,TikTok,,1.0,0.0642,826.28,0.0225,34235.0
9643.0,bhamilton,,62560.0,1.0,0.0856,690.0,0.0365,34734.0
9644.0,feliciabrown,Twitter,44158.0,3.0,0.0986,909.29,0.0439,43700.0
9645.0,victoria05,TikTok,838050.0,5.0,0.0856,934.87,0.0274,11211.0
9646.0,grahamallison,TikTok,988548.0,5.0,0.0834,637.48,0.0221,14576.0
9647.0,lrusso,LinkedIn,540849.0,5.0,0.0856,630.97,0.0423,31656.0
9648.0,jennifer98,LinkedIn,387672.0,5.0,0.0834,753.13,0.0427,30283.0
9649.0,robert05,Instagram,973829.0,1.0,0.0986,234.79,0.0138,27834.0
9650.0,smurray,,538803.0,5.0,0.0986,537.42,0.032,9584.0
9651.0,dunndaniel,LinkedIn,98520.0,6.0,0.0986,787.03,0.0342,15819.0
,gracegay,LinkedIn,,1.0,0.102,780.56,0.0318,47171.0
9653.0,andrew53,LinkedIn,292729.0,,0.0986,307.41,0.0209,46722.0
9654.0,susanbrown,Facebook,855934.0,5.0,0.0856,482.45,0.0285,23189.0
9655.0,robertmorris,Facebook,798581.0,4.0,0.102,238.51,0.0159,47652.0
9656.0,trobinson,TikTok,,5.0,0.0856,526.82,0.0163,13171.0
9657.0,eedwards,Facebook,950305.0,6.0,,287.49,0.0341,24358.0
9658.0,sarah18,Twitter,298448.0,3.0,0.0986,473.76,0.0119,35006.0
9659.0,hrobinson,LinkedIn,650489.0,4.0,0.0642,123.52,0.0133,38543.0
9660.0,zacharyhill,Twitter,187756.0,6.0,0.102,146.95,0.0326,47758.0
9661.0,voconnor,LinkedIn,808093.0,7.0,0.0856,640.57,,3964.0
9662.0,nbutler,Instagram,144741.0,1.0,0.0834,276.36,0.0262,18711.0
9663.0,valdezjessica,LinkedIn,793631.0,1.0,0.102,754.87,0.0278,16578.0
9664.0,patricia15,Facebook,123338.0,2.0,0.0642,893.56,0.0229,16451.0
9665.0,crosslaura,Instagram,666672.0,1.0,0.0986,391.97,0.0319,19749.0
9666.0,leonardkatherine,TikTok,,7.0,0.0986,846.43,0.0247,26308.0
9667.0,stonecharles,,392603.0,2.0,0.0986,,0.0107,4817.0
9668.0,adamjohnson,,606605.0,4.0,0.0986,816.11,0.0189,47067.0
9669.0,toddkenneth,TikTok,415473.0,1.0,0.0856,897.3,0.0303,19539.0
9670.0,leahcarter,Twitter,301385.0,5.0,0.0834,865.43,0.0263,
9671.0,pjones,,622643.0,7.0,0.0986,386.33,0.0494,31951.0
9672.0,francessullivan,TikTok,501944.0,2.0,0.102,625.62,0.0245,17148.0
9673.0,,Twitter,17644.0,3.0,0.102,570.51,0.0154,38112.0
9674.0,jay23,LinkedIn,874945.0,3.0,0.0856,717.59,0.0175,
9675.0,emily77,Facebook,117925.0,2.0,0.0834,77.54,0.0234,34144.0
9676.0,caitlin54,TikTok,352310.0,4.0,0.0642,,0.0196,5900.0
9677.0,hawkinskelly,Instagram,787731.0,7.0,,82.92,0.0174,49136.0
9678.0,thomaschristian,LinkedIn,215912.0,6.0,0.0642,353.04,,47562.0
,edwardthomas,Twitter,611062.0,5.0,0.0986,612.29,0.0299,26222.0
9680.0,,Facebook,845084.0,3.0,0.0642,798.27,0.0357,48714.0
9681.0,clarkdavid,Instagram,,6.0,0.0856,540.64,0.0365,38089.0
9682.0,twagner,Facebook,350858.0,4.0,0.0986,516.91,0.0313,19934.0
9683.0,brenda00,Facebook,896836.0,,0.0642,390.54,0.0258,7283.0
9684.0,michael61,Facebook,439719.0,,0.102,152.4,0.032,45227.0
9685.0,sriley,Twitter,999442.0,3.0,0.0834,206.84,0.0225,12783.0
9686.0,qlopez,Twitter,703634.0,3.0,0.0856,389.68,0.0274,11858.0
9687.0,cboyd,LinkedIn,854523.0,1.0,,138.75,0.041,13912.0
9688.0,ihernandez,LinkedIn,287715.0,7.0,0.0856,148.83,,14620.0
9689.0,thayes,Instagram,844519.0,6.0,0.0986,444.48,0.0433,6246.0
9690.0,,LinkedIn,428515.0,3.0,,61.62,0.0433,10051.0
9691.0,kristinlynch,Facebook,588211.0,6.0,0.102,791.91,0.032,44514.0
9692.0,laura55,Instagram,580773.0,,,584.95,0.0105,29665.0
9693.0,carrolljames,TikTok,579888.0,5.0,0.102,52.48,0.035,8473.0
9694.0,mark69,Facebook,216419.0,4.0,0.0856,595.24,0.0287,
9695.0,tylerwilliams,TikTok,139797.0,5.0,0.0986,822.81,0.038,36817.0
9696.0,keycarol,Instagram,222287.0,3.0,0.102,384.1,0.0222,34782.0
9697.0,angelarose,LinkedIn,349827.0,6.0,0.0856,406.54,0.0283,20512.0
9698.0,lbaldwin,LinkedIn,283821.0,,0.0834,683.43,0.0122,48046.0
9699.0,stephen63,Twitter,943990.0,5.0,0.0642,612.95,0.0279,8581.0
,yangpamela,Instagram,,4.0,0.102,206.84,0.0133,38092.0
9701.0,ellenmitchell,LinkedIn,802984.0,2.0,0.0834,190.5,0.0262,5667.0
9702.0,qhood,Facebook,39115.0,1.0,0.0642,913.44,0.0174,7488.0
9703.0,hevans,LinkedIn,763193.0,4.0,0.102,972.33,,40394.0
9704.0,davismichael,Twitter,131605.0,1.0,0.0834,257.56,0.0145,23442.0
9705.0,hannah30,Twitter,629541.0,5.0,0.102,269.91,0.0486,38201.0
,gclark,Facebook,690956.0,4.0,0.102,105.12,0.0205,31253.0
9707.0,morrisonheidi,Facebook,243454.0,3.0,0.102,737.59,0.0204,27501.0
9708.0,sharris,Instagram,899469.0,1.0,0.0642,721.69,0.0419,37927.0
9709.0,hawkinskelly,TikTok,368646.0,1.0,0.0834,713.93,0.016,41543.0
9710.0,yhahn,Twitter,764475.0,7.0,0.102,156.13,0.0226,31684.0
9711.0,matthewcampos,LinkedIn,372111.0,4.0,0.0986,96.71,0.0279,37659.0
9712.0,pbarrett,Facebook,359285.0,3.0,,960.27,0.0499,35349.0
9713.0,francessullivan,Twitter,205083.0,3.0,0.0986,875.2,0.0358,28707.0
9714.0,tracistephens,LinkedIn,150188.0,7.0,0.0834,214.78,0.0299,3513.0
9715.0,jason52,Twitter,22281.0,5.0,0.102,936.37,,34782.0
9716.0,hamiltonjessica,Twitter,421498.0,7.0,0.102,174.81,0.0137,21883.0
9717.0,michael65,Instagram,925629.0,7.0,0.0834,491.99,0.0429,23901.0
9718.0,kaitlynvalentine,TikTok,926824.0,7.0,0.0986,111.24,0.0402,29707.0
9719.0,ashley37,TikTok,727380.0,2.0,0.102,505.61,0.0385,46325.0
9720.0,dannylee,Instagram,294384.0,5.0,0.0856,209.6,0.0344,30848.0
9721.0,,,277322.0,2.0,0.102,500.73,0.0439,15709.0
9722.0,,Instagram,321678.0,4.0,0.0986,111.24,0.0409,25945.0
9723.0,rwilliams,Twitter,464574.0,2.0,0.0834,198.72,0.029,
9724.0,bradleyfox,TikTok,122376.0,4.0,0.0834,975.52,0.0205,41571.0
9725.0,canderson,TikTok,611152.0,7.0,0.0834,164.09,0.0168,41808.0
9726.0,gene05,Instagram,236967.0,7.0,0.0856,902.41,0.0192,44470.0
9727.0,tmarquez,Instagram,14958.0,2.0,0.0642,604.48,,13146.0
9728.0,jbrown,Facebook,970286.0,1.0,0.0834,,0.0297,38717.0
9729.0,armstrongjuan,Instagram,974777.0,5.0,0.0856,869.07,0.0274,43539.0
9730.0,sparksshane,Twitter,896896.0,6.0,0.0856,970.21,0.0424,27026.0
9731.0,treynolds,LinkedIn,209851.0,3.0,0.0642,479.24,0.0219,42997.0
9732.0,lance30,Twitter,275731.0,6.0,0.0642,301.92,,21039.0
9733.0,ptorres,Facebook,680165.0,3.0,0.0986,730.24,0.0409,5498.0
9734.0,xmartinez,LinkedIn,586969.0,3.0,0.0986,557.76,0.0273,4931.0
9735.0,jefferygarcia,Facebook,189393.0,5.0,0.0856,541.86,0.0172,44183.0
9736.0,alisonrobertson,LinkedIn,500249.0,5.0,0.0642,693.78,0.0163,36920.0
9737.0,amandahenry,Twitter,544818.0,2.0,0.0986,966.47,,2585.0
9738.0,michaelchung,Twitter,737811.0,7.0,0.0642,829.47,0.0238,19488.0
9739.0,dgarza,LinkedIn,138593.0,4.0,0.0642,676.94,0.034,
9740.0,monroedavid,Facebook,680074.0,7.0,0.0834,522.77,0.0267,44129.0
9741.0,angelarose,Facebook,881096.0,3.0,0.0856,655.03,0.0474,43272.0
9742.0,jamie67,LinkedIn,152138.0,7.0,0.102,840.87,0.0225,10456.0
9743.0,mullinsalicia,LinkedIn,272837.0,6.0,0.0856,857.28,0.0395,20018.0
9744.0,ryanchambers,,971403.0,1.0,0.0834,602.27,0.0444,10910.0
9745.0,sierrajohnson,TikTok,359665.0,5.0,0.0834,174.81,0.0216,39986.0
9746.0,kaitlyn63,Instagram,214143.0,4.0,0.0986,602.23,0.018,36168.0
9747.0,mark69,Instagram,41533.0,4.0,0.102,553.49,0.0152,
9748.0,gabriellashort,LinkedIn,619495.0,6.0,0.0856,380.5,,
9749.0,stonecharles,TikTok,429571.0,6.0,0.0986,204.59,0.0178,
9750.0,jonathan26,LinkedIn,489502.0,5.0,0.102,452.91,0.0347,8714.0
9751.0,kgraves,TikTok,143537.0,,0.0642,224.14,0.0137,17867.0
9752.0,joshua55,Twitter,540099.0,4.0,,126.59,0.0274,45820.0
9753.0,ashleyzuniga,TikTok,326257.0,7.0,0.0986,897.3,0.0231,31405.0
9754.0,bethgrimes,Facebook,553421.0,,0.0856,152.61,0.0395,3405.0
9755.0,katieking,Twitter,655493.0,3.0,,186.45,0.0467,48913.0
9756.0,lrusso,Twitter,215671.0,1.0,0.102,997.04,0.0392,24329.0
9757.0,amberhanson,Twitter,934664.0,6.0,0.102,473.57,0.0478,
9758.0,nicolereyes,Facebook,175661.0,6.0,0.0834,77.54,0.0193,40129.0
9759.0,tiffanystevens,Twitter,415389.0,4.0,0.0856,948.68,0.0187,34139.0
9760.0,klee,TikTok,651615.0,3.0,0.0642,785.27,0.0189,43952.0
9761.0,lrusso,Instagram,581363.0,7.0,0.0834,279.7,0.0209,34231.0
,nwalsh,Twitter,698383.0,7.0,0.0834,132.5,0.0324,
9763.0,mikaylataylor,Twitter,581144.0,1.0,0.0986,192.45,,2343.0
9764.0,grobinson,Facebook,543601.0,6.0,0.0856,372.21,0.0448,12482.0
9765.0,smithmatthew,TikTok,19729.0,4.0,0.102,389.68,0.0371,9632.0
9766.0,nwalsh,Instagram,114442.0,1.0,0.102,555.7,0.0186,7404.0
9767.0,bakerchristina,Facebook,415231.0,6.0,0.0642,217.72,0.0128,3712.0
9768.0,francojoseph,TikTok,150710.0,3.0,0.0986,788.29,0.012,24348.0
9769.0,boothjacob,Facebook,842528.0,3.0,0.0986,76.36,0.0242,
9770.0,tyleralvarado,Instagram,96593.0,7.0,0.0642,152.61,0.0417,26077.0
9771.0,larryperez,TikTok,639973.0,5.0,0.0856,,0.0281,15252.0
9772.0,rodgerszachary,Instagram,722692.0,5.0,0.0642,542.96,0.0391,6819.0
9773.0,jstevens,TikTok,220098.0,6.0,,53.62,0.0131,16116.0
9774.0,melissacordova,TikTok,376864.0,6.0,0.0856,972.33,0.0297,15034.0
9775.0,,Twitter,687757.0,3.0,0.102,787.99,0.0342,34925.0
9776.0,gtorres,Instagram,300709.0,4.0,0.0856,372.21,0.0239,14952.0
9777.0,hunterjesus,Facebook,234575.0,3.0,0.0834,955.8,0.0481,46025.0
9778.0,wongyesenia,Instagram,724336.0,1.0,0.0986,931.61,0.0193,49001.0
9779.0,nicholas41,TikTok,821295.0,1.0,0.0986,430.4,0.0439,5095.0
9780.0,nblake,Twitter,612301.0,3.0,,160.86,0.0443,23358.0
9781.0,jennifercummings,TikTok,326597.0,6.0,0.0642,630.77,,31031.0
9782.0,qfisher,TikTok,669793.0,6.0,0.102,243.95,0.0412,48045.0
9783.0,mullinsalicia,TikTok,385420.0,7.0,0.0642,387.36,0.0283,21124.0
9784.0,aprilwilliams,Twitter,101389.0,5.0,0.0856,697.11,0.0394,47213.0
9785.0,courtneysanchez,LinkedIn,327881.0,2.0,0.0986,787.03,0.0221,46429.0
9786.0,justin99,Twitter,760777.0,6.0,0.0856,578.63,0.0332,36148.0
9787.0,tyler31,Twitter,19593.0,1.0,,867.57,0.02,21500.0
9788.0,lisa30,Instagram,550048.0,5.0,0.0834,104.47,0.0247,17259.0
9789.0,kennedykayla,TikTok,271479.0,7.0,0.0642,714.36,0.0301,29491.0
9790.0,bobbystrickland,TikTok,471722.0,,0.0986,557.76,0.0453,27079.0
9791.0,barneskimberly,Instagram,570782.0,7.0,,682.47,0.0205,35827.0
9792.0,kayla25,Facebook,553236.0,7.0,0.0856,533.08,0.0255,41796.0
9793.0,bobbystrickland,Instagram,852019.0,5.0,0.0856,94.05,0.0457,33823.0
9794.0,christopherknox,TikTok,612726.0,6.0,0.0834,250.43,0.024,46185.0
9795.0,,Facebook,613162.0,2.0,0.0834,,0.0398,20778.0
9796.0,matthewtaylor,LinkedIn,410002.0,2.0,0.0642,216.91,0.0328,18838.0
9797.0,connie46,TikTok,86533.0,5.0,0.0834,982.66,0.0245,10466.0
9798.0,hgonzalez,LinkedIn,,1.0,0.0986,217.73,0.016,22362.0
9799.0,alvarezdanielle,Instagram,302509.0,5.0,0.0834,724.29,0.0172,38376.0
,canderson,Instagram,358987.0,4.0,0.0986,,0.0145,34383.0
9801.0,andradewesley,LinkedIn,791349.0,5.0,0.0834,728.88,,
9802.0,,Facebook,672247.0,1.0,0.102,672.69,0.0287,16633.0
9803.0,travis06,TikTok,5072.0,2.0,0.102,947.76,0.0171,6131.0
9804.0,trobinson,Facebook,443917.0,3.0,0.102,522.77,0.0137,7702.0
9805.0,edwardschristina,Instagram,37332.0,4.0,0.102,840.87,0.0405,30227.0
9806.0,jconner,LinkedIn,569100.0,2.0,0.0856,966.84,0.0282,36341.0
9807.0,diazmisty,Instagram,709468.0,6.0,0.102,174.81,0.0115,4141.0
9808.0,,Twitter,82032.0,1.0,0.0834,215.04,0.0334,5101.0
9809.0,grobinson,Instagram,855823.0,6.0,0.102,,0.0111,23538.0
9810.0,cody87,Twitter,555554.0,6.0,0.0856,756.77,0.0197,5689.0
9811.0,adam63,Facebook,902290.0,1.0,0.0986,767.52,0.0331,48525.0
9812.0,tprice,Twitter,835728.0,2.0,0.0642,787.99,0.0331,29854.0
9813.0,valentinetammy,TikTok,302304.0,5.0,0.0834,553.49,0.0188,48095.0
9814.0,tracy84,Instagram,809207.0,1.0,0.102,,0.0447,14667.0
9815.0,bakerchristina,Instagram,619947.0,1.0,0.0642,796.42,0.0424,12028.0
9816.0,shermanjoshua,LinkedIn,246536.0,,0.0856,789.39,0.0492,12013.0
9817.0,bowenamanda,Twitter,554918.0,2.0,0.0834,616.12,0.0395,24982.0
,blakebell,TikTok,43797.0,6.0,0.0834,712.81,0.0413,34683.0
9819.0,bclark,Facebook,,3.0,0.0642,160.86,0.0182,20017.0
9820.0,benjamin31,TikTok,629099.0,3.0,0.0834,423.76,0.0272,32614.0
9821.0,qlopez,Instagram,219781.0,7.0,0.0642,395.62,,41484.0
9822.0,mckenzieadam,Facebook,646210.0,5.0,0.0834,703.39,0.044,45760.0
9823.0,ipreston,LinkedIn,48117.0,6.0,0.102,789.0,0.0429,11399.0
9824.0,anne79,TikTok,510490.0,5.0,0.102,100.35,0.019,46927.0
9825.0,mary48,LinkedIn,433284.0,6.0,0.0856,127.9,0.0348,23140.0
9826.0,molinaisaac,LinkedIn,,6.0,0.0986,264.48,0.043,7919.0
9827.0,nicholasnorton,LinkedIn,447913.0,5.0,0.0642,380.5,0.0106,22237.0
9828.0,juliepayne,Facebook,5143.0,1.0,0.0834,376.75,0.0283,26339.0
9829.0,kwright,LinkedIn,501008.0,7.0,0.0986,664.72,0.0143,22993.0
9830.0,stephen81,,208485.0,5.0,,307.1,0.0208,41802.0
9831.0,erodriguez,LinkedIn,682553.0,5.0,0.0834,124.95,0.04,1389.0
9832.0,stonecharles,LinkedIn,51977.0,5.0,0.0834,188.5,0.0493,22918.0
9833.0,ruizguy,,634082.0,1.0,0.0642,427.92,0.0349,22983.0
9834.0,gbowman,LinkedIn,210228.0,4.0,0.0642,190.5,0.0419,20374.0
9835.0,robinsonsandra,,857849.0,4.0,0.0642,136.78,0.0473,5373.0
9836.0,bradleyfox,LinkedIn,756886.0,5.0,0.0856,323.33,0.0221,
9837.0,eriknelson,Instagram,487529.0,3.0,0.0856,276.29,0.0193,39588.0
9838.0,calebramsey,LinkedIn,483350.0,1.0,0.0642,715.11,0.0344,11634.0
9839.0,carpenterpamela,Twitter,248302.0,1.0,0.0856,160.84,0.012,40385.0
9840.0,yweaver,Instagram,1837.0,4.0,0.102,208.07,0.0392,26879.0
9841.0,jbrown,Twitter,571098.0,6.0,0.0834,880.42,0.0324,15108.0
9842.0,jbonilla,Facebook,398857.0,3.0,0.0834,510.95,0.0367,15253.0
9843.0,michaelperez,,439570.0,6.0,0.0642,208.07,0.0492,41756.0
9844.0,erin92,TikTok,61865.0,5.0,0.0986,551.25,0.0477,39353.0
9845.0,morgancook,LinkedIn,349196.0,7.0,0.0856,785.47,0.0116,25714.0
9846.0,johnhawkins,Instagram,,3.0,0.0834,228.19,0.0437,25356.0
9847.0,vvega,Twitter,69745.0,6.0,0.0834,395.62,0.019,1393.0
9848.0,katherine30,LinkedIn,507577.0,,0.0642,423.76,0.0143,47466.0
9849.0,bberry,Facebook,935264.0,,0.0856,907.05,0.0447,6907.0
9850.0,medinanatalie,Twitter,655266.0,5.0,0.0834,492.15,0.0486,8745.0
9851.0,besparza,TikTok,783557.0,3.0,0.0834,891.71,0.0128,30112.0
9852.0,travis06,Instagram,131164.0,2.0,0.0642,864.63,0.0412,6908.0
9853.0,dannylee,TikTok,361011.0,4.0,0.0834,291.47,0.0145,18737.0
9854.0,romerojorge,Instagram,162159.0,1.0,0.0642,457.26,0.0259,23182.0
9855.0,xgarcia,TikTok,237900.0,1.0,0.0986,395.01,,43210.0
9856.0,sparker,Facebook,695651.0,5.0,0.0856,213.67,0.0481,13799.0
9857.0,billpage,LinkedIn,365438.0,1.0,0.0856,931.61,0.046,15439.0
9858.0,aryan,Instagram,159420.0,3.0,0.102,607.57,0.0152,27479.0
9859.0,plindsey,,740068.0,1.0,0.0856,987.85,0.0484,39221.0
9860.0,gmeyer,Facebook,837447.0,7.0,0.0642,257.67,0.023,19901.0
9861.0,ctorres,LinkedIn,79305.0,7.0,0.0834,244.23,0.0443,43388.0
9862.0,justin17,LinkedIn,615815.0,,0.0986,513.6,,4915.0
9863.0,michael40,Instagram,918762.0,2.0,0.0834,646.61,0.0365,12738.0
9864.0,norma50,Facebook,641465.0,1.0,0.102,849.11,0.0481,11634.0
9865.0,bprice,Twitter,363059.0,2.0,0.0642,387.96,,25743.0
9866.0,logan51,Instagram,339308.0,1.0,0.0986,797.64,0.0358,35997.0
9867.0,gregoryrodriguez,Facebook,808253.0,7.0,0.0642,973.44,0.018,46935.0
9868.0,owensnatalie,Instagram,445595.0,,0.0834,924.61,0.042,7084.0
9869.0,ryan99,Instagram,49148.0,1.0,0.0642,665.33,0.0318,8859.0
9870.0,,Instagram,937806.0,4.0,0.0642,982.29,0.0213,18205.0
9871.0,tlee,Instagram,513023.0,4.0,0.0834,892.6,0.0245,12790.0
9872.0,ysmith,Facebook,676144.0,7.0,0.102,528.64,0.0109,31014.0
9873.0,mary05,Twitter,537423.0,1.0,0.0834,362.24,0.0361,38536.0
9874.0,blackburnanthony,Instagram,867226.0,7.0,0.0856,721.34,0.0282,43315.0
9875.0,henry84,Instagram,72606.0,3.0,0.0986,993.52,,10521.0
9876.0,kjohns,Facebook,769753.0,7.0,0.0986,783.6,0.0498,19586.0
9877.0,ujones,Instagram,235612.0,4.0,0.0642,248.25,0.0338,14914.0
9878.0,patty20,Twitter,570959.0,7.0,0.102,507.99,0.0418,11119.0
9879.0,adamjohnson,,220287.0,1.0,0.102,218.95,0.0453,14030.0
9880.0,,Facebook,911583.0,7.0,0.0986,81.9,0.0175,41491.0
9881.0,gregory54,Instagram,763979.0,5.0,0.0986,285.16,0.0301,47169.0
9882.0,dnguyen,LinkedIn,318948.0,5.0,0.0986,715.37,0.0372,31007.0
9883.0,bethgrimes,Instagram,471102.0,5.0,0.0856,422.61,0.0188,17192.0
9884.0,chenjoseph,TikTok,563521.0,7.0,0.0642,508.6,,40157.0
9885.0,rshort,Facebook,312676.0,4.0,0.0834,277.4,0.0287,7214.0
9886.0,huberharold,Instagram,849033.0,6.0,0.0856,951.11,0.0483,24612.0
9887.0,tyleralvarado,TikTok,238033.0,4.0,0.102,558.4,0.0273,3278.0
9888.0,taylornewman,TikTok,888263.0,5.0,0.0642,695.81,0.024,11387.0
9889.0,gregoryrodriguez,Facebook,869313.0,4.0,0.0986,775.97,,34125.0
9890.0,angela07,Instagram,484368.0,7.0,0.0986,,0.0118,23411.0
9891.0,shawnallen,Twitter,837114.0,4.0,0.0856,,0.0432,39939.0
9892.0,jameskennedy,Instagram,298615.0,5.0,0.0642,53.62,0.0133,38709.0
9893.0,tyler31,Facebook,917956.0,5.0,0.0834,,0.0463,17329.0
9894.0,garciasarah,Twitter,473261.0,,0.0834,130.29,0.0189,6008.0
9895.0,ojohnson,TikTok,713348.0,5.0,0.0642,894.32,0.0278,45026.0
9896.0,fmolina,TikTok,770865.0,1.0,0.0856,817.67,0.035,44601.0
9897.0,ian14,Facebook,463361.0,4.0,,146.95,0.0351,11005.0
9898.0,fwalker,Instagram,97760.0,5.0,0.0856,279.7,0.0133,25726.0
9899.0,twagner,Twitter,241796.0,2.0,0.0856,933.25,0.0237,23207.0
9900.0,gbowman,Instagram,833058.0,2.0,0.0834,376.11,0.0266,38063.0
9901.0,johnsonkelly,TikTok,884180.0,7.0,0.0642,216.01,0.0217,34689.0
9902.0,andersonjuan,LinkedIn,663959.0,,,670.27,0.044,4589.0
9903.0,tmarquez,Instagram,754008.0,7.0,0.0856,800.15,0.0439,38660.0
9904.0,qreyes,Instagram,932106.0,1.0,0.102,,0.0443,39790.0
9905.0,valdezjessica,Facebook,855080.0,1.0,0.0986,780.39,0.0284,39255.0
,kevin83,LinkedIn,334606.0,5.0,0.102,385.8,0.0292,46537.0
9907.0,cooklinda,Twitter,424730.0,7.0,0.0834,748.78,0.0347,
9908.0,elaine15,Instagram,698715.0,7.0,0.0986,362.91,0.0216,39418.0
9909.0,mikaylataylor,Twitter,508797.0,7.0,0.0642,907.05,0.0225,44883.0
,perezbobby,Twitter,419181.0,1.0,0.0834,587.97,0.0128,20571.0
9911.0,tammy73,Twitter,908753.0,6.0,0.0642,,0.0239,38958.0
9912.0,ptorres,Instagram,409476.0,1.0,0.0856,651.68,0.0401,14548.0
9913.0,mcdonaldnancy,Twitter,836609.0,7.0,0.102,413.32,0.0416,40715.0
9914.0,combsstephanie,LinkedIn,,2.0,0.0642,98.2,,41799.0
9915.0,parkerluke,Instagram,773584.0,3.0,0.0834,95.36,0.0264,19881.0
9916.0,aramos,Facebook,505453.0,5.0,0.0834,110.12,,36057.0
9917.0,fordrichard,LinkedIn,630540.0,7.0,0.0856,965.17,0.0478,14763.0
9918.0,julianfisher,,123746.0,7.0,0.0986,553.49,0.0152,22872.0
9919.0,stephen81,TikTok,415785.0,4.0,0.0642,989.88,0.0299,
9920.0,mcculloughedward,Twitter,647383.0,,0.0856,974.35,0.043,35485.0
9921.0,calhounrenee,Instagram,197612.0,5.0,0.102,755.58,0.0278,28071.0
9922.0,mary48,TikTok,818703.0,5.0,0.0986,433.83,0.0266,25363.0
9923.0,kristy65,Twitter,42034.0,1.0,0.0856,719.2,0.0317,13656.0
9924.0,anne79,Facebook,509842.0,2.0,0.102,733.6,0.0272,36417.0
9925.0,morrisonheidi,Instagram,678560.0,4.0,0.0642,143.89,0.0118,7163.0
9926.0,michaelgonzales,Facebook,860714.0,2.0,0.0986,948.68,0.0354,5784.0
9927.0,nturner,Twitter,325489.0,1.0,0.0642,985.34,0.0244,33388.0
,,TikTok,204364.0,3.0,0.0642,473.76,0.0375,39393.0
9929.0,ipreston,TikTok,413875.0,5.0,0.0986,630.77,0.0182,15259.0
9930.0,lrusso,TikTok,830364.0,3.0,,548.5,0.0226,23675.0
9931.0,michael16,Instagram,825842.0,3.0,0.102,608.81,0.0153,28613.0
9932.0,michael55,Facebook,373541.0,5.0,0.0834,561.63,0.028,36334.0
9933.0,mcdonaldnancy,Instagram,417561.0,2.0,0.0856,420.51,0.0362,31955.0
9934.0,canderson,Facebook,587203.0,1.0,0.0834,842.79,0.0381,10281.0
9935.0,lrodgers,Twitter,906635.0,2.0,0.0834,907.05,0.0132,22846.0
,parsonsashley,Facebook,453887.0,2.0,0.0856,275.71,0.0451,21203.0
9937.0,wjohnson,TikTok,901545.0,,0.0642,117.15,0.0245,8098.0
9938.0,matthewtaylor,Facebook,926982.0,2.0,0.102,405.74,0.0302,
9939.0,cookjames,TikTok,373437.0,5.0,0.0834,,0.0148,49842.0
9940.0,nponce,Instagram,593328.0,1.0,0.0642,446.68,0.032,15305.0
9941.0,kevinblack,TikTok,138223.0,6.0,0.102,114.01,0.0387,40821.0
9942.0,ptorres,TikTok,42642.0,6.0,0.0834,,0.0226,19344.0
9943.0,jaimeedwards,Twitter,821243.0,6.0,,132.5,0.0447,39343.0
9944.0,mcdonaldnancy,Facebook,624060.0,6.0,0.0834,816.11,0.0226,24370.0
9945.0,joe98,Twitter,228902.0,1.0,0.0856,428.02,,15989.0
9946.0,bethholt,Instagram,500779.0,6.0,0.0986,960.27,0.0272,39354.0
9947.0,wrightnorman,TikTok,739279.0,7.0,0.0856,70.66,0.0143,12268.0
9948.0,hlong,Twitter,990817.0,4.0,0.0642,822.36,0.021,31445.0
9949.0,edwardthomas,TikTok,936348.0,6.0,0.0856,492.15,0.0138,9953.0
9950.0,christopherknox,Facebook,362949.0,6.0,0.0834,98.99,0.0385,10560.0
9951.0,xmartinez,TikTok,931676.0,4.0,0.0856,596.52,0.0293,2048.0
9952.0,westjustin,Facebook,474096.0,5.0,0.0834,826.95,0.0219,
9953.0,,Facebook,129518.0,3.0,0.102,215.04,0.0222,
9954.0,xmacias,LinkedIn,312080.0,3.0,0.0856,973.44,0.0164,33775.0
9955.0,stephen81,Instagram,34105.0,5.0,0.0986,860.13,0.019,18016.0
9956.0,mary48,Twitter,27201.0,3.0,0.0856,683.21,0.0397,34296.0
9957.0,vgriffith,Instagram,398902.0,5.0,,215.08,0.0439,22744.0
9958.0,melendezpamela,Instagram,983071.0,4.0,0.0986,800.44,0.0325,38091.0
9959.0,davidsmith,LinkedIn,919288.0,1.0,0.0834,561.63,0.043,14895.0
9960.0,joe98,Facebook,776753.0,5.0,0.0834,,0.0379,2672.0
9961.0,smithdanielle,TikTok,885402.0,7.0,0.0986,136.15,0.0166,2942.0
9962.0,wcolon,TikTok,43739.0,5.0,0.0642,573.91,0.0262,16122.0
9963.0,martinerica,Twitter,372548.0,1.0,0.0856,331.37,,1150.0
9964.0,johnsonjeffrey,Twitter,548958.0,3.0,0.102,984.35,0.0213,31153.0
9965.0,matthew40,Facebook,196066.0,7.0,0.0642,121.82,0.0347,27156.0
9966.0,nelsonalfred,Instagram,695558.0,5.0,0.0856,,0.0111,46070.0
9967.0,hlong,Instagram,616940.0,4.0,0.0986,694.21,,44755.0
9968.0,jason52,Instagram,718216.0,2.0,0.0642,775.97,0.0411,12615.0
9969.0,wstevens,TikTok,770567.0,5.0,,141.99,0.0326,37094.0
9970.0,browndouglas,Instagram,479176.0,6.0,0.0986,762.66,0.0398,37180.0
9971.0,robinsonsandra,Instagram,430370.0,2.0,0.102,194.55,0.0293,31007.0
9972.0,sheila33,Twitter,,6.0,0.0642,742.79,0.0207,10296.0
9973.0,belinda51,Instagram,684836.0,3.0,0.0834,799.0,0.0332,8933.0
9974.0,,,,5.0,0.0834,194.55,0.0477,27249.0
9975.0,ihernandez,Twitter,292919.0,2.0,0.0834,,0.0283,29015.0
9976.0,,Facebook,731364.0,6.0,0.0856,536.5,0.0136,
9977.0,lisa14,Facebook,853878.0,1.0,0.0856,457.26,0.0209,5156.0
9978.0,stacey77,TikTok,37877.0,4.0,0.0834,,0.0477,19679.0
9979.0,jasonmiller,Twitter,348697.0,4.0,0.0986,485.02,0.0335,48413.0
9980.0,mary32,TikTok,351542.0,5.0,0.102,275.71,0.0432,47052.0
9981.0,tyler94,Instagram,62608.0,7.0,0.0834,62.71,0.0379,6044.0
9982.0,blakebell,Facebook,414117.0,,0.0856,789.0,0.0196,5991.0
9983.0,uflowers,LinkedIn,936528.0,3.0,0.0834,538.1,0.0272,14929.0
9984.0,ijohnson,TikTok,452359.0,1.0,0.0642,194.99,0.0363,19868.0
9985.0,kgraves,Twitter,934661.0,4.0,0.0834,743.52,0.029,22175.0
9986.0,fwalker,Facebook,368633.0,5.0,0.0642,128.61,0.0283,
9987.0,,TikTok,114596.0,3.0,0.0642,76.36,0.0258,17466.0
9988.0,emily36,Instagram,990572.0,7.0,0.0986,849.97,0.0358,23351.0
9989.0,jeffreymyers,Facebook,247920.0,6.0,0.0856,120.74,0.0107,
9990.0,kathleenmason,Facebook,463272.0,6.0,0.0856,389.68,,45406.0
9991.0,matthew70,LinkedIn,374645.0,2.0,0.0642,548.5,0.0443,45913.0
9992.0,cookjames,TikTok,945492.0,3.0,0.0834,68.52,0.0269,29707.0
9993.0,ybrock,LinkedIn,799274.0,4.0,0.0642,834.49,0.0227,31208.0
9994.0,christianamy,TikTok,801934.0,2.0,0.0856,787.03,0.0137,37865.0
9995.0,samantha64,LinkedIn,385575.0,5.0,0.102,344.14,0.0245,34832.0
9996.0,sbyrd,TikTok,,6.0,0.0642,362.91,0.0108,45091.0
9997.0,jacksongerald,TikTok,150775.0,1.0,0.0642,,0.0262,33084.0
9998.0,eryan,Twitter,427451.0,5.0,0.0834,432.65,0.0402,12484.0
9999.0,barbara57,LinkedIn,132884.0,4.0,0.0986,892.99,0.0329,35766.0
10000.0,nbutler,Facebook,,,0.0642,878.87,0.042,13012.0
1.0,harrislisa,TikTok,54217.0,3.0,0.0986,,0.049,1308.0
2.0,rhicks,LinkedIn,987518.0,5.0,0.0834,479.24,0.0174,13302.0
3.0,qthomas,Facebook,218870.0,3.0,0.102,150.36,0.0318,11043.0
4.0,carlosholt,Instagram,207432.0,6.0,0.0834,932.62,0.04,12074.0
5.0,parsonsashley,Facebook,350204.0,2.0,0.0642,504.44,0.0463,14083.0
6.0,nicole57,Facebook,547069.0,6.0,0.0834,804.4,0.0182,26129.0
7.0,tammy32,Twitter,267622.0,7.0,0.0856,884.06,0.0196,1461.0
8.0,stephaniehouse,TikTok,870279.0,2.0,0.0642,376.75,0.0105,12523.0
9.0,andrewgregory,TikTok,40872.0,1.0,0.0834,352.48,0.0278,29048.0
,amanda20,Facebook,591103.0,2.0,0.102,907.34,0.0443,
11.0,qhood,TikTok,511595.0,1.0,0.0642,610.44,0.0116,45067.0
12.0,tprice,TikTok,827728.0,6.0,0.0642,858.82,0.0342,29938.0
13.0,robertpalmer,Instagram,637204.0,4.0,0.0642,924.61,0.0143,38384.0
14.0,gilbertdavid,Twitter,866806.0,2.0,0.0642,757.24,0.0423,37502.0
15.0,gsharp,Twitter,148081.0,3.0,0.0856,98.99,0.0118,25808.0
16.0,katieking,Facebook,618549.0,3.0,0.0834,887.03,0.0249,7280.0
